1	Bhanupriya	SRGMPS	SPMGRS
1	Bhoga Chintamani	SRPMPDNS	SDPMGRGRS
1	Dhoka	SGPDNS	SNDPGS
1	Dhowlika	SRGMPNDS	SNDMGRS
1	Gaganambari	SGRGMPDNDS	SNDPMGRS
1	Gowthami	SRGPDNS	SNDPGRS
1	Hemangi	SRGMDNS	SNDMGRS
1	Indrapriya	SGMDNS	SNDMGS
1	Kanakambari	SRGMPDS	SNDPMGRS
1	Kamalini	SRGMPNS	SNPMGRS
1	Khatgapriya	SGRGMPDPNS	SDPDMGRS
1	Kantarakapani	SGMPNS	SNPMGS
1	Kolangasha	SRGMPDS	SRMPDS
1	Latantapriya	SRMPDS	SDPMRS
1	Lavangi	SRMDS	SDMRS
1	Mandakini	SRGMNS	SNMGRS
1	Malayamarutham	SRGPDNS	SNDPGRS
1	Manya	SGMPDNS	SNDPMGS
1	Mega	SRMPNDPS	SNDPMRS
1	Mukthambari	SRGMPNS	SNDMGRS
1	Mohanamallaru	SRGMDNDS	SDNDPMGRS
1	Oushadeesa Priya	SRGDNS	SNDGRS
1	Ourya Sripriya	SRPDNS	SNDPRS
1	Ratnapurna	SRGMPDNS	SNDMGRMGS
1	Ranganayaki	SRGPDS	SDPGRS
1	Rasagucha	SRGPNS	SNPGRS
1	Rishabavilas	SRMPDS	SDPMRMRS
1	Saravasri	SMPS	SPMS
1	Tapollasini	SMRGMPDNS	SDPGRS
1	T atillatika	SRMPDS	SDPMRS
1	Tripureeswari	SRGMDNS	SNDPMDMGRS
1	Vagheeswari	SRGMPDS	SDPMPGRS
1	Vamalochana	SRMPNS	SNPMRS
1	Vattambari	SRGMPNS	SNDMGRS
2	Anandanatani	SRGMPNS	SNPMGRS
2	Bairagi Bairav	SRMPNS	SNPMRS
2	Bhoopala Chintamani	SRGMPDNS	SDNDPMRS
2	Ghanta	SRGMPDNPN	SNDPMGRSN
2	Ghantaravan	SRSGMPNS	SNDPMGRS
2	Gowrigandhari	SMRGMPDNDS	SNDPMGRS
2	Jayasindhu	SRGMPS	SPNDMGRS
2	Jeevaranjani	SRGMPDNS	SDPMGRS
2	Kalyana Vahini	SRGMDNS	SNDMGRS
2	Kamini	SRGPDNS	SNDPGRS
2	Kanavahini	SRGMDNS	SNDPMGS
2	Kumbini	SRGDNS	SNDGRS
2	Madhukari	SMGMPDN	PMGRSN
2	Maraladhvani	SGMPDNS	SNDPMGS
2	Muthiradharini	SRGMNS	SNMGRS
2	Nadaswarupi	SRMPDNS	SDNDPM
2	Niharadri	SGPDNS	SNDPGS
2	Panchalika	SGMPNS	SNPMGS
2	Penadhyuthi	SRMPDNS	SNDPMGRS
2	Pushpavasantham	SGMPDNS	SNDMGRS
2	Rasavali	SRMPDNS	SDPMGRS
2	Rathnavari	SRMPNDS	SNPMRGRS
2	Revathi	SRMPNS	SNPMRS
2	Rishabhangi	SRMPDNS	SNDPMGRS
2	Sarvakala Manjari	SRGPDNS	SNDMGRS
2	Srimani	SRGPDS	SNDPGRS
2	Srimati	SRGPDS	SNDPMGRS
2	Swayamvara	SGMDNS	SNDMGS
2	Suddha Nepala	SRGMPDS	SNDMGRGS
2	Ukavani	SRGMDNS	SNDMGRS
2	Vasantha Bhoopalam	SRGPDNS	SNDPMDMGRS
2	Vasantha Manohari	SRGMDNS	SNDMGRS
2	Visaradha	SRMPNS	SNPMRS
3	Bhavajapriya	SGMPDNS	SNDPMGS
3	Bherikarnika	SRMPDNDS	SNDPMGRS
3	Bhinna Panchamam	SRMDNS	SNDPMGRS
3	Bhujangi	SRGMNS	SNMGRS
3	Chandhanagandhi	SRGPDNS	SNDPGRS
3	Chayagowla	SRGRMPDNS	SDNPMGRS
3	Chayavela	SRGRMPDNS	SNDPMGRS
3	Ganalalitha	SGMPDNS	SNDPMGRS
3	Ganasamavarali	SRMPDNS	SNDPMGRS
3	Girikarnika	SRMPDNS	SNDPMGRS
3	Kumarapriya	SRGDNS	SNDGRS
3	Kurandalochani	SRGMPNS	SNPMGRS
3	Lalitha thodi	SRGMPS	SNDPMGRS
3	Madhuranjani	SRGPDNS	SNDPMGRS
3	Mangala Gowri	SMPDNS	SNPDMGRS
3	Maathuranjani	SRGPDNS	SNDPMGRS
3	Nadhalalitha	SRGMPDNS	SDPMGRS
3	Namavarali	SRMPDNS	SNDPMGRS
3	Purva Varali	SRMPDS	SNDPMGRS
3	Saranga lalitha	SRGMRMPNS	SNDPMRS
3	Sri Binnapanchamam	SGMPDNS	SNDPMGRS
3	Suka Ranjani	SRGPDNSDS	SNDPMGRS
3	Suratimallaru	SRMPNS	SNDPMGRS
3	Swyrini	SGMDNS	SNDMGS
3	Thavi	SGPDNS	SNDPGS
3	Varavarnini	SMRGMPS	SMRGMPS
4	Bhuvaneswari	SRGMPDS	SDPMGRS
4	Chitrarupi	SRGMDS	SDMGRS
4	Gnanadhayaki	SRGDNS	SNDGRS
4	Himavaluka	SGMPDS	SDPMGS
4	Indusheethala	SRGMPDNDS	SDNPMGRS
4	Kayajapriya	SRGPDNS	SNDPGRS
4	Leelaranjani	SMRGMPS	SNDPMGRS
4	Mandamari	SRMPNS	SNDPMGRS
4	Oshadhi	SRGMDNS	SNDMGRS
4	Pratheethi	SGMPDNS	SNDPMGS
4	Sugathri	SMPDNS	SDPMGRS
4	Swethambari	SRGMPMDNS	SNPMGRS
4	Thamasvini	SRGPDS	SDPGRS
4	Trimurthi	SMDS	SDMS
4	Varithae	SGPDNS	SNDPGS
4	Vanamali	SRGPDNS	SNPMRS
4	Vanali	SRMPDNS	SDPMRS
4	Vallika	SRGPNS	SNPGRS
4	Vitapi	SRMPDS	SDPMRS
5	Abhimanini	SRGMDNS	SNDMGRS
5	Bhoopala Manohari	SGMPDNS	SNDPMGS
5	Chitramani	SRMPDNS	SNDPMGRS
5	Ghanashyamalangi	SGMPDNPSS	SNDPMGRS
5	Jothsnapriya	SRGDNS	SNDGRS
5	Kaumathi	SRGPDNS	SDPGRS
5	Meenalochani	SRGMPDNPS	SNDMGRS
5	Rasavarali	SRGMPDNDS	SNDPMGRS
5	Saaghu	SGPDNS	SNDPGS
5	Saarika	SRGPNS	SNPGRS
5	Sravanthi	SGMDNS	SNDMGS
6	Bhinna Nishadam	SRGMDS	SDMGRS
6	Chayanarayani	SPMPDNS	SNDNPMGRS
6	Desyanarayani	SRGMPNS	SNDNPMRS
6	Desyasurati	SMRGMPDN	PMGRSNS
6	Easwari	SRGMPDS	SDPMGRS
6	Gnanaswarupini	SRGPDS	SDPGRS
6	Gowlamalavi	SRGMPDNPNS	SPDNPMGRS
6	Kamalapathi	SGPDNS	SNDPGS
6	Karunipriya	SRGDNS	SNDGRS
6	Kashmira	SRGPDNS	SNDPGRS
6	Mahila	SGMPDNS	SNDPMGS
6	Nadarupi	SRGMDNS	SNDMGRS
6	Sahyaja	SGMPDS	SDPMGS
6	Sindhumalavi	SRGMPDNPNS	SNPMRS
6	Srimalavi	SRGMPNDNPS	SPMGRS
6	Srungarini	SRGMPS	SNDPMGRS
6	Sringaramani	SRGMPNS	SNDPMGRS
6	Tharunipriya	SRGDNS	SNDGRS
6	Thilakaprakasini	SRGMPDNS	SNPMGRS
6	Vipuni	SGMDNS	SNDMGS
6	Vibhavari	SRMPDS	SDPMRS
7	Anguru	SGMDNS	SNDMGS
7	Anikini	SRGMDNS	SNDMGRS
7	Bhama Gaula	DSRGMPDN	DPMGRSNDP
7	Bhanu Gaula	DSRGMPDN	DPMGRSNDP
7	Bhoga Ranjani	SRGMPDS	SNDPMGRS
7	Chinthamani	SRGMSMPDNS	SDNPMGRS
7	Chitthakarshini	SRGMDS	SDMGRS
7	Chirandi	SRGPDNS	SNDPGRS
7	Dheergika	SRGDNS	SNDGRS
7	Gowla Chandrika	SRMPDS	SNDPGRS
7	Hamsa Nandana	SRGMPS	SPMGRS
7	Hamsa Nandi	SRGMPS	SPMGRS
7	Isa Gowla	SMGMPDNS	SDPDMGRS
7	Karathoya	SRGMPNS	SNPMGRS
7	Kala Saveri	SRGMPDNS	SNDPMGRS
7	Malaya Jalaepini	SRGMNS	SNMGRS
7	Malini	SRGMPS	SNDMGRS
7	Margini	SRGMPS	SNDMGRS
7	Raja Ranjini	SRGPNS	SNPGRS
7	Saindava Gowla	SRGMPDNS	SNDMGMRS
7	Saindava Gowri	SRGMPDNS	SNDMGMRS
7	Senapathi	SRGMPNS	SNDPDMGRS
7	Shashi Manjari	SGMPDNS	SNDPGRS
7	Sindhu Gowri	SGRGMPS	SDPMGRS
7	Sindhu Mukhari	SGRGMPS	SDPMGRS
7	Swarna Malli	SGMPDNS	SNDPMGRS
7	Vasantha Gowla	SRGMPDNS	SNDPMGRS
7	Veetika	SGMPNS	SNPMGS
8	Adbhoda	SGMDNS	SNDMGS
8	Amritha Dhanyasi	SRGMPNS	SNPMGRS
8	Ambikai Priyan	SRGPDNS	SNDMGRS
8	Ananda Guhan	SRGPDS	SNDPMGRS
8	Asaveri Thodi	SRMPDNS	SNDPMGRS
8	Bhadra Todi	SRGMDS	SNDPGS
8	Bhanu Chandrika	SMDNS	SNDMGS
8	Bharathi	SRGMPDNS	SNPMGRS
8	Bhaskaran	SRGPNS	SNPGRS
8	Bhishmavali	SGRGMDPNDS	SNDGRS
8	Chandrika Thodi	SGMPDS	SDPMGS
8	Chandra Gandharam	SRGMS	SDMGRS
8	Chandra Kantha	SRGMPDNS	SPDNDP
8	Chandrika Gowla	SRGMPDS	SDPMRS
8	Chaya Bauli	SRGMSPMDNS	SNPDMGRS
8	Desiya Bangala	SRGMPDNS	SDPMGRS
8	Desiya Thodi	SGMPDNS	SNDPGMRS
8	Dhanyasi	SGMPNS	SNDPMGRS
8	Dhavala Kesari	SRGMPDNS	SNPMGS
8	Dheera Varali	SGMDS	SNDPMGRS
8	Dhivyamavathi	SGMPDNS	SNDPMGS
8	Gambhira Vasantha	SMGMRGM	PNDNPDNS
8	Gnanamani	SGMPDNS	SNDMGS
8	Gomurthikam	SRGMPNDS	SNDPMGRS
8	Himangi	SRGMPDNDS	SNPDMGRS
8	Hindolam	SGMDNS	SNDMGS
8	Hiranya Lalitha	SGRGMPNS	SDPMGRS
8	Indu Saranganata	SRGMPMDNS	SDPMGRS
8	Jana Thodi	SRGMPDNS	SNDPMGRS
8	[anya Thodi	SRGMDNS	SNDMGRS
8	Kalahamsa Gamini	SRGMPNS	SNPMGRS
8	Kanaka Mandana	SRGMPDNS	SDPMPGRS
8	Kashyapi	SRGPDNS	SNDPGRS
8	Khadga Dharini	SRPDNS	SNDPRS
8	Khadhyotha Priya	SRMDNS	SNDMRS
8	Khantha Dhanyasi	SGMPNS	SNDPNPMGRS
8	Kshanika	SGMPDS	SDPMGS
8	Kujhan	SGPNS	SNDPMGRS
8	Madhupathi	SGPDS	SDPGS
8	Makara Nandana Priya	SRMPDNS	SNPMGS
8	Maha Sukavathi	SRGMPNS	SNDMGS
8	Mala Kosh	NSGMDNS	SNDMGS
8	Malarone	SGMPDS	SNDPMGRS
8	Maudha Dhanyasi	SGMPNS	SNDPMPNPMG
8	Mrigakshi	SGMPNS	SRGMNS
8	Nadha Giri	SRGMPNS	SNPMGRS
8	Nadha Tali	SRGMNS	SNDPMGRS
8	Nagamandalam	SRGMNS	SRGMPNS
8	Navasuthika	SRGDNS	SNDGRS
8	Nisakaran	SRMPDS	SDPMRS
8	Parithi	SRMPNS	SNPMRS
8	Prabhu Priya	SGMPDS	SDPMGS
8	Punnaga Thodi	NDNSRGMPDN	DPMGRSNDNS
8	Punnaga Varali	NSRGMPDN	DPMGRSN
8	Raegupthi	SRGPDS	SDPGPGRS
8	Rajathavali	SRGMPDNS	SNDMGPRS
8	Rajachintamani	SRMPNS	SNDMGRS
8	Rambhavali	SRMPDS	SNPMGRMS
8	Rasa Prathapa	SRGMNS	SNDPMGRS
8	Ravana Priya	SRGMPDNS	SDPMGS
8	Rengathodi	SGMPDNS	SNDPMGRS
8	Rukmangi	SRGPNS	SNPGRS
8	Saka Tholarava	SRMPDS	SNDNPMGRS
8	Sampradaya Thodi	SRGMDNS	SNDMGRS
8	Sarathi Gowla	NSRGMPDNS	SNPMGRS
8	Shaka Mukhi	SRMGMDNS	SNDPMRMGS
8	Shardola rava	SRMPDS	SNDNPMGRS
8	Sivanandam	SRGMPDNS	SNPMRS
8	Sindhu Saveri	SRMPDS	SNPGS
8	Somurthika	SRGMPNDS	SNDPMGRS
8	Sowjanya	SRMDS	SDMRS
8	Suddha Maruva	SGMPDS	SDPMRGRS
8	Suddha Samantham	DSRMPD	DPMGRSDS
8	Suddha Seemanthi	SRGMPDS	SDPMGRS
8	Suddha Thodi	SRGMDNS	SNDMGRS
8	Sukra Vardhana	SRGMDNS	SNDNPDPM
8	Swarna Mallika	SGMPDNS	SNDPMGRS
8	Sravana Mallika	SGMPDNS	SNDPMGRS
8	Tharanga	SGPDNS	SNDPGS
8	Thodi	SRGMDNS	SNDMGRS
8	Vakkal	SRMPDNS	SNDPMRS
8	Vajrahasitha	SRGMPDNS	SNDPMRS
8	Vali Thodi	SRGMPDNS	SDPGRS
8	Vasantha Leelavati	SRMPNS	SNDMGRS
8	Vasantha Srimani	SGMPNS	SNDMGRS
8	Veeravarali	SRMDS	SNDPMGRS
9	Bhagesri Bahar	SRGMPNS	SNSNPMGRS
9	Bhargavi	SGMPDNS	SNDPMGS
9	Bhauman	SRMPDS	SNPMGS
9	Bhoga Varali	SRGMPNS	SNPMGRS
9	Bhinna Shadjam	SRGRPMPNS	SDPMGRS
9	Bhoopalam	SRGPDS	SDPGRS
9	Chandrika	SGMDNS	SNDMGS
9	Dakka	SRMGMPDNS	SDPMMGRGS
9	Deshyandhali	SRGMPNDS	SDPMGRS
9	Desika Rudri	SMRGMPNS	SNPDMGRS
9	Devi	SGMPDNS	SNDMGRS
9	Dhairya Mukhi	SRGMPDS	SNPMPRGRS
9	Dhowmya Raga	SRGMPDS	SNDPMGRS
9	Gaja Saari	SRGMPDNS	SPMGRS
9	Gaja Sri	SRGMPDNS	SPMGRS
9	Gnana Valli	SGPDS	SNPMGRS
9	Gnanayurthi	SGPNS	SNPGS
9	Kanakadri	SRGPDNS	SNDPGRS
9	Lalitha Srikanti	SRGMPDNS	SNDPMDMGRS
9	Lalitha Srikarni	SRGMPDNS	SNDPMDMGRS
9	Madhava Sri	SGRGMPNDS	SNDPMGRS
9	Marala Gamini	SRGMNS	SNMGRS
9	Marghavi	SGMPDNS	SNDPMGS
9	Naga Saka	SGRGPDPNS	SNDPMPGRS
9	Neela	SRGMDNS	SNDPMGRS
9	Nemy	SGMDNS	SNPMGRS
9	Purva Barasu	SMGMDNS	SNDPMGRS
9	Sanavi	SMPDNS	SNDPMS
9	Seetha Panchamam	SRGMPNS	SNDPMGRS
9	Seyyal	SRGMDS	SDMGRS
9	Shalmali	SRGPNS	SNPGRS
9	Silamban	SGPDNS	SNDPGS
9	Sindhu Chintamani	SRMGMDPDS	SDPMGRS
9	Siva Murthi	SGMPDNS	SNDPMGRS
9	Soma Raga	SRMGMDPDS	SDPMGMRGRS
9	Teeka	SRMGMPDNS	SNDPMGRGS
9	Tirumurthi Priya	SRGDNS	SNDGRS
9	Duni Binna Shadjam	SRGMPDNS	SNDPMGRS
9	Usanan	SRMPDS	SNDPMGRS
9	Vatsa	SRGMDNS	SNDMGRS
9	Yogagiri	SRGPDS	SNDPMGRS
9	Yogini	SRGPDS	SNDPMGRS
10	Aghora Priya	SRGMPDNS	SNDMGS
10	Alankara Priya	SRGMDNS	SNDMGRS
10	Amudha Valli	SGMDS	SNPMRS
10	Amsumali	SRMDS	SNPMGS
10	Bhagya Sabari	SRGMDNS	SNDMGRS
10	Bhuthanathan	SGPDS	SDPGS
10	Bhramara Vardhani	SRMPDNS	SNDPMGRS
10	Buddhan	SGPDNS	SNDPGS
10	Chitta Modhini	SRGMDS	SDMGRS
10	Gangalan	SGMPDNS	SNDPMGS
10	Gnana Bhodini	SRGDNS	SNDGRS
10	Gunavathi	SRMPDS	SDPMRS
10	Hindola Desika	SMRGMPDNS	SPNDMGRS
10	Idaikkan	SRGMPDNS	SDPMGRS
10	Indhra Dhanu	SRGMPDNS	SNDPMGS
10	Indhra Kalam	SRGMPDNS	SNDPMRS
10	Indhra Nilam	SRGMPDNS	SNDPMGRS
10	Kannada Saurashtram	SRMGMDPDNS	SNDPMGS
10	Kinnaresa Priya	SRGPDNS	SNDPGRS
10	Madhava Kalyan	SRGPDS	SNDPMGRS
10	Maghadhari	SGRMPDS	SNPGRS
10	Maghadhasri	SGRMPDS	SNPMRS
10	Magha Dhana	SGRMPDS	SNPMRS
10	Mangala Dhanyasi	SRGMPNS	SNDPGRS
10	Mathangagamini	SGMPDNS	SNDPMGS
10	Meghadha Sri	SGRMPDS	SNPGS
10	Muhurtha Dhanyasi	SGMPNS	SNDPMGRS
10	Moudha Dhanyasi	SGMPNS	SNPDMGRS
10	Naga Sugandi	SRMPNDS	SNDPMGRS
10	Nagamani	SRGMPDS	SDPMGRS
10	Natabharanam	SGMPNDNS	SNDNPMGRS
10	Nataka Thodi	SRGMPDNS	SDPMGRS
10	Natya Dharana	SRMPDS	SNDPMRS
10	Niranjini	SRGMPDS	SNDPMGRGS
10	Poorva Barasu	SMGMDNS	SNDPMGRS
10	Poorva Ramakriya	SRGMPNDNS	SNPDMGRS
10	Puranakam	SRGMDS	SDMGRS
10	Ragasugandhi	SRMPNDS	SNDPMGRS
10	Rasali	SRMPDNS	SDPMRS
10	Santva Bhasini	SGMPDS	SDPMGS
10	Saranga Bauli	SMGMPDNDS	SNDPMGRS
10	Siva Sakthi	SGMDS	SNDMGS
10	Sree Santha Bhashini	SRGMPDS	SNDMGRS
10	Sudheepaka	SRGMPDNS	SNDNDPMGRS
10	Sughandi	SRMPNDS	SNDPMGRS
10	Vasantha Kannada	SRGPDS	SGMPDS
10	Vijayanarayani	SRGMPDS	SNDPMGRS
10	Yoga Bhodini	SRGMDNS	SPMGRS
10	Yogavathi	SRGMDNS	SRGMDNS
11	Aimukham	SRGPDS	SNDPMGRS
11	Alla Gaathri	SGMDS	SNDMGRS
11	Arunambari	SGPS	SNPMGRS
11	Avikarai	SGPDS	SNPMS
11	Chathuranana Priya	SRGPDNS	SNDPGRS
11	Deeparam	SRGMPDNS	SNDNDPM
11	Isanan	SRGPDNS	SNDPMGRS
11	Kaumari	SRGMPDS	SNDPMGRS
11	Kokila Kamavardhani	SGMPMNDNS	SNPDMGS
11	Kokilaravam	SRGRMPDNS	SNDPMGRS
11	Manmagan	SGMPDNS	SNDPMGS
11	Maruva Desika	SGMPDPNS	SNDPMGRS
11	Mukha Priya	SRGMDNS	SNDMGRS
11	Nanbhan	SGMPDS	SNDPMRS
11	Nada Mukhari	SRGMPS	SNDPMGR
11	Naradha Mukhari	SRGMPDS	SNDPMGRS
11	Ooka Priya	SRGMDNS	SNDMGRS
11	Payasvini	SGMPDNS	SNDPMGS
11	Ratnamani	SRGMPDNS	SNDPGRS
11	Saradha	SGMPNS	SNDPMGRS
11	Saradha Bhairavi	SRGMPDNS	SNPGRS
11	Sindhu Kriya	SRGMPMDNS	SDPMGRS
11	Suddha Lalitha	SPMDNS	SNSDPMRS
11	Suddha Manjari	SGMPMDNS	SNPDMGRS
11	Thittipa Dhwani	SRGDNS	SNDGRS
11	Vardhini	SGMPDNS	SNPDPMGS
11	Vasantha Narayani	SRGMPS	SNDPMGRS
11	Vasanthi	SRGPNS	SNPGRS
12	Bhanu Kokila	SMPDNS	SDNPMGS
12	Bhindhu Herali	SRGRGMPDM	PDNS
12	Bhogavathi	SRGMDS	SDMGRS
12	Kapila	SRGPDNS	SNDPGRS
12	Kapriya Nayakam	SMPDNS	SDNPMGRS
12	Kshepini	SGMPDS	SDPMGS
12	Lavanyavathi	SRGMDNS	SNDMGRS
12	Madhava Priya	SGMPDNS	SNDPMGS
12	Nagaraja	SRGMPDS	SDPMGRS
12	Poorna Swaravali	SGMPDNS	SDNPMRGS
12	Pratapa Vasantham	SMRGMPNS	SNPMRS
12	Rekavati	SRGMPNDS	SDNDPMGRS
12	Rupavathi	SRMPPSS	SNDNPMGS
12	Sama Kurinji	SGPDNS	SNDNPMGRS
12	Shashanka Kirani	SRGPDS	SDPGRS
12	Shyam Kalyani	SMGMPDNS	SNPDNPMGRS
12	Soma Bhairavi	SRGMPS	SNPDNPMGRS
12	Thamasa Ranjani	SRGDNS	SNDGRS
12	Jaskavali	SMPDNS	SNDPMS
12	Jujahuli (Jujavali)	SMGMPDNS	SDNDPMGS
12	Kalakamadi	SRMPDNS	SNDPMRS
13	Bhujanga Chintamani	SPMPDNDS	SNDPMGRS
13	Danvi (Davvi)	SRGMNS	SNMGRS
13	Dauri	SRGMNS	SNMGRS
13	Dheeramathi	SRMPDS	SDMRGRS
13	Dheva Mukhari	SRMPDNS	SNDPMRS
13	Donga	SGPDNS	SNDPGS
13	Geetha Priya	SRGMPDNS	SDPMGRS
13	Geya Hejjejjee	SRMGMPDS	SNDPMGRS
13	Gomaatha	SGMDS	SDPMGS
13	Hamsa Natani	SGMPS	SPMGRS
13	Hamsa Varidhi	SRMPDS	SDPMRS
13	Kalkada	SRGPDNS	SNDPGRS
13	Kaltada	SRGPDNS	SNDPGRS
13	Kaliki	SRGMPDNS	SNDPMRS
13	Kalyana Kesari	SRGPDS	SDPMGRS
13	Kanaka	SGMDNS	SNDMGS
13	Karikadya	NSGMPDN	DPMGRSN
13	Keervani	SRGRMGM	DNPNS
13	Kesari	SRGMPDS	SNDPMGRS
13	Kunthala Kambhoji	SGMDNDS	SNDPMGS
13	Loka Priya	SRGMDNS	SNDMGRS
13	Marichaka	SGMPDNS	SNDPMGS
13	Maruva Kannada	SRMGMPNS	SNPMRGRS
13	Naga Samantham	SRPMPDS	SDPMRS
13	Naga Vahini	SRGPMDNS	SNDPMGRS
13	Navarasa Chandrika	SRGPMDS	SDPMGRS
13	Nama Narayani	SRMPDNS	SPDNPMRS
13	Pooja Bauli	SGMPDNS	SNDPMGRS
13	Rathna Bhoshani	SRGMPS	SPMGRS
13	Sallasini	SRGMPNS	SNPMGRS
13	Sama Narayani	SRMPDNS	SPDNPMRS
13	Sarva Mangala	SRGMPDNS	PNS
13	Sujaskavali	SMGMPDNS	SDNDPMGS
13	Sukhavani	SRGPNS	SNPGRS
13	Suravarali	SMPDNS	SNPDMS
13	Susavali	SGMPDNS	SNDMGS
13	Suvrutha	SRGMDS	SDMGRS
13	Tridasi Ranjani	SRGDNS	SNDGRS
14	Aanaka Dhundhubi	SRGPS	SNPMS
14	Ahiri	SRSGMPDNS	SNDPMGRS
14	Anandhan	SRGMPS	SNDPMGRS
14	Bhuvana Ranjani	SGMPDNS	SNDPMGS
14	Chamundi	SGMPDS	SDPMGS
14	Chandrasekara Priya	SRGPDNS	SNDPGRS
14	Chaitaka Ranjani	SGMPDS	SNDMGRS
14	Gana Sobhitham	SRGMDNDS	SDNPMGRS
14	Ghana Shyamala	SRGMDNDS	SDNPMGRS
14	Hamsa Kambhoji	SRGMDNS	SNDPMRS
14	Kalindaja	SRGMPNS	SRGMDS
14	Kamala Manohari	SGMPNS	SNDPMGS
14	Kuvalaya Bharanam	SRGMDNS	SNDMGRS
14	Kuzhagan	SRGMPNS	SNPMRS
14	Lalitha Panchamam	RSGMDNS	SNDPMGRS
14	Nandini	SRMPDNS	SNDPMRS
14	Nitala Prakasini	SMPDNS	SNPMRGS
14	Saikatha Ranjani	SGMPDS	SNDMGRS
14	Sallapam	SGMDNS	SNDMGS
14	Shamam	SRGPMDNS	SNDMGS
14	Sri Kalkada	SRGPDNS	SNDPGRS
14	Sri Kuvalaya Baranam	SRGMDNS	SNDMGRS
14	Sudalayadi	SGPDNS	SNDPGS
14	Sudha Kamboji	SGRMPNS	SNPMGRS
14	Syama Chintamani	SRMPDS	SNDPMGRS
14	Thaapa Raga	SGPDNS	SNDPGS
14	Thandavollasini	SRGPDNS	SNDPGRS
14	Thannavan	SGPNS	SNPGS
14	Thapanan	SRGMDS	SDMGRS
14	Thapasa Priya	SRGMNS	SNMGRS
14	Vasanthaka	SRMPNDS	SNDPMSMGRS
14	Vasantha Bhairavi	SRGMDNS	SNDMPMGRS
14	Vasantha Mukhari	SMGMPDNS	SNDPMGRS
14	Vijayollasini	SRGMPMDNS	SNDPMGRS
14	Vidasokan	SRMDNS	SNDMRS
14	Veeralan	SRGPDS	SNDPMGRS
15	Aandi Vannam	SRMPNS	SNDPGS
15	Aasa Manjari	SRGPDS	SNPMRS
15	Anamayan	SRGMDNS	SNDMGRS
15	Ardhrambari	SRGMPDNS	SNPMRS
15	Basamana	SRGMPDNS	SNDNPMRGMGS
15	Baulangi	SGRGMPDPS	SNDPMGRS
15	Bhama Mani	SMRGMDNS	SDPGRS
15	Bharma Kesari	SRGPDNS	SDNDMGRS
15	Bhindu Malini	SGRGMPNS	SNSDPGRS
15	Bhindu Herali	SRGRGMPD	NDMPDNS
15	Bhibhasu	SRGPDS	SRGPDNS
15	Bhoga Vasantham	SRGMPDS	SNMGRS
15	Bhalahamsa	SGPDNS	SNPRMGS
15	Brahma Leela	SRGMDNS	SNDPMGRS
15	Chamara Kriya	SRGDNS	SNDPRS
15	Chandrachooda	SGMPDS	SNDPMGS
15	Chandra Rekha	SRGPNDNS	SDPMGRS
15	Chandrika Gaula	SRMPDNS	SNDPMGS
15	Chandrika Dawali	SRMPDNS	SNDPMGS
15	Charuvardhani	SRMPDNS	SDPMGRS
15	Cheekamaram	SRGMPDN	NDPMGRSN
15	Chekarinika	SMGMPDNS	SNPMGRS
15	Chetagauri	SGMPDNS	SNDPMGS
15	Chitra Mandira	SRGMNS	SNDPMGRS
15	Dadha Kunda	SRGMNS	SRMGMNDNS
15	Devaranji	SMPDNS	SNDPMS
15	Desya Gaula	SRSPDNS	SNDPSRS
15	Desya Regupti	SRGRMPDNS	SDNDPMGS
15	Desya Revagupti	SRGRMPDNS	SDNDPMGS
15	Deekshanarathi	SRGMDNS	SNDPDMRS
15	Dhakshayani	SRPDNS	SNDPRS
15	Dharma Ranjani	SRMPNDS	SDMPMRGS
15	Dhavalangi	SRGMPDPS	SNDPMGRS
15	Divya Bauli	SRGPNS	SDPMGRS
15	Divya Manjula	SRGMPNDS	SDPMGRS
15	Ekaaneeka	SMGMPDNS	SNPMGRS
15	Ekakshari	SRGMPDNS	SNPMRGMRS
15	Ekaleela	SRGRMPN	DNPDS
15	Elakshari	SRGMPDNS	SNPMRGMS
15	Ganasabha	SRMDNPS	SNDNDPMGRS
15	Gamana Lalitha	SRSGMPDNDS	SDMGRS
15	Gana Swabhavam	SRMDNPS	SNDNDPMGRS
15	Gana Sakha	SRMDNPS	SDNDPMGRS
15	Gaula Revagupti	SRGPDS	SDPGRS
15	Gaula	SRGMRMPNS	SNPMGRS
15	Gauli Panthu	SRGRMPDPNS	SNDPMGRS
15	Gauri	SRMPDPNS	SNDPMGRS
15	Ghandara Bauli	SMGPDNS	SNDGRS
15	Ghandara Gaula	SMGPDNS	SNDPGRS
15	Ghana Sindhu	SMGMPDNDS	SNDPMGRS
15	Girija	SGMDNS	SNDMGRS
15	Gomukhi	GRSMPDNS	SNDPRGS
15	Gopika Kusumam	SRMDNS	SNDMRS
15	Gunasindhu	SRGPDNDS	SMGMPDNDS
15	Gundakriya	SRMPNS	SNPDPMGRS
15	Hamsa	SRGMPDNS	SRMPDS
15	Hamsa Manjari	SRGPDS	SNPMRS
15	Hasa Manjari	SRGPDS	SNPMRS
15	Hamsa Varithi	SRMPDS	SNDPMRS
15	Hiranya Kriya	SMGMDNS	SNDPMGMS
15	Indalam	SRGMPDNS	SNDPMGRS
15	Jagasu	RSGMPNS	SRGPDS
15	Janavarali	SGRGMDNDS	SNDPMGM
15	Jarapunjari	SRGMDNS	SNDPMRMGS
15	Jekarnika	SMGMPDNS	SNPMGRS
15	Jeenavarali	SGRGMDNDS	SNDPMGMRG
15	Jogi	SRMPDS	SDNDPMRMG
15	Kailayali	SRGPNS	SDPMGS
15	Kalindhi	SRGPDNS	SNDPGRS
15	Kannada Bangala	SGMGMDNDS	SDPMGRS
15	Karaga	SGPDNS	SNDPGS
15	Karnataka Saranga	SRGMGPNDM	SDMPMGRS
15	Kesa Bauli	SRGPDS	SNDPMGRS
15	Kesa Rangi	SRMGMDNS	SNDMGGRS
15	Krishnaveni	SRGMPNS	SNPMGRS
15	Kukutha	SRGPDNS	SNDPMGRS
15	Kunkumambari	SNDNSRGM	DPMGRSNDNS
15	Kokila Vardhani	SMGPDNS	SNDMGRS
15	Lalitha	SRSMDNS	SNDMGRS
15	Lalitha Kriya	SRGMPMDNS	SNDMGRS
15	Lalitha Gauri	SRGMPDNS	SDPGRS
15	Lalitha Priya	SRGMPMDNS	SNDMGRS
15	Latharlathika	SRGMPDS	SDPMRS
15	Lathathanvi	SGMGPDNS	SNMGRS
15	Leepthali	SRGMPDS	SNDPMGRS
15	Makarantha Priya	SRGDNS	SNDGRS
15	Malahari	SRMPDS	SDPMGRS
15	Malawagaula	SRGMPDNS	SNDPMGRS
15	Mallika Vasantham	SGMPNS	SNDPMGRS
15	Mangala Kaisika	SMGMPMDNS	SNDPMGRS
15	Manarupi	SRGMDNPNS	SNDMGS
15	Mandara Gaula	SRMGMPDPNS	SNDPMRMGS
15	Manolayam	SRMPDS	SNDPMRS
15	Maruva	SGMPDNDPS	SNDPMDMP
15	Maya Malavagaula	SRGMPDNS	SNDPMGRS
15	Maya Lalith	SRGRMNDNS	SRGRMDNS
15	Megha Ranji	SRGPDS	SRGPDNS
15	Meghavali	SRGMNS	SRMPDNS
15	Mithra Kirani	SRGMPDNS	GRGS
15	Mohana Kaisika	SRGMPDNS	SRMPDNS
15	Mohana Varithi	SRGPDNS	SNDPGRS
15	Mudhuvan	SGMPNS	SNDPMGRS
15	Nasavathi	SRGMNPS	SNDPMPGMS
15	Navarasa	SRGMNDNS	SNPMRS
15	Navabhasura	SRGPNS	SNDMGRMGS
15	Nepala Gaula	SRGMDNS	SNDMGRS
15	Nitila Prakasini	SMPDNS	SNPMRGS
15	Padmavali	SRGPDNS	SNDPGRS
15	Pahadi	SRMPNS	SNPDPMRS
15	Palika Vasantham	SRGMPDNS	SNDNPMPDN
15	Balika Vasantham	SRGMPDNS	SNDNPMGRS
15	Panchali	SRMPDNS	SNDPMRS
15	Panchama lalitha	SRGMPMDNS	SNDMGRS
15	Parasara	SRGRMPNDN	SNDGRS
15	Parasu	PDNS	SRGMPDNS
15	Prakara Ranjani	SGMPDNS	SRGPDNS
15	Prathapa Ranjani	SRGMPNS	SDNPMGRS
15	Puranirmai	SRGPDS	SNDPGRS
15	Purnamalavi	SRGPDNS	SDNPMGMRS
15	Purvi	SRGMPDS	SRGMPDNS
15	Purya	SRMPNS	SNDPMGMRS
15	Purva Karnika	SRGMPDNPS	SDPMGS
15	Raegupti	SRGPDS	SDPGRS
15	Ragamanohari	SRGMPDNS	SDNPMRGMRS
15	Raga Pradipika	SGRGMPDNS	SNDPMGMPGRS
15	Raja Pradipika	SGRGMPDNS	SNDPMGMPGRS
15	Rama Kali	SRGMGRGPDS	SNDPMGRS
15	Rama Kriya	SRGPDS	SGMPDNS
15	Rama Latitha	SGMPDNS	SRGMDNPS
15	Rama Leala	SNGMDNPS	SNDMPMGS
15	Ram Bhavali	SRGMPDNS	SNDNPDPM
15	Rasa Sindhu	SRMPNS	SNDPMGS
15	Rasa Bhaskara	SRMPNS	SNPDPMGRS
15	Reva Gupti	SRGPDS	SDPGRS
15	Rudrabhisheka	SGMPNS	SDMGRS
15	Rudra Desika	SRGMPDNS	SDPMSRS
15	Rudra Saveri	SMGMPDS	SNDPNDMGR
15	Rukmambari	SRGPNS	SNPGRS
15	Sahayukta	SRMGMDS	SNPMGRS
15	Salanganatta	SRSMPDS	SDPSNSDP
15	Saranga Nattai	SRMPDS	SNSDPMGRS
15	Santha Kesari	SRMPNS	SNDPMGS
15	Sarangagaula	SRGMPNS	SNPDNPMGMR
15	Sarasa Mangala	SGMNDS	SDPMGRS
15	Sasi Vadana	SRGMPMDNS	SNPMGS
15	Satyavathi	SGRGPDS	SNDNPDPGRS
15	Saveri	SRMPDS	SNDPMGRS
15	Sesha Prabatha	SRMPDS	SGMPDS
15	Sesha Vahini	SRGMPNS	SNMGRS
15	Simha Lalitha	SRGMDNS	SNDPMGRS
15	Simha Leela	SRGMDNS	SNDPMPMGRS
15	Simha Varali	SRMPDNS	SNDPMRGRS
15	Sindhu Tarangini	SRGMDNS	SNDPMGRS
15	Shadananapriya	SRMDNS	SNDMPMPGRS
15	Shashi Vadana	SRGMPMDNS	SNPMGS
15	Shouri Vilasitha	NDNSRGM	PMPDN
15	Smokambari	SRMPNDS	SDPMRGMRS
15	Sowrashtram	SRGMPDNS	SNDPMGMRS
15	Stuthi Priya	SGMPDS	SDPMGS
15	Suddha Malahari	SRGPMGS	SDPGRS
15	Suddha Gurjari	SGRGPNDS	SNDMGRS
15	Suddha Kriya	SRPMPDS	SDPMGRS
15	Sukra Prabha	SRGMPDNS	SNDNPMRGR
15	Syama Gaula	SRGMPDNS	SNDPMGS
15	Thala Ranjani	SRGMPDNS	SNDMDPMRGRS
15	Thara Bharanam	SRGMNDN	PDNS
15	Tharava	SGMDNS	SNDMGS
15	Thulikiya	SGSRGPDNS	SNDPGRS
15	Thriyambini	SGMDNS	SNDPMGRGS
15	Upendran	SGPNS	SNDMRGRS
15	Ushavali	SRMPDS	SNDMPMRS
15	Vagvaditya	SGMPNS	SNDPMGRS
15	Vagvilalitha	SRMPDS	SNPDPMRGRS
15	Vajrachudamani	SRGPDS	SNPDPMGRS
15	Vasantha	SGMDNS	SNDMGRS
15	Vasantha Priva	SRGMPDPNS	SNPMRS
15	Vasantha Ganthi	SRGMDS	SNDPMRS
15	Vasava Lalitha	SRMPDS	SNPDPMRGRS
15	Villi	SGMPS	SNDPMGRS
15	Veerasankashini	SGMRGMDND	MPDNS
15	Vinodhini	SRGMDNS	SNDMGRS
15	Visharadha	SRMPNS	SNPMRS
15	Vivo Ranjani	SRGRMPDNS	SNDMGS
15	Vuruga Manjari	SRGMPNS	SNDPMRGMRS
15	Vyazha Kurinji	SRGMPDNS	SNPMGMRS
15	Yogaleela	SRGRMPN	DNPDS
16	Abhayam	SRGMPDNS	SNDPMGRS
16	Bairavam	SRGMPDNS	SDPMMPMGRS
16	Bhaktapriya	SGMPDNS	SNDPMGMRS
16	Bhavya Leela	SGMDNS	SNDPMGS
16	Bhindu Kalanga	SRGMPDNS	SNPMGMRGRS
16	Bhoopalika	SGMPNS	SNDPMGS
16	Bhujagamani	SRMDNGPS	SNDPMGRS
16	Bhujagesvari	SRGMDNS	SNDPMGRS
16	Bhindu Kalinga	SRGMPDNS	SNPMGMRGS
16	Bhujangini	SRSMGMNDNS	SNDMGRS
16	Bhuvanamohini	SGMNDS	SNPDMGRS
16	Bramara Vardhini	SRMPDNS	SNDPMRS
16	Bhallathi	SRGMPDNS	SNPMRGMRS
16	Chandra Kirani	SGMPMDNS	SNDNPMGMRS
16	Chathurangini	SMGMPNS	SNDNPMGMRS
16	Chayavathi	SRGMDNS	SNDPMGRS
16	Chinmayee	SRGMPMDNS	SNDNPMGRS
16	Dhanapalini	SRGMPS	SNDPMDMGRS
16	Dhehiali	SRPDNS	SNDPRS
16	Gana Bhushani	SRGDNS	SNDMGRS
16	Ganitha Vinodhini	SGMPNS	SNDPMGRS
16	Ghoshini	SMGMPDNDS	SNDPMGMRS
16	Garudaadri	SRGMPDNS	SDPMGS
16	Greeshmavali	SRGMPS	SNDMGRS
16	Guha Priya	SRGMPPMDNS	SDNPMGSRS
16	Grutchi	SRMDNS	SNDMRS
16	Janarakshani	SRGPMDNS	SNDPMGD
16	Kadhambini	SRGMPDNS	SNDMRGMGS
16	Kalavathi	SRMPDS	SDPMGRS
16	Kamini Priya	SRGMDNS	SNMGRS
16	Kanchuki	SGPNS	SDPMGRS
16	Kanjari	SRMDS	SNPMGRS
16	Karnika Bhushani	SRGDNS	SNDMGRS
16	Kirudasi	SRMDNS	SNDMRS
16	Kokilam	SRGMDNS	SNDMGRS
16	Komala Vilasitha	SRGMDNS	SNDPMGS
16	Kujan	SGPNS	SNDPMGRS
16	Kujan Mohana	NSGRGMPDS	SNDPGRS
16	Kunjana Komalam	NSGRGMPDS	SNDPGRS
16	Kunthala	SRGMPDNS	SNDPMGRS
16	Kusumangi	SRSPNDS	SNDPMGRS
16	Kuvalayanandi	SRGMNDNPNS	SNDMGS
16	Madura Lapa	SRGMPNDNS	SNDPMGRS
16	Manasija Priya	SRGMPMDNS	SDNPMGRS
16	Manasika Gamini	SRGMNS	SNMGRS
16	Mukthangi	SRGPMPDNS	SDNPMGRS
16	Megatarangini	SMGMPNS	SDPMRGRS
16	Nabomargini	SGMPDNS	SDPMGRS
16	Nalika	SRGMDS	SDMGRS
16	Narayani	SRMPDNS	SNDPMRS
16	Natya Manohari	SGMPDNS	SNPMGS
16	Navagriha Mulika	SMRMPDRDS	SNDPMRDRS
16	Palladhi	SRGMPDNS	SNPMRGMRS
16	Poshini	SMGMPDNDS	SNDPMGMRS
16	Pravurthi	SGMPDNS	SNDPMGS
16	Purna Gandhari	PDNDSRGMPD	PMGRSNDNP
16	Purna Malini	SRGMNDN	PDNS
16	Purna Panchamam	PMSRSMPD	DPMGRSN
16	Rasakalanidhi	SPMDN	DPMGMRSN
16	Rasika Ranjani	SRGPS	SDPGRS
16	Rathnabharanam	SRMPDNS	SNPDPMRMGS
16	Rudra Panchami	SGMNDS	SNDMGRS
16	Ravi Kirani	SGMNDNS	SNDPMGRS
16	Santhaswarupi	SGRMPDN	SNDNPMRS
16	Sarala	SRPDNS	SNDPMS
16	Sarva Vahini	SRGMPNS	SNDPMGRS
16	Sasi Prakasini	SRGMPDNS	SNDPGRS
16	Sathyavathi	GPDS	SNDNPDPGRS
16	Sri Kaivalyam	SRMPDNS	SSDPMGRS
16	Sri Nabomargini	SGMPDNS	SDPMGRS
16	Sri Narayani	SRMPDNS	SNPMRS
16	Sri Vegavahini	SRGMDS	SNDPMGRS
16	Suddha Shyamala	SGPDNS	SNDPMGRS
16	Suposhini	SDNSRGMP	MGRSNDNS
16	Swarashtra	SRGMPDNS	SNDPMGRS
16	Syamala	SGPDNS	SNDPGRS
16	Syamali	SGMPDNS	SNDPGRS
16	Thekkali	SRGPDNS	SRPDNS
16	Thoya Vegavahini	SRGMPDN	SNDPMGRS
16	Urmila	SRGDNS	SRMDNS
16	Vasantha Leela	SRMPDNS	SNDPGRS
16	Vedambari	SRGRMGM	NDPNS
16	Veena Dhari	SRGPDNS	SNDPMGRS
16	Veeranatha	SRGMNS	SDPMRS
16	Viswanarayani	SRGMDNDS	SGMPDNS
17	Alivardhana	SRGMNS	SNDPMGRS
17	Ananta	RSMPDNS	SPMGRS
17	Avaari	SRSGMPDNS	SNDPMGRS
17	Avivardana	SRGMNS	SNDPMGRS
17	Bhadra Sri	SRGDNS	SNDGRS
17	Champakamali	SRGPDNS	SNDPGRS
17	Champaka Malika	SRGPDNS	SNDPGRS
17	Chandra Chuda	SGMPDNS	SNDPMGS
17	Divya Tarangini	SRGMDNS	SRGMDDDNS
17	Hari Dharba	SRGMPS	SRGMPDNS
17	Haritha Priya	SRMPDS	SDPMRS
17	Hayagathi	SGMPMDNS	SNDPMGMRS
17	Jaya Bharanam	SRGMPDNS	SDNPMRGMRS
17	Jaya Samavardhini	SGMPDNS	SNPMGRS
17	Jeevanthika	SRMPDNS	SNDPMRS
17	Jindu	SMMPMDS	SNDMPMGRS
17	Kalakanta Dhwani	SRGPDS	SNDMS
17	Kallola	SRMGMPDPN	DNS
17	Kamalasini	SRGMPNS	SDPMGS
17	Kanteeravam	SRGPDNS	SNDPMGRS
17	Karjam	SGMDNS	SNDPMGRS
17	Karya Chandrika	SGRGMPDPS	SNDMGRGS
17	Karnataka Bhoga	SRGMPDS	SNDPMRS
17	Kesaravali	SRMPDNS	SDPGRS
17	Kriya Viraman	SRGRMPNDS	SNDPMDMGRS
17	Kumara Priya	SRMDNS	SNDMGRS
17	Kusuma Marutha	SMPDNS	SNDPMGRGMS
17	Leena Mathi	SRMPDS	SNDPMGRS
17	Madana Rekha	SGMPNS	SNDPMS
17	Mahanandini	SMGMPDNS	SDNDPMGRS
17	Mandala Grihani	SRPDNS	SNDPRS
17	Mandana Kirapani	SRPDNS	SNDPRS
17	Mauna Suganthi	SGMPDS	SNDPMGRS
17	Mega Tarangini	SMGMPNS	SDPMRGRS
17	Mukha Shyamala	SGMDNS	SNDPMGS
17	Naga Chandrika	SGMPDNS	SNDPMGS
17	Naga Choodamani	SGMPDNS	SNDPMGS
17	Naga Malini	SRGMPDS	SDNDPMGMRS
17	Priya Virama	SRGRMPNDS	SNDPMDMGRS
17	Raga Chandrika	SRGMPDS	SDPMGRS
17	Rohini	SRGMMDNS	SNDMMGRS
17	Sahuli	SGMPNS	SNDPMGRS
17	Salva Mukhari	SRGMPDNS	SNDMRS
17	Sama Kannada	SRMGMPDNS	SNDPMRS
17	Samantha Mallaru	SGMPNS	SNPDMGRS
17	Saurashtrakam	SRGMDNS	SNDPMGRS
17	Sindhu	SMMPMPDS	SNDMGMRS
17	Senamani	SRGMPDS	SNDPMGRS
17	Somatarangini	SRSGMPMDNS	SNSDPMGMRS
17	Sri Kandeesan	SGPDNS	SNDPGS
17	Sri Supradeepam	SRMPDNS	SNDPMGRS
17	Suddha Gowla	SRMPNS	SNPMRS
17	Suddha Gandharva	SRGMPDNS	SDPMRS
17	Suddha Gantarava	SRGMPNDNS	SNPMGRS
17	Suma Tarangini	SRSGMPMDNS	SNSDPMGMRS
17	Supra Deepa	SRMPDNS	SNDPMGMRS
17	Supra Kethana	SRGPNS	SNDPGRS
17	Suryalalith	SRGMMDNS	SNDMMGRS
17	Surya Mani	SRMGMPDNS	SNDMGRS
17	Swarnambari	SRGMDNS	SNDMGRS
17	Syamala Srutha	SRMGMPDNS	SNDPMRS
17	Talamargini	SRGMPDPNS	SDPMRS
17	Tuniradharini	SRMDNS	SNDMRS
17	Vanajambari	SRMDNS	SNDMRS
17	Varnarupini	SRGPDS	SDPGRS
18	Bhanu Chudamani	SRGMPS	SNDNPMGRS
18	Bhoopala Tarangini	SRMPNS	SNDNPMGMRS
18	Chandrachuda Priya	SGMNDNS	SNPMRS
18	Chandra Priya	SRGMPDNS	SNDPNPMRS
18	Divya Gandharam	SMGRPDNS	SDNPMGSRS
18	Druvana Priya	SRPDNS	SNDPRS
18	Hitha Bhashini	SRGMPNDNS	SNPMGRS
18	Javanika	SRGPDNS	SNDPGRS
18	Jayasuddha Malavi	SRGMPNS	SNDNPMGRS
18	Kandarapriya	SRGMPDNS	SNDPNPMRS
18	Narasa	SRGMPNS	SRGMDS
18	Natchatramala	SRGDNS	SNDGRS
18	Simhela	SRGMPDNS	SNDNPMGRS
18	Suddha GandhariS R G R G M P D	PNDNS	SNDPMGRS
18	Suddha Kannada	SMPDNS	SNPMGS
18	Suddha Malavi	SGRGMPDNS	SNDPMGRS
18	Sundarasitha Priya	SGMPNDNS	SNPMRS
18	Thriyama	SRMDNS	SNDMRS
18	Varna Rupini	SRGPDS	SDPGRS
19	Adi Bairavi	SGRGMPDS	SDPMPGRS
19	Amrutharanjani	SRGMDNS	SDNDPMGRS
19	Bramara	SRGMDNS	SNDMGRS
19	Champaka Latha	SGMDNS	SNPMGRMRS
19	Champalatha	SGMDNS	SNDPMRS
19	Chaya Sindhu	SRMPDS	SDPMGRS
19	Desya Begada	SGRGMPDNS	SGMPS
19	Gana Priya	SRGMPS	SRGMDS
19	Haimavathi	SRMPNS	SNPMRS
19	Kalamika	SRGMPDNS	SNDPMSRS
19	Kankara Priya	SRGMPDNDS	SGRGMPDNS
19	Kankari	SRGMPDS	SDPMGRS
19	Kadambini	SRGPDNS	SNDPGRS
19	Kanchanangi	SRGMPNS	SNPMGRS
19	Neelaadri	SRGPNS	SNDPGRS
19	Nutha Bhashini	SRGMPDNDS	SDPMGRS
19	Prabha Tarangini	SMRGMPS	SNDPMGRS
19	Purna Salavi	SGMDNS	SNDPMRS
19	Rishaba Vilas	SRMPDS	SDPMRMRS
19	Shalmika	SRGMPDNS	SNDPMGSRS
19	Sindhu Salavi	SMPDNDS	SNDPMGRS
19	Sinjani	SRGPNS	SNPGRS
19	Thusaravarni	SRPDNS	SNDPRS
19	Tiraskarani	SRGDNS	SNDGRS
19	Tripataka	SRMDNS	SNDMRS
19	Venkataadri	SRMDS	SDMRS
20	Abheri	SGMPNS	SNDMGS
20	Adi Bhairavi	SGRGMPDS	SDPMPGRS
20	Agni Kopa	SGMPNS	SNPMGRS
20	Ahori	SRMGDS	SNDPMGRS
20	Amrutha Vahini	SRMPDNS	SNDMGRS
20	Ananda Bhairavi	SGMPDPSNDNS	SNDPMGRS
20	Ashtapada	SMPDNS	SNDPMS
20	Ashta Vadam	SMPDNS	SNDPMS
20	Bhagirathi	SRGDNS	SNDGRS
20	Bhairavi	SRGMPDNS	SNDPMGRS
20	Bhava Kesari	SRGDNS	SNDGRS
20	Bhoga Devakriya	SRGMNS	SDMGRS
20	Bhosala	SRPDNS	SDPMGR
20	Bhuvana Gandhari	SRMPNS	SNDPMGS
20	Brungi Vilasitha	SRMDNS	SDPMRS
20	Bruravi	SGRGMDNS	SNDPMGRS
20	Chakra Dhari	SRMGPDNS	SDPMGRS
20	Chakrodhari	SRMGMPDNS	SDPMGRS
20	Chalana Varali	SRGMDNDS	SDMGRS
20	Chandika	SRGMDNSD	SNDMGRS
20	Chapa Gantarava	SGMPN	DMGRSN
20	Chaya	SRGRMPNDNS	SNPNDPMGM
20	Chitra Varali	SRGRMPDNS	SNMGRS
20	Deena Dhyuthi	SRGMPNS	SNDPMGMRGS
20	Deerga Tarangini	SGMPDNS	SNDPMGMRGRS
20	Deva Kriya	SRGMNDN	PDMGRSN
20	Dhairyodhari	SGMPNS	SDPMRGRS
20	Dhanasri	NSGMPNS	SNDPMGRS
20	Dhana Pratapa	SRGMPDNDS	SDPMGRS
20	Dharbari Kanada	NSRGRSM	PDNS
20	Dharma Prakasini	SRMPNS	SDMGRS
20	Dharshika	SRMPNS	SNDPMRGRS
20	Dhavala Vahini	SRMPDNS	SNDPMGRS
20	Dhavalika Gaula	SRPDNS	SNDNPGMRS
20	Dheevika Mandini	SGRGMPDPS	SNDPMGRS
20	Dheva Gandhari	SGMPNS	SNDPDPMGRS
20	Dhivya Samanthini	SGRGMPDPS	SNDPMGRS
20	Dhivya Gandhari	SGMPDNS	SNPMGS
20	Dhorali	SGMPDNPS	SNDPMGRS
20	Dhyuthi Mala	SGRGMPNDNS	SNDNPMRS
20	Gaga Rajitha	SRMPNS	SNDMPDPGRS
20	Gambira Hindolam	NSPDNS	SGMPDNS
20	Ganangi	SRMGMPDNS	SDNDMPMGRS
20	GanaPinadhi	SRGMDMPDNS	SNDPGRS
20	Gana Pratapa	SRGMPDNDS	SDPMGRS
20	Gandhara Priya	SRGMPNS	SNDMRGMRS
20	Ganta	SGRGMPDPN	DNS
20	Geya Charadharini	SRGMPNS	SNPMGRS
20	Ghantarava	SGRGMPDPN	DNS
20	Gomethaga Priya	SRGMDNS	SNDMGRS
20	Geetamohini	RSRGMPDPNS	SRGMDNS
20	Govindambini	SGMPDNS	SDPGRS
20	Hahori	SRGMDNS	SRGMDNS
20	Hanki Ghantarava	SRGMRMPND	NPDNS
20	Hemakriya	SRGMPDNS	SDPMRGMRS
20	Hamsa Gantarava	SMGMDNS	SGMDNS
20	Hindola Vasantham	NPDNS	SGMPDNDS
20	Indu Ghantaravam	SGMPDS	SRMPDNDS
20	H industhani Asaveri	SRMPDS	RGS
20	Jagamani	SRMGMDNPD	DNS
20	Jananandini	SRGRGMPND	PNS
20	Japaneeya	SRGPDS	SDPGRS
20	Jankari	SGRGMPNS	SNDPGRS
20	Jankaravani	SGRDMPNS	SNDPMRS
20	Jarangi	SRGPDNS	SNDPGRS
20	Jayanandini	SRGRGMPND	PNS
20	Jayanthasri	SGMDNS	SNDMPMGS
20	Jayavani	SGRGMPNS	SNDPGRS
20	Jeevanpuri	SRMPDNS	SNDPMGRS
20	Jingla	SRGPDNPDPS	SNDPMGRS
20	Josila	SRPDNS	SDPMGRS
20	Kamala Tarangini	SRGMPDNS	SNDPMRS
20	Kamala Vasantham	SGMPNS	SNDMGSRS
20	Kamini Ritigaula	SRGMPDNS	SNDMGRS
20	Kanaka Vasantham	SGMPNDS	SNDPMGRS
20	Kannada (Mallaru)	SGMPDS	SNDMGS
20	Kannada Salavi	SRGMPDS	SNDMGS
20	Kannada Matta	SGMPDS	SNDMGS
20	Karnika Ranjani	SRGMPMDNS	SNDPMGRS
20	Karnika Dhari	SRSGRGM	DDNS
20	Karya Mathi	SRGPDS	SNDPDMGRS
20	Kasi Latha	SPDPMPNS	SPDMGRS
20	Kathyayini	SRGPDS	SDPGRS
20	Kavya Chitra	SGRGMPDPNS	SNDMRS
20	Kauranjam	SRGMPNS	SNDMGS
20	Kausilaka	SGMNDS	SNDMGS
20	Kinnari	SRMPS	SNDMGS
20	Kausikam (Bairavi)	SRGMPDNS	SNDPMGRS
20	Keechakari	SGPDS	SNPMS
20	Kesarangi	SRMGMDNS	SDNPMGRS
20	Kokilavarali	SRGRMPDNDS	SDNDPMRGRS
20	Kovindambini	SGMPDNS	SDPGRS
20	Kumara Leela	SMPDNPNS	SNDMGRS
20	Kumara Ranjani	DNSRGPD	NDPRGRSNS
20	Kusuma Raja	SGMPDS	SDPMRS
20	Krouncham	SRGMPNS	SNDMGS
20	Latha Hitha	SRGPDNS	DPMGRS
20	Latha Manjari	SRMPNS	SNDPMGRS
20	Loka Pratapa	SRMPDS	SNDPMGRGS
20	Lolangi	SRMGRMPDNS	SNDMGS
20	Lolaski	SRMGRMPDNS	SNDMGS
20	Mahathi	SPPDNS	SNPGRS
20	Malkimpuri	SRGMDNS	SNDPMGRS
20	Mamsi	SRGMPS	SNDPMRS
20	Manavali	SGMNDNS	SDPMGRSNDNS
20	Manji Vasantham	SRGMPNS	SRGMPDNS
20	Manorama	SRGMPDPS	SNDPMRGS
20	Margha Hindolam	SRGMPDNS	SNDMPMGSRS
20	Maruva Ranjani	SRGMPDNS	SDPGRS
20	Mausevitha	SRGMPNDS	SNDMGRS
20	Mau Jeevakam	SRGMPNDS	SNDMGS
20	Mayura Mani	SRMPDS	SNPMRMGS
20	Mitha Bhashita	SRGMPDS	SDPMGRS
20	Mohana Varali	SRGMPDNDS	SDNDMPGRS
20	Mukhari	SRMPDNDS	SNDPMGRS
20	Naga Gandhari	SRGMPDN	NDPMGRSN
20	Naga Hindolam	SGRMDGMPD	SNPDPMGR
20	Narayana Desakshi	SRSGMPDPNS	SNDPMGRS
20	Nari Ritigowla	SRGMPDPNNS	SNNDMGGRS
20	Nasa Manjari	SGRGMPNDNS	SNDNPMRS
20	Nata Vardhani	SRGMDNS	SNPMRGMRS
20	Natya Mangala	SRGMPDNS	SNPMRGRS
20	Nava Manohari	SRMDNS	SNPMRS
20	Navaratna Vilasa	SRGMPDPS	SDPMGMRS
20	Needhi Kala	SGRGMNDM	PNS
20	Neela Veni	SRGMPDNDS	SDPMGRS
20	Neeraja Priya	SRGMPDNS	SDPMGS
20	Nemanga	SRMPNDN	PDNS
20	Nutha Bhashitham	SRGMPDS	SDPMGRS
20	Panchama	SRMPDS	SNDPGRS
20	Pancham Malakosh	SGMDNS	SNDMPMGS
20	Pandi	SRPDS	PMGRSNP
20	Panuvalatti	SRGPDNS	SNDPGRS
20	Parabhruthavani	SRPDNS	SNDPRS
20	Patilarava	SGRGMPNDNS	SNPMRS
20	Pendrula	SRGMPDNS	SPMGRS
20	Purva Bhairavi	SRGMNDNS	SNDPMGRS
20	Purna Shadjam	SGRGMNS	SNPMGRS
20	Pushpalata	SRGMPNS	SNPMGRS
20	Rama Ranjani	SRGMPDNS	SDPGRS
20	Ramya Mukhi	SGMDNS	SNDMGS
20	Rasa Kalambika	SMGDNDNS	SNDGRS
20	Rathi Pathi Priya	SRGPNS	SNPGRS
20	Rathi Sobhita	SRGMDNS	SNPMGRS
20	Ravi Dhyuthi	SRGMPDPNS	SNDPMS
20	Ravi Sindhu	SGPDNS	SNDPMGS
20	Reranjini	SRGMPDNS	SDNDMGRS
20	Reka Ranjini	SRGMPDNS	SNDNMPMGRS
20	Rithi Gaula	SGRGMDNDS	SNDMGMPM
20	Rodhavali	SRGMPDNS	SNDMPMRGS
20	Rudhra Ghantaravam S R G R M P M	DNDPS	SNDMGS
20	Sama Neelakari	SGMDNS	SNPMRS
20	Saramathi	SRGMPDNS	SNDMGSRS
20	Saradha Priya	SRGPNS	SNPMGS
20	Sarva Ranjani	SRGPDNS	SNDMPMGRS
20	Sena Ranjani	SRGMPDNS	SNDNMPMGRS
20	Sena Rava	SMGMPDNS	SNDPMGRS
20	Shara Mochini	SGMPDS	SNDPMGRGS
20	Sheelavali	SRGMPDNS	SNPMGS
20	Shobavari	SRMPDS	SDPMRS
20	Sesha Bhooshanam	SRGPNDS	SNDPMGMRS
20	Simha Dwani	SRGMPNS	SNDPMGRS
20	Sindhu Ganta	SGMPNS	SGMPNS
20	Sivakampuri	SRGMDS	SNDPMGRS
20	Sowmya Manohari	MPDNSRGMPS	SMGRSNDPM
20	Sri Gantanam	SGMPNS	DPMGRGS
20	Subha Vahini	SRGMPNDNS	SNDMGMS
20	Subha Mathi	SRGMNS	SNDPMGRS
20	Suddha Salavi	SGMPNS	SGMPNS
20	Sukumari	SGMPNDNS	SNPMGMRS
20	Sutradhari	SRMPDS	SDPMRS
20	Swara Gandhari	SRMPDS	SNDMGRS
20	Swara Ranjani	SRGPDNS	SNDMPMGRS
20	Sweeya	SRGRMPNDNS	SNPNDPMGRMR
20	Syamala Vasantham	SNDNDRGMPD	SMGRSSNDNS
20	Thamodini	SRGMDS	SNDPMGR
20	Thamohini	SRGMDS	SNDPMGRS
20	Theerva Vardhini	SGPDNDS	SNDMGRS
20	Udaya Bhairavi	SGMPNS	SNPMGS
20	Udaya Chandrika	SRGMPDNS	SDPMGRS
20	Udaya Ravi	SGMPNS	SNDPMGS
20	Vaasa Varithi	SRGMPDNS	SNDPMDMGRS
20	Vaatha Chandrika	SRMPDNS	SNPMRS
20	Varna Kadari	SRGMPDNS	SNDPMRS
20	Vasantha Varali	SRMPDN	NDPGRSN
20	Veera Gantaravam	SRMPDN	SMPDNS
20	Venukarama	SRMGMPNS	SNDPMGMRS
20	Vipra Mathi	SRMPDS	SNDPMRS
20	Yazh Vallone	SRGMDS	SDMGRS
20	Yoga Bhairavi	SRGMPDS	SNDPRS
21	Abherini	SRGMPNS	SNPMRS
21	Bhanu Priya	SRGDNS	SNDGRS
21	Chandra Kauns	SGMDNS	SNDMGS
21	Divya Bharanam	SRGMPNS	SNPMGRS
21	Gagana Bhoopalam	SMGMPDNS	SNDMGRS
21	Hataka Bharanam	SRGMPDNS	SNPMRMGS
21	Jayasri	SRMGSMPDNS	SRMPDNS
21	Kadaram	SRGMPDNS	SGMDNS
21	Kaikavasi	SRGMPDNS	SNPMGRS
21	Karnataka Deva	SGMDNS	SMGMPDNS
21	Kazhiyan	SGMPDS	SRMPDNS
21	Kula Bhushani	SRGMPNS	SDPMGRS
21	Kunjaradhwani	SRMPDNS	SNDPMGRS
21	Kusuma Vali	SGMPDS	SNDPMGMRS
21	Mukkanni	SMGMPDNS	SRGPNS
21	Nada Sanjeevi	SRGMDNS	SNDMGS
21	Naga Deepika	SRGMPS	SNDMGS
21	Nepala	SRMGMPNS	SNDPMRS
21	Piloo	NSGMPNDPS	SNDPMGRSNS
21	Rishi Priya	SRGMPNS	SNPMGRS
21	Samantha Salavi	SRGMPDS	SNDPMGRS
21	Sambramaleelakara	SRMPDS	SNDPMGRS
21	Sanjivini	SRSGMPNS	SNDNPMGRS
21	Sarasa Vahini	SRGRMPDNS	SDPMGRS
21	Shibika	SRGPNS	SNPGRS
21	Soma Giri	NSRGMPD	PMGRSNS
21	Sri Chandrika	SRGPDNS	SNDPGRS
21	Sri Velavali	SRMPDS	SNDPGRS
21	Srothasvini	SGMPNS	SNPMGS
21	Vasumathi	SRPDNS	SNDPRS
22	Abhogi	SRGMDS	SDMGRS
22	Agnikopam	SGMPNS	SNPMGRS
22	Ananda Varidhi	SRMPNDPS	SNDPMGRS
22	Andholika	SRMPNS	SNDMRS
22	Anilavali	SRGMPNDNS	SNPMRS
22	Aruna Chandrika	SRGPNS	SNPMGS
22	Aryamathi	SRGPDS	SNDPDMGRS
22	Bhagesri	SGMPNS	SNDPMGRS
22	Bhagya Ranjani	SRGMDNS	SPMGRS
22	Badakarani	SRGMPDNS	SDPMGRS
22	Badrasarangaleela	SRGMPDPNS	SDPMRS
22	Bagavat Priya	SRGMRMPDNS	SNDPMRS
22	Bhagae Sri	SRGMDNS	SNDMGRS
22	Bhala Chandrika	SGMPDNS	SNDMGRS
22	Bhala Goshi	SRGPMNDS	SNDPMGRS
22	Bhala Nandini	SRGMPNS	SNPMGRS
22	Bhilavali	SRGMPS	SNPMGRS
22	Bhoga Kannada	SNSGMPNS	SRGMNS
22	Bhudha Mayuram	SGRGMNDNS	SNPMGRS
22	Bramarambika	SGMDPNS	SNDPDMGRS
22	Brindavani	SRMPNS	NPMRS
22	Brindavana	SGRMPNS	SNPMRGS
22	Brindavani Sarang	SRMPNS	SRMPNS
22	Chakra	SGRMPNS	SRMPNS
22	Chakra Pradiptam	SRGMPDNS	SNDMGS
22	31. Chandra Kala	SRGPMDNS	SRGMPMDNS
22	Chandra Mandana	SGMDNS	SRGMPMDNS
22	Charavali	SGRGMPDNPS	SRGPDS
22	Chaya Sopitha	SRGMPDS	SNDPMDMGRS
22	Chendhuruthi	SRGMPDS	SRMPNS
22	Chitta Ranjani	NSRGMPDN	NDPMGRSN
22	Chitta Sena	SGRGMPDS	SNDMPMRGRS
22	Desya Kannada	RGMPDNS	SNPGMRS
22	Desya Kapi	SRMPNPS	SNDNPMG
22	Desya Manohari	SRGMPDS	SNPMGRS
22	Deva Mukhari	SRGMPDNS	SNDMPMRGMRS
22	Deva Gandharam	SGMPNS	SNDPGMRS
22	Deva Gandhari	SRSGMPDPNS	SNDPMGRS
22	Deva Manohari	SRMPDNS	SNDNPMRS
22	Devamruthavarshani	SRGMNDNS	SNDPMGRS
22	Devaranjani	SGRMPDNS	SDPMGRS
22	Dhana Kapi	MPDNSRGRGMP	RGPMGRSNDPDNSS
22	Dhatru Manohari	SPMPDNS	SNPMGRS
22	Dhavalika Leela	SNSRGMPND	DPMGRSNS
22	Dhayavati	SRGPNS	SNPMGS
22	Dheerkala	SRGPNDS	SNDNMGRS
22	Dileepika	SRGRMPNDN	PDNS
22	Durbar	SRMPDNS	SNDPMRGRS
22	Gaund Giri	SGMPNPS	SNPMGRS
22	Ghana Kelini	SGMPNS	SNDPMRS
22	Ghana Jagana	SRMPDPNS	SNPDNPMGRS
22	Ghana Kesi	SRGMPNS	SNDPMRS
22	Gharava Simhala	SGRGMPDNP	DPS
22	Gopi Kamboji	SRGMPDS	SNDPMGRS
22	Gowri Vasantha	SRMPDNS	SNDPMGRGRS
22	Haridasa Priya	SPMGMPNS	SNDNPMGRS
22	Hari Narayani	SRGMPMDNS	SNPMGRS
22	Harsha Kapi	SRGMPNDS	SNDPMGRS
22	Hati Hrushi	SRGMPDNS	SDPMGRS
22	Henavali	SRGMDS	SNPMGRGS
22	Hindola Gamini	SGMDNS	SNDMGS
22	Hindusthani Kapi	SRMPNS	SNDNPMGRS
22	Inakara Priya	SRGMDNS	SNDMGRS
22	Jala Manjari	SRGPDNS	SNPDPMRSRS
22	Janandolika	SGRGMPNDNP	DNS
22	Jayakshari	SGMPDS	SNDPMGRGRS
22	Jaya Narayani	SRGMPDS	SNDPMGRS
22	Jayantha Sena	SGMPDS	SNDPMGS
22	Jaya Manjari	SGPDNS	SNPDPMRGRS
22	Jeevika Vasantham	SRMPDS	SNPMRS
22	Kaalika	SRGPDNS	SNDPGRS
22	Kakavasanth	SRGPMNDS	SNDPMGRS
22	Kala Swarupi	SRGMPDNPS	SNPMGRS
22	Kalavali	SRGMPS	SNPMGRS
22	Kaisika	SGMDNS	SNDMGMRS
22	Kalharu	SRMGMPDPS	SDPMRS
22	Kalyana Tarangini	SRGMPMGMN	DNS
22	Kalyana Vasantham	SRGMPDS	SDPMGRS
22	Kanada	SRGMDNS	SNPMPDND
22	Kanajagana	SRMPDNS	SNPDNPMGRS
22	Kanakavarali	SRMPNS	SNDNPMGRS
22	Kannadagaula	SRGMPNS	SNDPMGS
22	Kapi Jingla	SNSRGM	MGRSNDNS
22	Kapi	SRGMPDNS	SNDPMGRS
22	Kunda Mulika	SRGMPDNS	SRGMGPDS
22	Lalitha Ghandari	SRGMPNS	SNPMGMRS
22	Lalitha Manohari	SGMPDNS	SNPMGRS
22	Lavana Varidhi	SGMPDS	SNDPMGRS
22	Laya Madhya	SRMPDNS	SDPMGRS
22	Lokendra Mani	SRMPDS	SDPMGRS
22	Madana	SRGMNDNPDS	SNDNPMRGS
22	Madana Marutha	SRGMDNS	SNDNPMGMGS
22	Madhava Manohari	SGRGMNDNS	SNDMPDMGRS
22	Madhyama Varali	SRGPDNS	SNDPGRS
22	MadhyaMavathi	SRMPNS	SNPMRS
22	MadhyamadiSarang	SRMPNS	SNPMRS
22	Madhumat Sarang	SRMPNS	SNPMRS
22	Maha Nandi	SRGPDS	SDPGRS
22	Makuta Dharini	SRGDNS	SNDGRS
22	Mallaru	SRMGMPDPS	SDPMRS
22	Malavi Sri	SGMPNS	NNDPMPND
22	Manavi	SRGPDNS	SNDPGRS
22	Manjari	SGRGMPNDNS	SNDPMGRS
22	Mani Manjari	SRGMPDNS	SNDPMRGMGS
22	Mani Rangu	SRMPNS	SNPMGRS
22	Manohari	SGRGMPDS	SDPMGRS
22	Mano Ranjani	SRGMPDNS	SNDPDMGRS
22	Mara Herali	SGRGMDNS	SNDPMDMR
22	Marga Mohini	SRGMGPDNS	SNPMRMGS
22	Marga Pratapa	SRMPDS	SNDNPMGR
22	Matti Mavali	SRGPDNS	SNDPGRS
22	Murthi	SGMDNS	SNDMGS
22	Maya Pradipam	SMGMPDNS	SDPMGRS
22	Mayura Dhwani	SRMPNS	SNDMRS
22	Nadha Chintamani	SGRGMNDNS	SNDMGMPM
22	Nadha Murthi	SGMDNS	SNPMRGS
22	Nadha Tarangini	SRGMPNS	SNDPMGRS
22	Nadha Varangini	SPMNDNS	SPNDPMGRGS
22	Nagajara	SMPDNDNS	SNDPMRS
22	Nagari	SRMPDNS	SNDPMGS
22	Nagavalli	SRMDNS	SNDMRS
22	Namanojwala	SRGPMDPNS	SNDPGRS
22	Nandanavali	SRGMPNDNS	SDPMRS
22	Natikai Mani	SRGMPDNS	SNPMGRS
22	Natya Bhushani	SRGMDNS	SNDMPMGRS
22	Navaratna Vilas	SRMPNS	SNDMGRS
22	Nayaki	SRMPDNDPS	SNDPMGRS
22	Nigama Gamini	MGSGMNS	SNMGMGS
22	Nirmala Gaula	SRMGMRGM	DNPDNS
22	Nirmalangi	NPDNS	SRMPNS
22	Nirmitham	SRPDNS	SNDMGRS
22	Niroshta	SRGDNS	SNDGRS
22	Omkari	SRGMPDS	SDPMGRS
22	Pala Manjari	SGPDS	SNDPMGRS
22	Phala Ranjani	SGMPMDS	SNDPMGMRS
22	Pancha Kottani	SRMGMPNS	SNDNDPMDM
22	Pancham	SRPDNS	SNDPMGRS
22	Parva Mani	SRGMPS	SNDPMGRS
22	Patta Deep	NSGMPNS	SNDPMGRSNSGRS
22	Pulindika	SRMDNS	SNDMRS
22	Purna Kalanidhi	SGMPDNS	SDPMGRS
22	Purva Mukhari	SMGMPDNDS	SNPMGRS
22	Pushpa Latika	SRGMPNS	SNPMGRS
22	Pushpa Latha	SRGMPNS	SNPMGRS
22	Rama Manjari	SRMPNS	SDNPMGMRS
22	Rama Priya	SRGMPDNS	SNDNPMGM
22	Rama Vilasitha	SRMPDNS	SDPMRMGRS
22	Ranga Leela	SRGMPDNS	SNDMGRS
22	Ratinvaki	SGMDNS	SDPGRS
22	Rathavali	SGMPDNS	SNDPMGRS
22	Rathnakarshini	SRGMPMDNS	SDPGRS
22	Ravalika Leela	SNSRGMPDN	DPGRSNS
22	Rudra Priya	SRGMNS	SNPMGRS
22	Rupangi	SRMPNS	SDNPMGRS
22	Sadham	SGMPDS	SNDPMGMRS
22	Sahana	SRGMPMDNS	NDPMGRGRS
22	Saindavi	NDNSRGMPN	DPMGRS
22	Salaga Bairavi	SRMPDS	SNDPMGRS
22	Samanthini	SRMPDNS	SNDPMRGRS
22	Sama Mukhari	SRGMPDNS	SDNDMPMGS
22	Samanojwala	SRGPDMDPNS	SNDPGRS
22	Sankara Priya	SRMPNDPS	SNDMGRS
22	Sanjeeva Karani	SRMPNS	SDPGS
22	Sangrama	SRMDNPS	SNDGRS
22	Sarmila	SRGMRMPND	SNDNDMGMRG
22	Sardhalangi	SGMDNS	SNDMGS
22	Saura Vahini	SRGRMPNS	SDPGRS
22	Sindhu Dhanyasi	SGMPNS	SNDPMGRS
22	Sitta Sena	SGRGMPDS	SNDMPMRGRS
22	Siva Kambhoji	SRMPDS	SNDPMGRS
22	Sivapriya	SRGPDS	SDPGRS
22	Siva Ranjani	SRGPDS	SDPGRS
22	Sivasakthi	SGMDS	SNDMGS
22	Shanga Dhruma	SRGMDNS	SNDMGS
22	Sonavati	SRGMDNPDNS	SNMGRS
22	Sri	SRMPNS	SNPDNPMRG
22	Sri Manohari	SGRGMPDS	SDPMGRS
22	Sri Manoranjani	SGMDNS	SNDMGRS
22	Sri Ranjani	SRGMDNS	SNDMGRS
22	Srungara Vardhini	SRGMPDNS	SDNPMRGMRS
22	Subhangi	SMRGMPDN	DPMGRSNS
22	Suddha Bairavi	SGMNDS	SNDMGRS
22	Suddha Bangala	SRMPDS	SDPMRGRS
22	Suddha Desi	SRMPDNDS	SNDPDMGRS
22	Suddha Dhanyasi	SGMPNS	SNDMGS
22	Suddha Hindolam	SGMDNS	SNDMGS
22	Suddha Sena	SGRGMPDS	SNDMPMRGRS
22	Suddha Sulini	SRGRMDMP	DNS
22	Suddha Velavali	SRMPNS	SNDNPMGRS
22	Sunadha	SGMPNDNS	SNDPMGS
22	Supravahini	SRGMPNDMPN	DNSSNDPMGMS
22	Swara Bhushani	SGMPDNS	SNDPMRS
22	Swara Kalanidhi	SMGMPDNS	SNDNPMRGS
22	Swarna Bhodamani	SRMGMPDNS	SNPDNDPM
22	Swarna Choodamani	SRGPDNS	SNDPMGRS
22	Thava Mukhari	SRGPDS	SNDPMGRS
22	Thirumurai Vadivam	SGMDS	SDMGS
22	Upendra Mathi	SGMPDNS	SNDMRGRS
22	Upendra Vajra	SRGMPDNS	SNPMPGRS
22	Uragamani	SRGMPDNS	SNDNPMGMRS
22	Vajra Gandhi	SGMPNS	SNDPMGRS
22	Varam	SGMDNS	SNDMGS
22	Vasi Manjari	SRGMPDNS	SNDPMPDPM
22	Vimala Mohan	SGMPDS	SNDPMGRS
22	Vipra Dhanyasi	SGMPNS	SNDPMGRS
22	Suddha Manohari	SRGMPDS	SNPMRGS
23	Arani	SRMDNS	SNDMRS
23	Bhanudeepam	SRGRMPDNS	SNPMGRS
23	Chandhanachalam	SRGMPDS	SNPMGRS
23	Chitra Malika	SRGMPDNS	SDPMRS
23	Dharbha Koola	SRGMGPDNS	SNDMGRS
23	Desakya	SRGMPDNS	SNPMRS
23	Gamakyam	SRMPDNS	SNDPMGPMGRS
23	Gama Bharani	SRMGPDNDS	SNDPMGRS
23	Gambhirini	SRGMPDNDS	SNDPMGRS
23	Gantana	SRGMDNS	SNDMGRS
23	Gauri Lalitha	SRGMDNS	SNDMGRS
23	Gauri Shankar	SRGMPNS	SNDPMGRS
23	Gauri Velavali	SRGSRMPDS	SNDPMGRS
23	Hamsa Bhoshani	SGMDNS	SNDMGRS
23	Hamsa Deepika	SRGMDS	SNDPMGRS
23	Hasya Deepam	SRGMDS	SNDPMGRS
23	Hrudha Kamali	SRMDNS	SNDPRS
23	Kamala	SGMDNS	SNDMGS
23	Karavani	SRGPDNS	SNDPGRS
23	Kokila Deepakam	SGMDNS	SNDMGRS
23	Lavantika	SRMPNS	SNPMRS
23	Malhar	SNSGRPMN	SNDPMGRS
23	Nacharam	SGRGMNDNS	SNDMPMGRS
23	Naga Bhoopalam	SRGMNS	SNMGRS
23	Naga Panchamam	SMPNDS	SDMGRS
23	Palika	SRGDNS	SNDGRS
23	Pallava	SRMGMPDNS	SDMPMGRS
23	Sadhananda Priya	SRGMDNS	SNDPMGRS
23	Salavi Bangala	SRMPDS	SNDPMRS
23	Sama Salavi	SRGMPS	SNDPMGRS
23	Sambari Priya	SRGMPDNS	SNPGS
23	Sameeranan	SGNDNS	SNDMGS
23	Sangraha Priya	SRGMDS	SNPGS
23	Santhana Deepika	SGMPDNS	SDPGRS
23	Sarasa Nayaki	SRGMPNS	SDMGS
23	Sarojam	SGMDNS	SNMRS
23	Sarva Mathi	SMGDNS	SNDPMGRS
23	Satya Nayaki	SRGPDS	SNDPMGRS
23	Sindhothama	SRGMPDNS	SPMGRGS
23	Simhala Bhairavi	SGMPDS	SNDMGRS
23	Surya Kauns	SGMDNS	SNDMGS
23	Swara Mathi	SGMDNS	SNDPMGRS
23	Varudha	SGPDNS	SNDPGS
23	Vasantha Sri	SRGMDNS	SNDMGRS
23	Vedavalli	SRGMPNS	SNDPMGRS
23	Velavali	SRGSRMPDS	SNDPMGRS
23	Veeravasantham	SRMPDS	SRMPS
23	Vijaya Narayani	SRGMPDNS	SDPMGRS
23	Bhanu Pratapam	SRGMPDS	SDPMGRS
23	Bringa Kuraga	SRMPNDS	SNDPMGRS
23	Bruthulika	SRGRMPDNS	SNPMRS
23	Dheena Vasantha	SRMPDNPS	SNDPMGRS
23	Gaula Panchamam	SRMPNS	SNPMGRS
23	Godavari	SGPDNS	SNDPGRS
23	Hamsa Bhoopalam	SRGMPS	SNDNPMGS
23	Hamsa Bhashani	SRGMPS	SGMDNS
23	Hinkari	SRGMPDS	SDPMGRS
23	Hamsa Priya	SRGMPDNS	SNDMGRS
23	Indira Priya	SRGMDNS	SNDMGRSS
23	Kamalasana Priya	SRGPDNS	SNDPGRS
23	Karuvali	SGPDNS	SNDPGS
23	Mukura Kapola	SRGDNS	SNDGRS
24	Ashti	SGMDNS	SNDMGS
24	Sannihitha	SRGMPDNS	SDMPDMGRS
24	Sevadhi	SRGPDS	SDPGRS
24	Simhala Kapi	SRMPDNS	SNDNPMGS
24	Soma Deepakam	SGPDNS	SNPMGS
24	Sri Hamsa Bhushani	SGMDNS	SNPGRS
24	Sri Kunjari	SMGMPDNS	SNDPMGRS
24	Sri Veera Vasantham	SGRMPS	SNDPMGRS
24	Suladharini	SRGMDS	SDMGRS
24	Varunanidhi	SMGMPDNS	SNDPMGRS
24	Varuna Sindhu	SMGMPDNS	SNDPMGRS
24	Vasukari	SRMPDN	SRMPDN
24	Yathi karshan	SRGMPS	SGRGPNDNS
24	Yauchana	SGMPNDPS	SNDPMGRS
25	Bhanu Prathpam	SMGMPDS	SDPMGRS
25	Bhanu Gandhi	SRMPDNS	SNDPMRS
25	Charavathi	SMGMPDNDS	SNDPMGRS
25	Desya Mukhari	SRGMPDNDS	SDNDPMGRS
25	Devakoti	SRGMPDNS	SDPMRGRS
25	Deva Salakam	SGPDNS	SNDPMGRS
25	Gayaka Mandani	SRGMPDS	SDPMGRS
25	Hamsa Gandhari	SRGMPS	SNDPDMGRS
25	Jalajavathi	SGMDS	SNPGRS
25	Janasammodini	SRGPDS	SDPGRS
25	Kallola Saveri	SRMPDS	SNDPMGRS
25	Kamarupi	SGMPMDNPS	SNDPMGRS
25	Kanchanambari	SRGMPNS	SNPMGRS
25	Karadwathi	SMGMPDNDS	SNDPMGRS
25	Kusuma Dharini	SRGPDNS	SNDPGRS
25	Mahuri	SRGRMPN	DPMGRS
25	Margadesika	SRGPDS	SDMPGRS
25	Mithra Ranjani	SRGMPDPS	SNDPMGRS
25	Moksha Dayini	SRGPNS	SNPGRS
25	Murajavadani	SRGMNS	SNMGRS
25	Nandalaya	SRGPNDS	SNDPMGRS
25	Paranam	SRMPDNS	SNDPMGPMRS
25	Raga Manjari	SRGMDS	SDMGRS
25	Rajathilakam	SRGMPS	SPMGRS
25	Saradhyuthi	SRGMPDNDS	SNDPMGRS
25	Sathvidhi	SRGMPDNDS	SNDPMGS
25	Virujina Hirani	SGMPNS	SNPMGS
26	Amari	SRGMPDS	SDPMGRS
26	Antharavahini	SRGMPNDNS	SNDPMGRS
26	Arabhi	SRMPDS	SDPMGRS
26	Badri	SRGPDS	SDPNPMGRS
26	Bhagavathi	SRGMNS	SNMGRS
26	Chandra Jyothi	SRGMPDNS	SNDPGMRS
26	Charu Kunthala	SRGMDNS	SNDMGRS
26	Chidambujavathi	SGMPDNS	SDMRS
26	Chitswarupi	SRGMPDNS	SNDPMGMRS
26	Chitrini	SRGPDS	SNPGS
26	Gandharva Manohari	SRMPS	SNDMGRS
26	Janavi	SRGMDNS	SDMGRS
26	Kannada Panchamam	SRGMPNS	SNDNPMGS
26	Kesara	SRGMDS	SDMGRS
26	Kokila Pratapam	SGMPMDNS	SNPMGS
26	Komalangi	SRGMPNS	SNPMGRS
26	Madhulika	SRMPDNS	SNDPMRS
26	Maravi	SGMPNS	SNDPMGRS
26	Marupi	SGMPNS	SNDPMGRS
26	Mrudani	SRGDNS	SNDGRS
26	Nandalaka	SRGMDNS	SNDMGRMGS
26	Raga Chudamani	SRGMPS	SNDMGRS
26	Raga Kesari	SGMDNS	SNPMGRS
26	Rama Manohari	SGMPNS	SNDPMGS
26	Saman	SRGMPNS	SNDMGRS
26	Sarva Bhauma	SGMPDS	SNDPMGRS
26	Sathi Resam	SRMPDNS	SNDPMGRS
26	Simhanadam	SRGPNS	SDPMGS
26	Simhelavarali	SRGMPMDNS	SDPMGMRS
26	Soma Pratapa	SPMDNS	SNDPMGRS
26	Sukra Jyothi	SRGMPDNS	SNPDMGRS
26	Survakam	SRGMGRMP	NDNPS
26	Tharangini	SRMPDNDS	SNDPMGRS
26	Thunga Naga	SRGMPDNS	SNDPMRGMRS
26	Wariar	SRMPNS	SNDPMRS
27	Arga Yoga	SRGMPDNS	SDPMGRS
27	Bhanukirani	SGMDNS	SNDPMGRS
27	Bhoga Leela	SMGMPDNS	SNDPGRS
27	Binna Gandhari	SRGMPDN	DPMGMRS
27	Deva Kurinji	SRGMPDNS	SNDMGRS
27	Deva Ranjini	SRGMPDNS	SPNDMGRS
27	Dlnakara Ganthi	SMGMPS	SNDPMGS
27	Dhivya Ganthi	SRMDNGPS	SNDPMGRS
27	Dhivya Panchamam	SRGMPNS	SNDPMGRS
27	Dhwajathi Kriya	SRGMPS	SNPMGMRGRS
27	Hari Priya	SRGMPS	SNDPMGS
27	Jalaja Vasini	SGMPNS	SNDPMRS
27	Kadana	SMPDNS	SNDPMS
27	Kacha Raga	SRGPDNS	SDPMRS
27	Kedara Chaya	SRGMPDNS	SNDPMRS
27	Kedara Nata	SRGMPNPS	SNPMGRS
27	Kesara Nata	SRGMPNS	SNPMGRS
27	Kurinji Chaya	SRGMPDNS	SNDPMGRS
27	Kusuma Priya	SRGMPDNS	SNPMGRS
27	Kushya	SRGMPNS	SNPMGRS
27	Madhu Kari	SMGMPDN	PMGRSNS
27	Madhurya	PNSRGMP	MGSNDP
27	Manabharanam	SRGPMDNS	SNDPMGRS
27	Manimaya	SNSRGMPD	PMGRSNS
27	Manjula	PSNSRGMP	MGRSNDP
27	Marga Badra	SGMPNS	SDPGRS
27	Mattakasini	SRGDNS	SNDGRS
27	Nadha Priya	SMGMPDNS	SNPMGS
27	Nadha Swarupi	SGMPMDNS	SNDPMGRS
27	Nadha Vinodini	SRGMPDNS	SNSDPMGRS
27	Nagha Bharani	SRGPMRMPS	SDPMGRS
27	Nalina Kanthi	SGRMPNS	SNPMGRS
27	Nalina Shanthi	SRGPNS	SDPMGRS
27	Nayana Ranjani	SRGMPDPNS	SNPNDMGRS
27	Neela Mani	SRMPDNS	SNDPMRS
27	Padma	SRGMPDNS	SNDPMGS
27	Pannavardhani	SRGMPDNS	SNDPMPGMRS
27	Priya Dharsini	SRMDNS	SNDMRS
27	Rama Chudamani	SGMPNS	SNPMGRS
27	Ramya Bhashini	SGMRGM	PDNS
27	Ranga Manohari	SGMPDNS	SNDPMGRGS
27	Ratna Bharani	SRPDNS	SNDPGS
27	Ratna Jwalitha	SRPDNS	SNPGS
27	Ratna Mani	SMGMRGM	PDNS
27	Samantha	SRGMPDNS	SNDNPMGRS
27	Samaraga	SRMPMDS	SDPMGRS
27	Sama Varali	SRMPDNS	SNDPMGRS
27	Saranga	SRGMPDNS	SNDPMRS
27	Saranga Kapi	SRPMRP	RMPNS
27	Saranga Nata	SRMPDS	SNSDPMGRS
27	Sarasa Priya	SRMGMPDNS	SNPDMGRS
27	Sarasiruha	SRGMDNDS	SNDMGRS
27	Saraswathi	SRMPDS	SDNPMGRS
27	Saraswathi Manohari	SRGMDS	SNDPMRS
27	Sarvangi	SRMDNS	SNDMGSRS
27	Sarasanana	SRGMDNS	SNDMGRS
27	Sayana Ranjani	SGMPDPNS	SNPNDMGRS
27	Seena	SRGMDNS	SNDMGRS
27	Simhavahini	SGMPDNS	SNDPMGRS
27	Sruthi Priya	SRGPDNS	SNDPMGRS
27	Suru Sena	SRMPDS	SNDMGRS
27	Suthra Dhari	SRMPDS	SDPMRS
27	Suthakara Priya	SGMDS	SNPMRS
27	Tharalam	SRGPDNS	SNDPGRS
28	Alakavali	SRMPDS	SNDPMGRS
28	Amaravali	SRGMDS	SNDPMGRS
28	Ambhojini	SRGMDNS	SNDMGRS
28	Amrutha Lakshmi	SRGPMPNS	SNDPMGS
28	Andhali	SRMPNS	SNPMRGMRS
28	Andhali Kurinji	SRMPDS	SDPMGRS
28	Angalatha	SGRGMPDNS	SNDMRS
28	Arga Vardhani	SRGMPS	SNDPMGS
28	Aruna Kantha	SRMPMDNS	SNDPMDMGRS
28	Aruran	SMPDNS	SDPMGRS
28	Atana	SRGPDNS	SNDPMPGRS
28	Balahamsa	SRMPDS	SNDPMRMGS
28	Bahurupi	SGMDPDNS	SNPMGS
28	Bangala	SRGMPS	SNPMRGRS
28	Bavasindhu	SRGPDNS	SNPMGMRS
28	Bavya Leela	SGMDNS	SNDPMGS
28	Behag	SRGMSGMPN	SNPDNDPMGR
28	Bilahari	SRGPDS	SNDPDNPDPM
28	Bilaval	SGMPDNS	SNDPMGS
28	Bhinna Vikriyam	SRGMPDS	SPMRS
28	Bhogi Bhairavi	SRGMPNDNS	SDPMRGRS
28	Bhushani	SGRGMPDNS	SNDPMGRS
28	Chandra Kala	SRGMPMDNS	SDPMGS
28	Chakari	SRGPNDS	SNDPMGRS
28	Champak	SRMPDS	SNDPMRMGS
28	Champaka Vidhari S M G M P N D M	SNDNMDMG	PDNS
28	Champa Herali	SGMDNS	SNDMGRS
28	Chandra Hasitha	SRGMDNS	SNDMGRS
28	Chandra Sri	SRGMPDNS	SNDPMGRS
28	Chandrikya	SGMPDNS	SNDMRGRS
28	Chaturanana	SGMDS	SDMGS
28	Chaya Kambhoji	SGPDNDS	SNDPGS
28	Chaya Tarangini	SRMGMPNS	SNDPMGRS
28	Chenchudhatani	SMGRSPMDNS	SDPNMGRS
28	Chenchu Kamboji	SGRGMPM	DNPNDNS
28	Dankamani	SRGMDNS	SPMGMRS
28	Darardhari	SRGPDNS	SNDPGRS
28	Daya Ranjani	SRMPDS	SNDMGS
28	Dayasyani	SRMPNDNS	SNDMGRS
28	Desi	SRMPNS	SNDPMGRS
28	Dhanu Pratapa	SGMPDNS	SNPMRS
28	Dhasarathi Priya	SMGMPDNDS	SNDPMGMRS
28	Dhasu Mukhi	SRMGMPDNS	SDPMGRS
28	Dhatu Manjari	SRGMPDS	SNPMRS
28	Dhesakshi	SRGPDS	SNDPMGRS
28	Dhesya Kamas	SMGMPDNS	SNDPMGS
28	Dheva Gupta	SRGMPDNS	SDPMGS
28	Dheva Ghosha Priya	DNSRGMPD	DPMGRSND
28	Dheva Kriya	SRMPDS	SDPMRS
28	Dheva Ranjani	SRGPDS	SDPMGRS
28	Dhinakaran	SMPDNS	SDPGRS
28	D hivyamavathi	SGMPDNS	SNDPMGS
28	Dhombi	SRGMPDS	SDPMGRS
28	Dhuritha Nivarini	SGRGMPMDS	SNDPMGRGS
28	Dhurth Kyaya	SRMPDS	SNPMRGMRS
28	Dwaitha Paripurni	SRGMPDN	PMRMGSNS
28	Daivata Chandrika	SRGMPDS	SDPMGRS
28	Dwandhothpala	SGMPNS	SNPDPMGRS
28	Dwithanandi	SRGMPS	SNDNPMRS
28	Ekagrani	SRGPDNS	SNDNPMGMRS
28	Esa Manohari	SRGMPDNS	SNDPMRMGRS
28	Ganandholika	SGMDNS	SNDPMGRGS
28	Gana varidhi	SGMPNS	SNPMRS
28	Gandhara Thola	SRMPDS	SNDPMGMGRS
28	Gandhara Panchamam	SRMPNS	SNDPMGRS
28	Gangaradhwani	SRGMPNS	SNDPMRS
28	Gavathi	SMPNS	SDMPGMRNS
28	Geetha lambana	SRMGMDNS	SNMGRMGS
28	Giridhara	SRGMPNS	SNDPMRGMRS
28	Gomandala	SRGRMPNDPS	SNDPMGRS
28	Gowri Panthu	SRGRMPDNS	SNDPMGRS
28	Guha Manohari	SRMDNS	SNDMRS
28	Guha Ranjani	SRSMPDNS	SNDNPMGS
28	Gurunatha Priya	SRMPDS	SNDMGRS
28	Hamsa Sreni	SRGPDS	SNPMGS
28	Hamsa Rupini	SRGPDS	SNPMRS
28	Haridhasa Priya	SPMGMPNS	SNDNPMGRS
28	Haridharba	SRGMPDNS	SDPMRS
28	Harikedar	SRGMPNSNS	SNSDNDPM
28	Harini	SGMPDNDS	SNSNDPM
28	Hataka Varali	SRMPDS	SNDPMGRS
28	Hema Mandara	NDNSRMGM	DPMGMRS
28	Hema Saranga	SRGMPDNPDPS	SPMGRS
28	Hitha Priya	SRGMDNS	SNDNPMRMGS
28	Hrungara Dhwani	SRGMPNS	SNDMGRS
28	Indhu Kannada	SRGMPS	SNDPMGRS
28	Indhu Kausika	SRGMPDNS	SDNPDMGR
28	Jajalika	SGMPNS	SNPMGSRS
28	Janasammodhini	SRGPDS	SDPGRS
28	Janjuti	DSRGMPDN	DPMGRSND
28	Janudwaya	SRGMNS	SDPMGRS
28	Jaya Bhavani	SRMDS	SDMRSDNRM
28	Jaya Rama	SRGMPDNS	SNDPMGS
28	Jaya Sekara	SRGMPDNS	SNDPMNDMGR
28	Jogi Bairavi	SRGMPNDNS	SDPMRGRS
28	Jujavanthi	SRMGMPDNS	SNDPMGRGS
28	Jujahuli	SMGMPDNS	SNDPMGS
28	Jushan Gada	SRGMPNDS	SDMGS
28	Kalabharana	SRGMPDNS	SDPGRS
28	Kamaji	SRGMPDNS	SMGMPDNS
28	Kamala Mohana	SRMPNDS	SDPMGRS
28	Kampavathi	SRGMPDS	SRMGPDNDS
28	Kanaka Chandrika	SRGMPDNS	SNDPMGRS
28	Kannada	SRGMPDNS	SNDPMGRS
28	Karanjakam	SRMPNS	SMPDNS
28	Karanjini	SRGMPDSNS	SNDPMGSN
28	Karnataka-	SRGMPDNS	SNDNPMGRGS
28	Karnataka Gaula	SRMPNS	SNDPMGRS
28	Kedara Gaula	SRMPNS	SNDPMGRS
28	Kokila Dhwani	SRGMDNDS	SNDNPMGRS
28	Kokila Varali	SRMPDS	SNDMPMGRGS
28	KulaPavithri	SGMDPNS	SNPMRS
28	Kumara Dhyuthi	SGMNDNS	SNDPRS
28	Kurinji	SRGMPDNS	SNDPMGRS
28	Kuthuhalam	SDPRMNS	SNDPMGRS
28	Lavanya	SGMPDNS	SDMPGMRS
28	Lolamba	SMPDNS	SNPGRS
28	Madanambari	SGMNDNPDNS	SDPMPGRS
28	Madhuralapa	SRGDNS	SNDGRS
28	Madhya Kokila	SRPDN	DPRS
28	Malar	SRMPNS	SNDPMGRS
28	Mahati	SGPNS	SNPGS
28	Malavi	SRGMPNMDNS	SNDNPMGMRS
28	Malkali	SGMDNS	SNDMPMGS
28	Manoharan	SRMPS	SNDPMGS
28	Mannankari	SGMNDNPDNS	SDPMPGRS
28	Marga Jayanthi	SRMGPDNS	SDPMGMRGMS
28	Marla	SRMDNS	SNDPMGRS
28	Mattha Bhavali	SRMGRPDNS	SNDMGRS
28	Mattha Kokila	SRPDNDS	SDNDPRS
28	Mayura Saveri	SGMPDNDPS	SNDPMGRS
28	Mohanam	SRGPDS	SDPGRS
28	Mudhumagan	SRGPDNS	SNDMRS
28	Nagakurinji	SGMPDNS	SNDNPMGS
28	Nagaswarali	SGMPDS	SDPMGS
28	Nandhini	SRGMPNS	SNDMGS
28	Nandaherali	SGMDNS	SNDMGRS
28	Narthaki	SRGPDNS	SNDPGRS
28	Natana Mohanam	SGPDNS	SDPGRS
28	Natanarayani	SRGSRMPDS	SDPMGRS
28	Natanavathi	SRMPDS	SRMPS
28	Natika	SRMDNS	SNDMRS
28	Nattakurinji	SRGMDNPDNS	SNDMGS
28	Natta Mallaru	SGRMPDS	SNDPMRGRS
28	Navarasa Kannada	SGMPS	SNDMGRS
28	Neelambari	SRGMPDNPS	SNDPMGRGS
28	Neela Prabha	SRGMPDNS	SNDMPMRGR
28	Nirvika Modha	SGMPNDNS	MGRS
28	Nruthya Kausika	SRGMPNS	SNDPMDMGRS
28	Padmini	SRMPDNS	SNDPMRS
28	Pasupathi Priya	SRMPMDS	SDPMRMS
28	Pavana Vasantha	SMGMPDNS	SNPDNPMRM
28	Palaranjani	SGPDS	SNDPMGMRS
28	Prabhoda Kada	SRGMPDNS	SNMGRGS
28	Pratapa Natta	SRGMDPDNS	SNDPMGS
28	Pratapa Rudri	SMGMPDNS	SNPMGMRS
28	Pratapa Varali	SRMPS	SDPMGRS
28	Pravala Jyothi	SRMPDNS	SNDNPMGS
28	Punnaga Lalitha	SMGMPDNS	SNPMGMGRS
28	Purna Kambhoji	SRGMPDS	SDPMGRS
28	Raga	SGMPNS	SNDPMGRS
28	Ragamanjari	SRMPNDS	SNDMRS
28	Raga Pancharam	SRMPDNDS	SNDMRS
28	Raga Pratapa	SRGPDNS	SNDPGRS
28	Raga Vinodhini	SRGMDS	SDMGRS
28	Ranga Kausthuba	SRMGMPDPS	SNDPMGRS
28	Rasalini	SRGMPMDNS	SDPNMGRS
28	Ratnakari	SGMPNDNS	SNDPMRS
28	Ratnajyothi	SGMPNS	SNDGRS
28	Ravichandrika	SRGMDNDS	SNDMGRS
28	Relavasantha	SRMDNS	SNDMGRS
28	Rolamba Dhwani	SRPDNS	SNDPRS
28	Rolamba	SMPDNS	SNMGRS
28	Ruhakam	SRMPDS	SNDPMGRS
28	Sakunthala	SRGMDNS	SNDMGS
28	Sakunthalavarali	SMPDNS	SNDPMGS
28	Sallalasa	SRGMPDNS	SNDMRGMGS
28	Sala Keeka	SRGMPN	DPMGSND
28	Sama	SRMDPDS	SDPMGRS
28	Sampurna Natakurinji	SRGMPDNS	SNDMGRS
28	Sanchalitha	SRGMGPNDN	SNDNPDMP
28	Sanjeevini	SGMPDNS	SNDPMRS
28	Sarasa Chintamani	SRGPMDNS	SNDPMDMGRS
28	Saraswati	SRGMDS	SGMPDS
28	Saravilambi	SGMPNS	SNDPMGRS
28	Sardhula Manjari	SRMPNS	SNPMGRS
28	Sathvamanjari	SRMPDS	SNDPMNDMRS
28	Saurashtram	SRPGMPDNS	SDPMGRS
28	Savithri	SGMPNS	SNPMGS
28	Selvamani	SGMPDS	SDPMRS
28	Sevvazhi (Yadu-	SRMPDS	SNDPMGRS
28	Shatju Kambhoji	SMRSPMDNS	SNPNMGRS
28	Shobavati	SRMPNS	SDPMGRS
28	Simha Vikrama	SRGRMPDPNS	SNDPMGRS
28	Sindhukannada	SMGMRGMP	DPS
28	Sivachudamani	SRMPDNS	SDPGS
28	Siva Priya	SMPDNS	SNPMGRS
28	Sochikabaranam	SGPNS	SNDPMGRS
28	Srikala	SRGRMPNS	SNDPDMGRGS
28	Sri Natakurinji	SRGMDNS	SNDMGS
28	Sri Savithri	SGMPNS	SNDMGRS
28	Sri Surati	SRMPNS	SNPMGMRS
28	Sri Uzhaimarutham	SRGPDNS	SNPMRS
28	Srungi	SRMPDNS	SPMGRS
28	Subhoshini	SRSMPNDS	SDNPMRMS
28	Sudha	SRMPDS	SNDPMRS
28	Suddha Ganta	SRMPNS	SDPGRS
28	Suddha Varali	SRGMDNS	SNDNPMGS
28	Suddha Sanchari	SRGMPDPNS	SNDPMGMRS
28	Sugandamarutha	SRGMNDM	PDNS
28	Sumana Priya	SRGMGPDPS	SDPPGMRS
28	Sura Bairavi	SRPMPDNS	SNDPMS
28	Surabi Priya	SRGPNS	SNDPMGRS
28	Supra Bedam	SGMDNS	SNDMRS
28	Surati	SRMPNSNDNS	SNDPMGPMRS
28	Suvarna Deepika	NSRMPNS	SGMPDNS
28	Suvarna Kriya	SRGPNDS	SNPGRS
28	Swara Vali	SRGMPNDNPS	SRGMPNPS
28	Swara Vedi	SMGMPNDNS	SMGMPNDNS
28	Syamandholana	SRMDNPNS	SNPDPMGRS
28	Thayala Kamas	SMGMPDNSNS	SNDPMGRGS
28	Thillang	SGMPNS	SNPMGS
28	Thiru Kandan	SGPDNS	SNDPGS
28	Thrana Sobhi	SRMPDNS	SNDNPMGS
28	Thyagan	SGMNS	SDPMGRS
28	Umabaranam	SRGMPDNS	SNPMRGMRS
28	Uzhai Marutham	SRGPDNS	SNPMRS
28	Vallabhi	SRGMPDNS	SNDNDPM
28	Vagvilasitha	SGRGMPDNS	SNDPMGMRS
28	Valaji	SGPDNS	SNDPGS
28	Varnakurinji	SRGRPDNS	SNDPMGRS
28	Varna Deepika	SGMPDNS	SNDNPMRGMRSP
28	Vidasandhohini	SRGMPNDS	SNDPMRS
28	Vijaya Vardhini	SRGMPDNS	SNDMGMS
28	Viji Kalitha	SGRMGRPDNS	SNDPMGSRS
28	Vivardhini	SRMPS	SNDPMGRS
28	Vedaghosha Priya	DNSRGM	PMGRSNDNP
28	Veena Vadhini	SRGPNS	SNPGRS
28	Yadhukula Kamboji	SRMPDNDPDS	SNDPMGRS
28	Yuvaratna	SRGMPMDN	SNDPMRGMRS
29	Agama Priya	SRGMPMDNS	SNPDNPMGRGS
29	Amritha Lahari	SGRMPNS	SNDPMGRS
29	Ananda Lahari	SRGMPDNPS	SNPMGRS
29	Ananda Mukhi	SMGMPDNPS	SNDPMGRS
29	Ananda Rupa	SRGPDNS	SNDPGRS
29	Asampada	SRSMPDNDS	SNDPMGSRS
29	Badragandhari	SRMPNS	SNDMGRS
29	Bala Manjari	SGMDS	SNDMPMGRS
29	Bandhu	SRGRMPS	SNDPNDMGRS
29	Baava Bharanam	SRPDNS	SNDMGRS
29	Bava Bharanam	SRMGDNS	SNDMGRS
29	Begada	SGRGMPD	NDPS
29	Bhanutha	SMGMPDNS	SDPMGRS
29	Bharat	SGMDNS	SDMGRS
29	Bidal	SGRGRMPM	DRDPNS
29	Binavikriarn	SRGMPDS	SNDPRS
29	Biyandai Gandharam	PDNSRGMP	PMGRSNDP
29	Boap Kalyan	SRGPDS	SNDPMGRS
29	Bhudha Manohari	SRGMSMS	SPMGRS
29	Bhudha Ranjani	SRGMPS	SNPMGMRS
29	Byag	SRGMSGMPNSSNPDNDP	MGRS
29	Chandra Kausika	SRGMPMDNS	SDPMGS
29	Chara Vibhashini	SRMPMNDNS	SNPGRS
29	Chaya-	SRMPMDNS	SRMPMDNS
29	Chevvalli	PNDNS	SRGPNS
29	Chengalvarayan	SGMPNS	SNDPMGRS
29	Chitta Mohini	SRGMPDNS	SNPMRS
29	Choodamani	SRGMPDNS	SPNDMGS
29	Daka	SGMDNS	SNDMGS
29	Dhadhyomathi	SRGRMGM	SNPMGRS
29	Dhandapani	SRMPNS	SNDMRS
29	Dharbakoleela	SRMPDNS	SDPGMRS
29	Dharani Manohari	SRGMPNPS	SNDNPMGMRS
29	Dharmalaki	SMPDNS	SNDPS
29	Dhamalaki	SMPDNS	SNDPMS
29	Dhaujanka	SRGMDNS	SNDMRS
29	Dhruta Vardana	SGMPDS	SNDPMRGRS
29	Devasraya	SRMPDS	SDPMRS
29	Dheva Saveri	SRMPNDS	SNDPMGRS
29	Dheva Nayaki	SRMPDS	SNPMGS
29	Dhurvangi	SRMPDS	SNPDPMGRS
29	Durga	SRMPDS	SDPMRS
29	Dwajonnatha	SRGMDNS	SPMGRS
29	Dwijakriya	SRGMPS	SPMGMRGRS
29	Ekamban	SGPDS	SDPGS
29	Elaprabhavam	SRGMPDNDS	SNDPMRGRS
29	Gajavardhana	SGMDNS	SDPMGRS
29	Gamana Bhaskara	SRGMPDPNS	SDPMGS
29	Gana Lolam	SRGMPNS	SNPDPMGMRS
29	Gana Tarangini	SRMPDNPS	SPNDMGS
29	Ganda Dhruma	SGMDMNS	SNMGRS
29	Gandharam	PDNSRGMP	PMGRSNDP
29	Garuda Dhwani	SRGMPDNS	SDPGRS
29	Gayaka Ranjani	SRGMPDS	SDPMGRS
29	Gaja Gowri	SRMGMNPDS	SNDMPMGRS
29	Gauda Sarang	SGRMGPRS	SDPMGMGRM
29	Gauda Malak	SRGMGMPDNS	SNDPMGRS
29	Gauda Mallar	SRMPDS	SNDMGRS
29	Grandha Tarangani	SRMPDS	SGRGMPDNS
29	Grihanambari	SRGMPDNS	SNDPMRS
29	Hamsadwani	SRGPNS	SNPGRS
29	Hamsa Nibhogi	SRGMPDNS	SNDMGRMGS
29	Hari Prakasa	SRGRGPNS	SNDPMGRS
29	Hemant	SGMDNS	SDPMGMRS
29	Hindustham Behag	SGMPNDNS	SNDPMGRS
29	Huthamathi	SRMPDS	SNDPMDMGS
29	Indra Bharanam	SRGPDNS	SNDPMGRS
29	Indra Vamsa	SGMDNS	SNPDMGRS
29	Indra Vardhana	SRGMPDNPS	SDMGRS
29	Jagan Manohari	SGMPDNS	SDPMGRGS
29	Jambu Kriya	SGRMPNS	SNPNMGRS
29	Jajivasantha	SRGMPDNS	SDPMRGS
29	Jalodadi	SRMPNS	SDPMRGMRS
29	Janonnadi	SRGPDNPS	SNPDPMGRS
29	Jalaprabhava	MPDNSRGM	MGRSNDPM
29	Jankara Seela	SRMGDNS	SNDMGRS
29	Jangla Raga	NDNSRGMPDN	DPMGRSNDNS
29	Jana Ranjani	SRGMPDPNS	SDPMRS
29	Janasa Ranjani	SRGMPNS	SDPMRS
29	Jalavu	PNSRGMP	PMGRSNS
29	Julavu	PDNSRGMP	MGRSNDPM
29	Jutalaka	SRGMPDS	SNDPGRS
29	Jwala Kesari	SRMDNS	SNDMGRS
29	Kaamari Priya	SGMDNS	SNDNMGMRS
29	Kandha Dhruma	SGMDMNS	SNMGRS
29	Karnataka Kannada	SGMDNS	SDPMGMRS
29	Krandha Tarangini	SGRGMPDNS	SDNPMRS
29	Kausika Dhwani	SGMDNS	SNDMGS
29	Kedaram	SMGMPNS	SNPMGRS
29	Keervanapriya	SRGMDS	SNDPMGRS
29	Kiranda Tharangini	SGRGMPDNS	SDNPMGRS
29	Kokila Bhashini	SRGMPDNS	SNPMGMRS
29	Kolahalam	SPMGMPDNS	SNDPMGRS
29	Kolikavichitra	SRGRMPDS	SNDPDMND
29	Kolli	PDNSRGMP	PMGRSNDP
29	Kolli Kappanam	PDNSRGMP	PMGRSNDP
29	Kshepa	SRGMPNS	SNMGRS
29	Kumara Vilasitha	SMGMDN	SNDPMDMGRS
29	Leelatarangini	SGPNS	SNDPGS
29	Languli	SRGMDNS	SNDMGRS
29	Madanojwala	SRGMPMDNS	SDPMPGRS
29	Madhrudhruma	SRMGMPNS	SNDPMGRS
29	Mahurim	SMGMRGMP	SDPMRGMS
29	Maahuri	SRGRMPN	DPMGRS
29	Mand	SGMPDS	SNDPMGRS
29	Mandasena	SGRGMPDPNS	SNDMGRS
29	Manadhruva	SGRGMDNS	SNPDPMGRS
29	Maravipramana	SGRGMPS	SNDMGRS
29	Matta Gandhari	SGMPNDS	SNDPGRS
29	Mayuran	SRMPNS	SNDMGRS
29	Mayadharini	SRGMPDNS	SNPMRGMRS
29	Mayadravila	SRGMPDNS	SNPRGMRGRS
29	Megharagakurinji	SRGMPDN	SNPMGRS
29	Mohana Dhwani	SRGPDS	SNPDPGRS
29	Mowlika Dhruma	SRMGMPNS	SNDMGRGS
29	Mukunda Priya	SRGSMDNDS	SNDPMGRS
29	Naga Bhushani	SRMPDNS	SDPMRS
29	Naga Dhwani	SRSMGDMPND	SNDNPMGS
29	Naga Dhawali	SRSMGMPN	SNDNPMGS
29	Naga Jayanthi	SGRGMDNPS	SNPMGRS
29	Nandana	SRMGMPDNDS	SNDNPMGRGS
29	Navroj	PDNSRGMP	MGRSNDP
29	Narayani Desakshi	SRMGRGMP	SNDPMGRSDS
29	Nalola	SRGMPNS	SNPDPMGMRS
29	Neera Pratapa	SGMPDS	SNPDMGRS
29	Niranjani	SRGPDNS	SNDPGRS
29	Niravadya	SRGMDNS	SNDMPMGMRS
29	Nirajamani	SGMDMPNDS	SNDPMGRS
29	Parijatha	SRGPDS	SNDMGMRS
29	Phala Manjari	SGMDS	SNDMPMGRS
29	Pateera Dhwani	SMGMPDNS	SNDMGMGRS
29	Pateerava	SMGMPDNS	SNDPMGMGRS
29	Pazham Panzaram	SRGMPDNS	SNDPMGRS
29	Praharana Kalitha	SRGPDNS	SNDPGRS
29	Pramudita Vadana	SRGMPDS	SNPMRS
29	Prameya	SRGPDS	SNSDMGRS
29	Pramodigathi	SRGMPDNS	SNMRGRGS
29	Prasanthi	SGMGRSPNDS	SDPRPMGRGR
29	Priyamvada	SRGMPNDPS	SNPMGRS
29	Pulomika	SRGPDS	SNDPGS
29	Punjavali	SMGRMPNDNS	SNDMGRS
29	Purnachandrika	SRGMPDPS	SNPDPMGMRS
29	Purno Daya	SRMPDS	SNPMRGRS
29	Purna Gowla	SRMGRMPDNS	SNDPMGRS
29	Purva Gowla	SRMGRMPDN	DNS
29	Puthrika	SRGDNS	SNDGRS
29	Raga Mallika	SRGMNDMP	SNDPMRMGS
29	Raja Manohari	SRGMPNS	SNDPMGM
29	Ranjana Gowri	SDPNSRGMPN	DPMGRSNDPS
29	Ratna Bhushani	SRGMPS	SPMGRS
29	Rithu Vilas	SGMPDNS	SNDPMRS
29	Rukma Dwaja	SRGMPDNS	SDPMGRS
29	Rukma Sandini	SRGRMPDNS	SDPMGRS
29	Sadvika Rekha	SRMPNS	SNDPMGRMGS
29	Salilapriya	SGMPMDPNDS	SNDPMGRS
29	Sambu kriya	SGRMPNS	SNPNMGRS
29	Sankara	SGPNDSN	SNDMPGRGSRS
29	Sankari	SGPNS	SNPGS
29	Sankarabaranam	SRGMPDNS	SNDPMGRS
29	Sankara Mohana	SRGPNDSN	SDPGRS
29	Sankara Lalith	SRGMMDNS	SNDMMGRS
29	Sankari Mukhari	SRGMRMPNDS	SNDPMRGMNS
29	Sandharsini	SRGMDNS	SNDMGRS
29	Saradwini	SRGMGPNDNS	SDNDPMGRS
29	Sarvarathi	SRGMPDNS	SNPGRS
29	Saravibhashini	SRMPMDNS	SNPMGRS
29	Saraswati Manohari	SRGMDDNS	SNDPMGMRS
29	Saranga Mallaru	SRMPDNS	SNDPMRSNS
29	Satkavitha	SGMPNS	SNDPMGRMGRS
29	Shakari	SGPNS	SNPGS
29	Shalirasa	SMGRGMNDNS	SNDNPDMGM
29	Shanmatrika	SRGMPDNS	SNDNPMRS
29	Sikandi Vrutha	SRMPDS	SNDPDMRMGS
29	Sindhu Mandari	SRGMPS	SNDPGMDPM
29	Simhonnatha	SMGDPNDS	SNDPMGRS
29	Sittavali	SRGMPDNS	SNPMRS
29	Sivagangai	SMPDNS	SDPGRS
29	Siva Gandhari	SGMPDNS	SNDPMGRS
29	Someswara Priya	SGMDS	SNPMRS
29	Sri Kanada	SRGMPMDNS	SNPDNPMGRS
29	Sri Kedaram	SMGMPNS	SNPMGRGS
29	Sri Mahabalagiri	SRMPDNS	SNDPMRSNS
29	Srivivardhini	SRMPS	SNDPMGRS
29	Suddha Bilawal	SRGMPDNS	SNDPMGRS
29	Suddha Nattai	SGMPNS	SNPMGS
29	Suddha Saveri	SRMPDS	SDPMRS
29	Sukla Karnataka	SRGMPDNS	SDPMRPMGS
29	Sujana Priya	SRGMPDNS	SDNPMGMR
29	Sunadhala	SRMPNDNS	SNDPMRGS
29	Sura Nandhini	SRGPDNS	SNDPGRS
29	Thandavam	SGPDNS	SNDPGS
29	Tharavali	SRMGSSGM	PDNS
29	Thivrika Vasantham	SGRGMPDNS	SNDMGRS
29	Thomara Dharini	SRMPDNS	SNDPMRS
29	Thulikal Vichitra	SRGRMPDS	SNDPDMNDM
29	Vandhya Mukhi	SRMPNS	SNDPMGMRS
29	Vana Vasundara	SRGMNS	SNDPMGRS
29	Vasantha Goshi	SRPDNS	SNDPNS
29	Vedanda Gamana	SGMPNS	SNPMGS
29	Vedanjani	SGMPMDNS	SNDPDMGRS
29	Veera Nayaki	SRGMPDNS	SDPMGS
29	Vikasithananda	SGMDNPDS	SNDPMGRGS
29	Vilasini	SRGMPNS	SNPMGRS
29	Vishna Baranam	SRGMPNS	SNDPMGRS
29	Vratha Baranam	SRGMPNS	SNDPMGRGS
29	Yoga Sarabhi	SGMDNS	SNDPMGS
30	Barmambari	SRMDNS	SNDMRS
30	Bharvidhwaja	SRGDNS	SNDGRS
30	Gajanandini	SRGMDNS	SNDMGRS
30	Gambiravani	SGPMPDNS	SDPMGRGRS
30	Gayaka Lapini	SRGMPDS	SDPMGRS
30	Hamsa Gandarvam	SRGMPS	SNDNPMRS
30	Jaganmatha	SGPDNS	SNDPGS
30	Karpuram	SGMDNS	SGMDNS
30	Kolapani	SRGMDPNS	SDMGRS
30	Lalitha Gandharvam	SRGMPDNS	SNPGRS
30	Naga Bhashini	SGRGMDNS	SNPMGRS
30	Naga Bharanarn	SGRGMPDNS	SGRGMDNS
30	Naga Sisuritha	SRMPDS	SNDNPMDMR
30	Nandavasutha	SMGMPDNS	SMGMPDNS
30	Pika Dhwani	SRGMDS	SDMGRS
30	Pratapa Kokilam	SPMPDNS	SNPMGS
30	Samantham	SGMPDNS	SNDNPMGRS
30	Simhela Saveri	SMGMPDNS	SNDNPMGS
30	Soma Bhoopalam	SRMPMDS	SDNPMGRS
30	Sri Lochana Priya	SRGPDNS	SNDPGRS
30	Suka Latha	SGMNPDS	SNDPMGRS
30	Trilochana Priya	SRGPDNS	SNDPGRS
30	Vahini	SRGPDS	SDPGRS
30	Vilas Vathi	SRMPDS	SDPMRS
31	Bidajapriya	SRGDNS	SNDGRS
31	Damaruga Priya	SRGPDNS	SNDPGRS
31	Desa Ranjani	SRMPDNS	SNDPMRS
31	Gandharva Kannada	SRGPDS	SNDPMGMRS
31	Hindola Kannada	SGMDNS	SNPDMGS
31	Kalahamsa	SRMPDNDS	SNDPMRS
31	Kallola Bangala	SRMPNDS	SNPDMGRS
31	Kanchani	SRGMPNS	SNPMGRS
31	Kanthimathi	SRGMPS	SPMGRS
31	Kanyavidhana	SGMPDNS	SDPMGRGRS
31	Kokila Gandaruva	SGMDS	SDPMGRGS
31	Mridani	SRGMNS	SNMGRS
31	Naga Gandharvam	SRMPDNS	SDNPMRS
31	Nirjarini	SRMDNS	SNDMRS
31	Panava Narasa	SGMDNPDPS	SNDPMGRS
31	Pratapa Hamsa	SGMPNDNS	SNDPMGMRS
31	Pratapa Gamana	SGMPNDNS	SNDPMGRS
31	Ranjani	SRGMDS	SNDMGSRS
31	Sahavasini	SRGPNS	SNPGRS
31	Sarasavani	SRGMDS	SDMGRS
31	Sikirini	SRMPNS	SNPMRS
31	Soma Kriya	SPMRGMDNS	SDPMGMRS
31	Sukha Dayini	SRPDNS	SNDPRS
31	Vimanasathi	SRGMPDNPS	SPMGRS
31	Vinaya Mrughi	SRMPDNS	SNDMGRS
31	Yagna Priya	SRGMDNS	SNDMGRS
31	Yauvani	SRGMPNDNS	SDPMRMGS
31	Yoga Gandhari	SRGMDNS	SNDPMDMGRS
32	Chitra Vaditha	SGRGMDM	SDPMRGRS
32	Chudamani	SRGMPS	SNDMRGS
32	Daumya	SRGMPDNPS	SNDPMGRS
32	Ghoshkari	SRGMPDS	SDPMGRS
32	Hamsa Nisari	SRMPDS	SNDPMGRS
32	Hatikangi	SRGPDNS	SNPGRS
32	Hindola Durbar	SGMPS	SNDPMRS
32	Hindola Saranga	SRGMPSNS	SNDPNDM
32	Jingla Bairavi	SGMPMDS	SNDPMGMRS
32	Kadyutha Ganthi	SRGMPNS	SNPMGRS
32	Kusuma Chandrika	SRMGMPDNS	SDPMRS
32	Maboni	SRGDNS	SNDGRS
32	Madana Bhuthi	SMGRPDNS	SNDPMGRS
32	Mayura Mauli	SRGMPDNS	SNPMRS
32	Mohana Chandrika	SGRGMPDNS	SNDMGRS
32	Naraji	SRGMNS	SNMGRS
32	Patolika	SRMPDNS	SNDPMRS
32	Praguni	SRGMPMNDNS	SDPGRS
32	Prathi Bimba	SRMDPNDS	SDPGRS
32	Raga Vasantha	SRMPNDS	SNDMPMGRS
32	Ramya	SGRGMPDNPS	SNPMGRS
32	Rinkari	SRMGMPNS	SNPMRS
32	Samantha Jingla	SRGMPDNS	SNPDNPM
32	Swara Vardhini	SRGMDNS	SNDMGRS
32	Thamomani	SRGPDNS	SNDPGRS
32	Varini	SRPDNS	SNDPRS
32	Vipula	SRGPDS	SDPGRS
32	Vishnu Priya	SGMPDNS	SNDPMRS
33	Ananda Leela	SRGMPNS	SNDPMGRS
33	Badrakara	SRGRMPDNS	SNDNPMRGS
33	Barmangi	SRGDNS	SNDGRS
33	Bhupala Ranjani	SRMPDNS	SNDPMRS
33	Dautapanchamam	SRGMPNPS	SNDPMRGMRS
33	Devamani	SRGPDNS	SNDPGRS
33	Gambirya Nattai	SGMPNS	SNPMRS
33	Ganga Tarangini	SRGMPDNS	SNPDMGMRS
33	Ganavathi	SRGMPNS	SNDPMGS
33	Geetha Murthi	SRGMPDNS	SNDPMGS
33	Hala Mukhi	SRMPDNS	SNDMGRS
33	Hema Bhushani	SRGMDNS	SNDMGRS
33	Hindola Malavi	SMPDNDS	SNDPMRS
33	Hindola Saveri	SGMPMDNS	SNPDMRS
33	Kannada Durbar	SRGMPDPS	SNDPMRS
33	Needhi Murthi	SRGMPDNS	SNDPMGS
33	Nirvari	SRMDNS	SNDMRS
33	Paksuka Mana	SMGRGM	SNDPMGRS
33	Saila Desakshi	SRGMPMDNS	SNPMGMRS
33	Subha Kari	SRMPDS	SDPMRS
33	Suddha Jingla	SGPMDNS	SNPMGS
33	Vadhithya-	SRPDNS	SNDPRS
33	Vidhana Sanki	SRGMPDNS	SDPMPGRS
34	Bhanu Deeparam	SMRGMPS	SDPMGMRS
34	Bhanu Manjari	SRGMPNS	SNPMRGRS
34	Chaya Nattai	SRGMPMPS	SNDNPMRS
34	Dhrutha Rupa	SRGMPDS	SPMGMRGS
34	Ganga	SRGMPDNS	SNPMGRS
34	Ganavarithi	SMRGMPDNS	SDNPMRS
34	Ghosha Vinodhini	SRGMPDS	SDPMGRS
34	Jagadheeswari	SRGMDNS	SNDMGRS
34	Kusuma Bramari	SRGMPMDNS	SNDPMRS
34	Magathi	SRMPDNS	SNDPMRS
34	Maya Vinodini	SRGDNS	SNDGRS
34	Mecha Gandhari	SRGMPDNS	SNDNPMGMRS
34	Mecha Nilambari	SGMPDNS	SNPMRS
34	Mohanangi	SRGPDS	SDPGPDPGRS
34	Murthika Darpanam	SRGDMSDNDS	SNDPMGRS
34	Nalina Mukhi	SMGMPDNDS	SNDPMGMRS
34	Nalina Sukhi	SMGMPDNDS	SNDPMGMRS
34	Neelakanta Priya	SRGPDNS	SNDPGRS
34	Pragnavathi	SRMDNS	SNDMRS
34	Prithivya Padmaka	SRMPDNS	SNDPMGRS
34	Sapthaswarakirani	SRPDNS	SNDPRS
34	Sarada Baranam	SMGMPMDNS	SNDMPMRS
34	Sarasa Bhashini	SRGMDS	SDMGRS
34	Sarasiruha Priya	SRMPDS	SNPMRS
34	Sruthi Natta	SRMPDNS	SNDPMRS
34	Suddha Gantanam	SGMPDS	SNDPMRS
34	Suddha Gottamani	SGMPDS	SNDPMRS
34	Suddha Kampitham	SGMPDS	SNDPMRS
34	Suddha Panchalika	SGMPDNDS	SNDPMGS
34	Vagvimathi	SRGMPDS	SNDPMGRS
34	Vani Panchamam	SRGMRMPDNS	SNDMGPMRS
34	Vihangika	SRMPNS	SNPMRS
34	Vikavati	SRGPDS	SDPGRS
34	Vruddha Sumuki	SRMGMPDNS	SDNPMGRS
35	Bala Sadasa	SNSGMPDPNS	SDPMGRS
35	Bhushana Dharini	SRMPDNS	SNDPMRS
35	Chalani	SRGMPDNDS	SNDMGRS
35	Desakshi	SRGPDS	SNDPMGMRS
35	Ganavaridhi	SMRGMPDNS	SDNPMRS
35	Hamsa Gantana	SRGMPDNS	SNPMGMRS
35	Hamsa Gotmana	SRGMPDNS	SNPMGMRS
35	Hara Nandana	SRGRMPNDNS	SNDNMGRGS
35	Hara Vardana	SRGRMPNDNS	SNDNMGRGS
35	Kinnaravali	SRGMDNS	SNDMGRS
35	Malini Makarandam	SRMPNS	SNPMRS
35	Mecha Narayani	SRGMPDS	SDNPMRS
35	Mrigendra	SRGDNS	SNDGRS
35	Naga Varidhi	SRGPDS	SNDPMGMRS
35	Nalina Hamsi	SRGMPDNS	SNDPMRS
35	Nalina Panchamam	SRGMPDNS	SNDMGRS
35	Prathithi	SRMDNS	SNDMRS
35	Sarojini	SRPDNS	SNDPRS
35	Sekari	SRGMPDNS	SDNPMRGS
35	Seshanada	SRGMPDS	SNDMGRS
35	Sramahara	SRGMPDNS	SDMPDPGRS
35	Soka Varali	SGMN	DPMGRS
35	Sri Ganavaridhi	SMRGMPDNS	SDNPMGRS
35	Sula Rekha	SRGMDNS	SNDPMRGS
35	Trisuli	SGMPNS	SNDPMRS
36	Achala Natta	SRGMDNS	SNDMGRS
36	Ashta Murthi	SGRMPNDS	SNDMNMGRS
36	Bhaskara Priva	SRMPDNS	SNDPMRS
36	Gana Ranjani	SGMPNS	SRGMPDNS
36	Godharshini	SRGMPDS	PMRS
36	Hindola Mohanam	SRMPDS	SNPMRS
36	Kokila Nata	SRGMPDNS	SNPMGRS
36	Leechi Salaka	SRMGMDNPS	SNDPMGRS
36	Lolakshi	SRGPDS	SDPGRS
36	Mangaladwani	SRGMPNDNS	SNDPMGRS
36	Maruva Simantha	SMGMPDPS	SNDPMGRS
36	Nattai	SMGMPDNS	SMGMPDNS
36	Nattapadai	SRGMPDNS	SNPMRS
36	Nepali	SRGPDNS	SNDPGRS
36	Purna Nattai	SRGMPDN	SNDPMGRS
36	Reva	SRGDNS	SNDGRS
36	Ruchi Rangi	SRMDNS	SNDMRS
36	Sairandhiri	SRPDNS	SNDPRS
36	Sayujya Dharini	SGMPDS	SDPMGS
36	Srimangala	SRGMPDNS	SNDNPMGRS
36	Sri Manjula	SRGMPDNS	SNDMGRS
36	Sruthi Ranjani	SRGPDNS	SPMGS
36	Suddha Madhyamam	SRGMPDNS	SNDPMGRS
36	Suru Ranjani	SGMPNS	SRGPNS
36	Varna Karina	SRMPNS	SNPMRS
36	Vijaya Pradha	SRGMDS	SDMGRS
36	Alaru	SGMDNS	SNDMGS
36	Bhogavarali	SRGMPNDNS	SNPDMGRS
36	Bhoga Vardhani	SRGMDS	SDMGRS
36	Bhoga Saveri	SRMPDN	DPMGRS
37	Bowli Vasantham	SGRGMDPNDS	SNDPMGMS
37	Enanka Manohari	SRGMPNS	SNPMGRS
37	Godhari	SGMPDNS	SNDPMGRS
37	Guna Bhushani	SRGMPS	SPMGRS
37	Haradharini	SGMPDS	SDPMRS
37	Hasthini	SRMPDS	SDPMRS
37	Kantha Manjari	SRSMPDNS	SRGMDNS
37	Karuna Priya	SRGMNDPNS	RGRMGRS
37	Kusuma Ranjani	SRMPDNS	SNDNPMGRS
37	Lalitha Maruva	SRGMPDNS	SNDMGRS
37	Melaga	SRGMDNS	SNDMGRS
37	Nadha Bramari	SGRGMPDN	DPMGRSNS
37	Naga Gupti	SMGRGPDNS	SDNDPMGRS
37	Rangavaili	SRGMNS	SNMGRS
37	Salakam	SRGMPDNDS	SNDPMGRS
37	Salaga Bhairavi	SRMPDS	SNDPMGRS
37	Samalapini	SGMPNS	SNPMGS
37	Sasa	SRGMPDNDS	SNDPMGRS
37	Saudhari	SRGRMGM	SNDPMGRS
37	Saugandhini	SRMPDS	SNDPMGRS
37	Sindhu Gantana	SGRGMPDS	SDMGRS
37	Sindhu Natta	SGRGMNDNS	SNDMGRS
37	Sindhu Ramakriya	SGMPDNS	SNPDMGS
37	Simhala	SRGMPDNS	SNDNPMGRS
37	Simharava	SRMPNS	SNPMRGRS
37	Soma Prabhavali	SRGMPDS	SDPMGRS
37	Suddha Bhogi	SRGMPNDS	SDNPMGRS
37	Suddha Mohini	SRGMPMDNS	SDPMGRGS
37	Yakshapriya	SRMPNS	SNPMRS
38	Bhoga Rasali	SRGMDPNS	SNDNPMGRS
38	Chandra Swarupi	SRGMPNS	SNDPMDMGRS
38	Devamukhi	SRGPDS	SDPMGRS
38	HamsaBhogi	SRGMDNS	SNDPMGRS
38	Jeevaratna Bhushani	SRGMPDNDS	SNDPMGRS
38	Kamalasana	SRGMPNDS	SNPDPMGRS
38	Kanthi	SRGMPNS	SNPMGRS
38	Kumudabaranam	SRGMPNDS	SDNPMGRS
38	Kusumavali	NSRGMPDN	DPMGRSN
38	Maragadha Bhushani	SGMPDNS	SNDPMGS
38	Maruva Chandrika	SNSRGMPDN	NDPMGRGS
38	Mukunda Baranam	SRGMPDNDS	SDNPMGRS
38	Naga Deeparam	SRGMDNS	SNDNMGRGS
38	Nati Param	SRGMDNS	SNDNMGRGS
38	Nirudragiri	SRMPDNS	SNDPMGRS
38	Prasthapana	SRGRMPDNS	SDPMGRS
38	Ravi Prabhavali	SRGMDS	SDPMGRGS
38	Sindhu Desya	SRSGMPNS	SNDPMGRS
38	Sudha Sagaram	SRGMDNS	SNDMGRS
38	Swethavarna	SRMGRPDNS	SNDPMGRS
38	Stauthra Priya	SGMPNS	SNPMGRS
38	Vanaja Mukhi	SRGMNS	SNMGRS
39	Adi Panchamam	SGRGMPD	NDPS
39	Adidesya	SRGMPNS	SNDPMGRS
39	Amritha Rakshani	SRGMPDNPS	SNDPMGRS
39	Amritha Varshani	SRGMPDNPS	SNPDMGRS
39	Anangadhari	SRGRMPNDNS	SNPDMGMRS
39	Asangadhari	SRGRMPNDNS	SNPDMGMRS
39	Bhoga Dhwaja	SRGMPDNS	SDPMRS
39	Bhudesa Priya	SGMPDNS	SNDPMGS
39	Bhupala Panchamam	SGRGPMDS	SPDMSRS
39	Dhali Varali	SGRGMPDNS	SNDPMGGRS
39	Eka Swarupi	SRGMGRPND	NPDPS
39	Girisa Priya	SRGMPNS	SNPMGRS
39	Hamsa Neelambari	SRGMDNS	SNPDMGRS
39	Hara Bhushani	SGMPNS	SNDMGS
39	Ilakanti	SMGMPDNS	SNDPGRMGS
39	Inavardhini	SRGMPDS	SNDPMGS
39	Jala Sugandhi	SRGMPDS	SDPMGRS
39	Jeenavalli	SGRGMPDNDS	SNDPMGRS
39	Kalyana Gowri	SRGRMPDNS	SDPGRS
39	Kurinji Vijayam	SGRGPDNS	SRMGRMPDS
39	Naga Bhogi	SPMPDNS	SPMPDNS
39	Naga Gantana	SRGMPDN	SGRGMNDS
39	Naga Kokila	SRGRGMPNS	SNPDNDPM
39	Natana Velavali	SRMPDNS	SNPMGRS
39	Raga Bhogi	SRGMPDN	DPMGRSND
39	Sabadyadi	SRMGRPDNS	SNPDMRGRS
39	Saivalini	SRGMNS	SNMGRS
39	Soka Bimba	SGMPNDS	SNPMGRGS
39	Suddha Sikamani	SRGMPDNS	SDNPMRGRS
39	Suka Mandara	SRMPDS	SNDPMGRS
39	Suma Bowri	SRGMDNS	SNDMGRS
39	Thanukirthi	SRMPNS	SNDPMGRS
39	Varali	SGRGMPDNS	SNDPMGRS
39	Varuna Dhwaja	SGMDNS	SNDMGS
39	Vigna Ranjitha	SRMGMPDS	SDMGRS
39	Vijaya Kokila	SRGMPDS	SNDPMGRS
39	Yami	SRMPNS	SNPMRS
40	Bahali	SRGRGPNDS	SNDMGRS
40	Divyamathi	SRGMPDPNS	SNDPMGRS
40	Dhivyambari	SGRGMPDPNS	SNDPMGRS
40	Divya Kunthala	SRGMPDPNS	SNDPMGRS
40	Gagana Gandhari	SRGRMPNDNS	SNDPMGRS
40	Heyangavana	SRGMDNS	SNDMGRS
40	Jananandhi	SRGMDS	SDMGRS
40	Mallikamodha	SGMPDNS	SNDPMGS
40	Nabomani	SRGRMPS	SNDPMGRS
40	Nagavelavali	SRGMDS	SNDMGRS
40	Nagonjini	SRGMPMDNS	SNDPMGMRS
40	Navarasa Kunthala	SMPDNS	SNDPDMGRS
40	Nishada Priya	SRGMPNDS	SNPMGRS
40	Pahali	SRGRGPNDS	SNDMGRS
40	Sindhunattakurinji	SRGMDNDS	SNDPMGRS
40	Soma Gantanam	SRGMNDNS	SNPDMGRS
40	Subhushani	SRSMPDNDS	SDNPMRS
40	Sughoshani	SMPDNDS	SNDPMRMS
40	Suka Neelambari	SRGMPDS	SNDPMGRS
40	Vallikakila	SRGMPDNS	SNDPMDMGRS
40	Visiambari	SRMPMGM	SNDPMGMRS
41	Adivasu	SRGMPMDNS	NDMGS
41	Barbara	SGMRGMDNS	SNDMGS
41	Bhogini	SGMPDNS	SNDPMGS
41	Dhaulika	SMGMPNS	SNPMGRS
41	Hamsa Rasali	SRGMDPDNS	SNDPMGS
41	Hema Pingala	SNSRGMND	NPS
41	Kokila Swaravali	SRGMDNS	SDMGRS
41	Kunthala Bhogi	SRGMDPNS	SNDNMGRS
41	Mukthavali	SGRGMPDNS	SNPDPMPGRS
41	Natana Deepakam	SRMGDNS	SNMGRGS
41	Nivaram	SGMDNS	SNDMGS
41	Pavanakari	SRGMDNS	SNDMGRS
41	Pithambari	SRGRMPDNS	SNDPMGRS
41	Pithrambari	SRGRMPDNS	SNDPMGRS
41	Prabhavali	SRMPDNS	SNDMPMRGRS
41	Prabhavati	SRMPDNS	SNDMPMRGRS
41	Pratapa	SGMPDNS	SNDPMGRS
41	Prati Madhyamam	SRMPDS	SDPMGRS
41	Purna Chandrika	SRGMPDPS	SNPDPMGMRS
41	Purna Gaula	SRMGRMP	NDNS
41	Purna Lalitha	SRGRMPS	SNDPMGRS
41	Purva Kalyani	SRGMPDNDS	SNDPMRS
41	Puttari	SGMPDNS	SNDMGS
41	Rakthi Mathi	SGMPMDNS	SDPMPGRS
41	Rudra kesari	SRGPNDS	SNDPMGRS
41	Sarpanthiri	SRMGMDNS	SNDPMGRS
41	Somakirani	SRMPDS	SDPMRS
41	Sri Murthi	SRGMPDS	SNDPMGRS
41	Suddha Girvani	SRGMPDNS	SDPMGRS
41	Suka Pavani	SRSPMDPS	SNSDPMGRS
41	Syama Neelambari	SRGMPDNS	SDNDMGRS
41	Veera Vahini	SRMPDNS	SNDPMGRS
41	Vijaya Sri	SGRGMPNS	SNPMGRS
41	Yuddhevika	SRSGMPDNS	SDPMRGRS
42	Alapa	SGMDNS	SNDMGS
42	Ananda Bhogi	SRGMPNDN	DPMGRSN
42	Chandra Prabha	SRGMPDS	SDPMGRS
42	Gandarvam	MPDNSRG	RSNPMPDNS
42	Gantaravam	MPDNSRGM	PGRS
42	Gopathi	SRGMPDN	PMRGRS
42	Hamsa Deeparam	SRGMPNPS	SNPDNPMGRS
42	Hamsa Velavali	SRGMPDPNS	SNPMGRS
42	Haraenapi	SGMPDS	SDPMGS
42	Hindu Kirvani	SRGMPS	SNPDNPMGRS
42	Indu Kirvani	SRGMDS	SNPDNPMGRS
42	Jagan Gana	SRGMPNDNS	SNPMRGMRS
42	Jwalika	SRGMPNS	SNDPMGRS
42	Lalithadeepakam	SRGMPDNS	SNDNPMGRS
42	Marthanda Priya	SGMPDNS	SNDPMGS
42	Maruva Gaula	SRGPMDNS	SNDPMGRS
42	Maruva Lalitha	PDNSRGMP	PMGRSNP
42	Mecha Saveri	SRMPNS	SNPMGRS
42	Neela Suri	SRGPDS	SNDPMGRS
42	Prapapanchasraya	SRGMDS	SDMGRS
42	Raghu Leela	SMRPMGMP	SNDNPMGM
42	Ravi Kriya	SGRGMPNDNS	SNPMGRS
42	Ravi Priya	SRGMDNS	SNDMGRS
42	Rishabha Vahini	SRGMPDS	SNPDMGRS
42	Saraswati Ranjani	SRMPDS	SDPMRS
42	Thoomala	SRGMDN	PMRGRS
42	Kanaka Varshini	SRMGRDNS	SNDPMGRS
42	Kanaka Leela	SGMMNDS	SNDMGS
43	Anjanavati	SRGMPDS	SDPMGRS
43	Devakeernava	SRMPNDNS	SNDPMGRGS
43	Devamalaka	SGMPNS	SNPDPMGRS
43	Ganavarshini	SRMGRDNS	SNDPMGRS
43	Geervani	SRGRMGMPN	PNDS
43	Gopikabaranam	SRGMPNS	SNPMGRS
43	Jayavelavali	SRGMDPDNS	SNDMGRS
43	Kalavasantham	SGMPDNS	SNPMGS
43	Kalika Vasantham	SGMPDNS	SNPMRS
43	Kanaka Vasantika	SGMPDNDS	SNDMGS
43	Kavanda	SGMDNS	SNDMGS
43	Kokila Deeparam	SRGMNDS	SNDMGRS
43	Kokila Deeptham	SRGMPDS	SNDMGRS
43	Kokila Keeravani	SRGMPDS	SNMGRS
43	Kothmari	SRMPDS	SNDPMGRS
43	Lasya Priya	SRGMPS	SPMGRS
43	Mechakambhoji	SRGMDNS	SNPDMGRS
43	Nandimuka	SRGMDNS	SRMPDNS
43	Parameshti	SRGMDS	SDMGRS
43	Parisuddha	SRGMNDNS	SNDPMGRS
43	Peethambari	SRMPDNS	SNDPMGS
43	Sinjini	SGMPNS	SNPMGS
43	Sama Swaravali	SRGMPNDS	SDPDMGRS
43	Simha Madhyamam	SRGMNS	SNMGRS
43	Sri Kirvani	SRGRMGMDN	SNDS
43	Sudhambodhi	SRGMDNS	SNDMGRS
43	Suvarna Deepakam	SRGMPDS	SDPMGRS
43	Thara Jyothi	SRGMPDNS	SDPMRS
43	Vijaya Bhushavali	SRGMPMPS	SNDPMGRS
44	Amboruha	SRGPDNS	SNPDMGRS
44	Annavaridhi	SRMPNS	SNPMRS
44	Bhavukadhayini	SGMPDNS	SNDPMGS
44	Bhikara Goshini	SRGMPDNS	SNDMPMGRS
44	Bhinna Herali	SMPDNDS	SNDPMGRS
44	Dhavala Sarasiruha	SRGMDPNS	SNDMGRS
44	Halayudha Priya	SGMPDS	SDPMGS
44	Kanchanavathi	SRGMPNS	SNPMGRS
44	Kannada Deepara	SRGMDNS	SNDPDMGRS
44	Kala Murthi	SRGMDNS	NSGRGMPS
44	Karmavu	SGMDNS	SNDMGS
44	Malathi Priya	SRGMPDNDS	SNDPMGRS
44	Maragadha Prabha	SRMPDNS	SNDPMGRS
44	Mecha Bangala	SRGMPNS	SNDPMGRS
44	Nadharupini	SRGMPNS	SGRGMPDNS
44	Parandaman	SRMPDS	SDPMRS
44	Pradeechi	SRMDNS	SNDMRS
44	Raja Saranga	SRGMPDNS	SNDPMRGMRS
44	Rohana Kalyani	SGMDNS	SNDPMGRS
44	Samantha Maruva	SRGMDNS	SNDPMGRS
44	Samantha Velavali	SRGMDPDS	SDNPMGRS
44	Saravardhini	SRGMDPDNS	SNPDPMGRS
44	Thava Sarasiruham	SRGMDPNS	SNDMGRS
44	Vallavan	SRGMPDS	SNDNPMGMRS
44	Vedika	SRGMNS	SNMGRS
44	Ugran	SRGMDS	SDMGRS
45	Airavathi	SRGMPNS	SNPMGRS
45	Arunangi	SRMPNDS	SNDMRGS
45	Bhanu Dhanyasi	SRGNDN	DPMGRSNS
45	Bhanu Keervani	SRGMPDNS	SNDMGRS
45	Bhaumukhi	SRGMPNS	SNDPMGRS
45	Chala Kesari	SRMPDNS	SDPMRS
45	Chaya Ranjani	SGMPNS	SNDPMGS
45	Chowka Bheeru	SRGMPDNS	SDMGRS
45	Dasa Nandini	SRGPNS	SDPMGRS
45	Gamaka Samantham	SGMPNS	SNDPMGRS
45	Garuda Priya	SMPDNS	SRSNDPMR
45	Garuda Vardhini	SRGMNDMP	DNS
45	Govardhini	SRGPDS	SNDPMGRS
45	Jalakesari	SRMPDNS	SDPMRS
45	Kama Prabha	SRGMDNS	SNDMGRS
45	Kamala Baranam	SRGMPNDS	SNDPNDMGRS
45	Kamaranjani	SRGRMPDNS	SNDMGRGS
45	Kanaka Deeparam	SGMPDPN	DPMGRSNS
45	Kantha Rakshasa	SRGRMPDNS	SDPMGRS
45	Kereeda Mathi	SRGMPDNS	SDPGRS
45	Latha Mani	SRGPMPDPS	SNDPMDMGRS
45	Latha Mathi	SRGPMPDPS	SNDPMDMGRS
45	Maadha Ranjani	SRGMPDNS	SNPMGRS
45	Maha Nandini	SMGMPDNS	SDNDMGRS
45	Mala Dharini	SGMPDNS	SNDPMGS
45	Maruva Vasantham	SMGMPDNS	SNPDMGRS
45	Maya Dharini	SGMPDNS	SNDPMGS
45	Mecha Manohari	SRSGMPDPNS	SNDMGRS
45	Multani (Gamaka	SGMPNS	SNDPMGRS
45	Nama Prabha	SRGMDNS	SNDMGRS
45	Namagan	SGMPNS	SDPGRS
45	Nattaragam	SRGMPDNS	SNDPMGRS
45	Panchama Natta	SRGMNS	SNDPMGRS
45	Panthu Varali	SRGMPDNS	SNDPMDMGRS
45	Parai	SRMPNS	SNPMRS
45	Prabhasa	SRGMPDS	SNDPMGRG
45	Parvathi	SGMPNS	SNDPMGS
45	Ramakali	SRGPDS	SNDPMGRS
45	Ratna Garbha	SRGMNS	SNMGRS
45	Rudra Manjari	SRGPNDS	SNDPMGRS
45	Sekhara Chandrika	SRGMNDNS	SNDMGRS
45	Shadakshari	SGRGMPDNS	SNDMGRS
45	Siva Panthuvarali	SRGMPDNS	SNDPMGRS
45	Srunga Mola	SGRGMDPDNS	SNDPMGRS
45	Subhavathi	SRGMPDNS	SNPMRS
45	Subhali	SRGMDNS	SNDMGRS
45	Subha Varali	SMRGMPDN	DPMGRSNS
45	Subra Varali	SGMPDNS	SNPDPMGRMGS
45	Suddha Billari	SRMPMDNS	SNPMGRS
45	Suddha Swaravali	SGMPMDNS	SNDMGS
45	Sura Varali	SRMPDS	SNDPMGRS
45	Svaratna Deepika	SRMGMPDNS	SDPMGRS
45	Tharatalam	SRGMPDS	SNDPMGRS
45	Tharinjikam	SRGMPDPS	SNDPMGRS
45	Tharaka Pathi Priya	SRGMPDS	SNPGS
45	Vasodhari	SRGMNDNS	SNDPMRGMRS
45	Veera Leela	SGMPDNS	SNDMGRGS
46	Amrithalahari	SRGMPDS	SDPMGRS
46	Bahumarini	SRGMDNS	SNDMGRS
46	Bhavali	SRMPDS	SNDNDPMGRS
46	Bhinna Kaisiki	SRGMDNS	SNDMGRS
46	Brahmi	SRGMDS	SDMGRS
46	Deekshangi	SRSMPDNS	SNDPMGSRS
46	Deepa Kanthi	SGPDS	SNPMRS
46	Dhana Manjari	SGMDNPDNS	SNDMGRS
46	Dheva Sena	SRGPDS	SNDPMGRS
46	Garbha Leela	SMGMPNDNS	SNDPMGMRS
46	Indhu Dhanyasi	SGMDNS	SNDPDMGRS
46	[agadamba	SGPDS	SNPMGRS
46	[aya	SGMPDNS	SNDPMGS
46	[aya Srikanthi	SGMPDNS	SNDPMGS
46	KanchaPunji	SRGMPMNDS	SNDPMGRS
46	Karala Dhari	SRGMDNS	SNDMGRS
46	Kshith Rakshi	SRMGRMPDNS	SNPDPMGRS
46	Kunthala Swaravali	SGMPDNS	SNDNPMGRS
46	Lokadeeparam	SRGMPNDNS	SNDMPMGRS
46	Nadha Manjari	SGMDNPDNS	SNDMGRS
46	Pancha Mukhi	SGRGMPDNS	SNPMGRS
46	Penandholi	SRMPNS	SNDPMGMRS
46	Prabhavathi	SRGMPDS	SNDPMGS
46	Prathi Hari	SRMPDNS	SNDPMRS
46	Purasuya	SRMGRMP	SNDPMGRS
46	Purna Shyamala	SRGMPDNS	SDPMRGRS
46	Sabha Vigraha	SRMPNDS	SNDPMGRS
46	Shuktija Priya	SGMPDS	SDPMGS
46	Sri Kanti	SGMPDNS	SNDPMGS
46	Sri Indhu Bhogi	SGRGMPDS	SNDNPMGRS
46	Sri Theevra Vahini	SRGMPDPNS	SNDPMGRS
46	Sthava Raja	SRMPDS	SNDMGS
46	Theevra Vahini	SRGMPDPNS	SNDPMGRG
46	Tirumurthi	SRGMPNS	SRMGMDNDNS
46	Vijaya Beedu	SGRGMPNDS	SDPMGRS
47	Anukanti	SRMGRDNS	SNDPMGRS
47	Balavam	SRGRMPDNS	SNPDPMGRS
47	Bhagamanjari	SGMNPDNS	SNPMGRS
47	Bhoga Dwaji	SRGMPDNS	SDPMRS
47	Brungamohi	SRMPDNS	SNDPMRS
47	Dheerga Mangali	SRMPDS	SDPMGRS
47	Dhurjathi Priya	SRGMPDNS	SNPGS
47	Hatakangi	SRGMDNS	SNDMGRS
47	Kuntala Dhanyasi	SGMPMDNS	SNDNPMGRS
47	Manini	SGMPDNS	SNDPMGS
47	Marmakshari	SRGMPNS	SNDPMGMRS
47	Maruva Narayani	SRGMPDS	SDNPMGRGS
47	Navarasa Bangala	SRGMDPDNS	SNDMGS
47	Panchasya Nandana	SRGMPDNS	SNDPMGRS
47	Raja Ganthi	SRGPDNS	SNDMGRS
47	Rajavasyani	SRGMPDNS	SDPMGS
47	Raktha Mathi	SGMPMDNS	SDPMPGRS
47	Rathika	SGRGMPDNS	SNDPMGRS
47	Rathi	SRGRMPDNS	SNDPMGRS
47	Sakthakala Vardhani	SRGRMPDPN	SNDPMGRGS
47	Sakthi	SRMPNS	SDPMGS
47	Salaga Velavali	SRGMPNDNS	SNDPMGS
47	Savveera	SRGRMPDNS	SNPDPMGRS
47	Senamanohari	SGMPDNDS	SNDPMGRGS
47	Srinavarasa Bangala	SRGMDPDNS	SNDMGS
47	Surya Jyothi	SRGMPDS	SNDPMGRS
47	Vikrama Varali	SGMPNS	SNDPMGRS
47	Visaveer	SRGRMPDNS	SNPDPMGRS
47	Vrishabavahini	SRMPDNS	SNDMGRS
47	Vyagra Manjari	SRMPNS	SNDPMGRS
48	Amapanchamam	SRGMPDNS	SNDMGS
48	Amra Panchamam	SRGMDNS	SNDMGRS
48	Amritha Panchamam	SRGMDNS	SNDMGSRS
48	Anna Panchamam	SRGMPDNS	SNDMGS
48	Bhoga Dhanyasi	SGMPNS	SNPDNPMGRS
48	Bhoga Sindhu	SPMPDNS	SNDNPMS
48	Bramara Uttari	SRGMPDNS	SDPMRS
48	Deepika	SGMPDPS	SNDNPMGRS
48	Desavali	SRGMDNDS	SNDMGRS
48	Desa Gaula	SRSPDNS	SNDPSRS
48	Desa Mukhari	SRGMPDNDS	SDNDPMGRS
48	Deva Hamsika	SRGMPMDS	SNDPMGRS
48	Divya Kunthalam	SRGMPDS	SNDPMGRS
48	Dhautha Panchamam	SRGMPNPS	SNDPMRGMRS
48	Jeevan Thini	SMPDNS	SNPMGS
48	Kannada Velavali	PNSRGMP	PMGRSNDNP
48	Kunthala Deeparam	SMPDNS	SNDNPMGS
48	Mangala Prada	SGMPDNS	SNDPMGS
48	Maruva Desi	SGRGMPS	SPDNPMRS
48	Pathaka	SRMPDNS	SNDPMRS
48	Patiladri	SRGMDS	SDMGRS
48	Rudra Gandhari	SRGMNS	SNDNPMGS
48	Sama Barbari	SRGNDNS	SNDMGRS
48	Savvera	SGRGMPDNS	SNPDPMRS
48	Suddha Ghandari	SRGMNS	SNDNSNPMRS
48	Sowkya Dhayini	SGMPDS	SDPMGS
48	Suka Swaravali	SNSRGMPDN	PMGRSNS
48	Sura Mani	SRGMDNS	SNDMGRS
48	Veda Dayi	SMGMDNPNS	SNDPMGRS
49	Abhiramam	SRMPDNS	SNDPMGRS
49	Bammani	RSGMDNS	SNDMGRS
49	Bhinna Varali	SMPDNDS	SNDPMS
49	Chaya Maruva	SGRGMDNDS	SNDMGRS
49	Dharmani	SRGMDNS	SNDMGRS
49	Dhavalangam	SRGMPDS	SNDPMGRS
49	Dhavala Varali	SRGMPDS	SNDPMGRS
49	Dheepa Kriya	SRMPDS	SNDPMGRS
49	Dheera Swarupini	SRGMPDNS	SDNDPMGS
49	Dheva Bharana	SGRGMDNS	SNDNPMGRS
49	Dheva Giri	SRMPDS	SNDPMGRGS
49	Kannada Kurinji	SGRGMPDNS	SDPMRS
49	Kanchana Mala	SRGMPNS	SNPMGRS
49	Navamani Chandrika	SRGMDNS	SDPGRS
49	Navarasa Andhali	SGRGMPDS	SDPMGRGS
49	Santha Murthi	SRGMDS	SDMGRS
49	Sudharamani	SRMPDNS	SNDMGRS
49	Swarabharana	SGMPDNS	SNDPMS
49	Thalyam	SGMDNS	SNDMGS
49	Thamari	SRGMDNS	SNDMGRS
49	Thandava Priya	SRGMPS	SNDMGS
49	Thapa Ranjani	SRGRMPDNS	SNDMGRS
49	Vamsikam	SMPDNS	SNDPMS
49	Vanthika	SMPDNS	SNDPMS
50	Bala Gambeerya	SGRGMDPDNS	SNDPMGRS
50	Dhandayana	SRGPNDNS	SNDPMGRGS
50	Deva Koti	SRMGMPNS	SDPMRGS
50	Gowri Maruva	SRMPDS	SNDPMGRGS
50	Hrudha Kanthini	SRGMPNDS	SNDPMGS
50	Indirani	SGMPDS	SNPMGRS
50	Kannada Bhogi	SRGMPNDNS	SNDMGRGS
50	Kusuma Bhogi	SRGMDNS	SDNDMGRGS
50	Mahadevan	SRMPNS	SDMGS
50	Maran	SRGMPNS	SRGMPNS
50	Mara Narayani	SGRGMPDS	SDPMGRGS
50	Narmada	SMPDNS	SMPDNS
50	Namadesi	SRGMPDNS	SNDPMGRS
50	Nasa Mani	SRGMPMPS	SNDNPMRS
50	Navarasa Gandhari	SRGMPMDNS	SNDMGRS
50	Nirmada	SRGMDNS	SNDPMPGRS
50	Omkara Ghoshini	SRMPNS	SNPMGRS
50	Prabhava	SRGPMDNS	SNDPGRS
50	Shadhvi	SGMDNS	SNDMGS
50	Selvanayaki	SRGPNS	SDPMGRS
50	Soman	SRGMDS	SDMGRS
50	Sri Madhukari	SRGMPDNS	SNDMGRS
50	Sri Omkara Bhoshani	SRGMPNS	SNPMGRS
50	Suranati	SRMDNS	SNDMRS
50	Vaishnavi	SRGMDNS	SNMGRS
50	Vilambini	SMGMPNDNS	SNDNPMGMS
51	Bahudhamini	SGRGMPDNS	SNDMGRS
51	Bhoga Samantham	SGMPDPS	SDNPMGRS
51	Bramara Tarangini	SRGMPDNS	SPDNPMRGMRS
51	Chara Chandini	SRMDPDS	SDPGMRS
51	Chintamani	SGMDNS	SNDMGRS
51	Chodha Ranjani	SRGMPDNS	SNPMRGRS
51	Dharmini	SRGMDNS	SNPMDMGRS
51	Dhakshinamurthi	SRGPNS	SNDPMGS
51	Devagiri	SRMPDS	SNDPMSRS
51	Deva Sabhai	SRGPS	SNDMGRS
51	Dhamboli	SRGPDNS	SNMGRS
51	Dhanta Vasantha	SRMDNS	SDNDPMSMRS
51	Gagana Mayuri	SMGDNS	SNDMPMGRS
51	Gamaka Priya	SRGMPNDS	SDPMGRS
51	Garbha Sardula	SRGMNS	SPMGRS
51	Gaana Mayuri	SMGDNS	SNDMPMGRS
51	Hamsa Narayani	SRGMPS	SNPMGRS
51	Hemarnava	SRGMPDNS	SNDMGRS
51	Himaja	SRGMDMPP	NDS
51	Indumathi	SGMDNS	SNDPMGS
51	Kalthava Priya	SGMPDS	SDPMGS
51	Kamadwajitha	SRMPNDS	SNDPMGRS
51	Kamala Vasantha	SRSMPDS	SRGMPDS
51	Kanaka Rasali	SRGMDNS	SDPMGRS
51	Kanaka Sabhai	SGPDS	SNPMRS
51	Kandajwalana	SRMPNS	SNDPMGRS
51	Keerani	SGRGMPDNS	SRGMPDNS
51	Kesari Kriya	SRGMDMPNS	SNPMRMGS
51	Kukuda Sri	SRGMPDNS	SNPMGRMGS
51	Kumuda Priya	SRGMDS	SNDMGRS
51	Kumuda Kriya	SRGMDS	SNDMGRS
51	Kumuda Prabha	SRGDNS	SDMGRGS
51	Makarayudham	SRGMPDS	SNPMGRS
51	Makutasri	SRGMPDNS	SNPMGRMGS
51	Mandari	SRGMPNS	SNDPMGRS
51	Manmada Latha	SNSRGMPDPS	SDPMGRSNS
51	Maruthi	SRMPNS	SNDPMGRS
51	Mukunda Manohari	SGRMDPNS	SNDPGRS
51	Navukkarasu	SGPNS	SDPMGRS
51	Nihara	SGMDNS	SNDMGS
51	Nishkam	SRGPDNS	SNDPMGRS
51	Padma Kesara	SRGRMGMPDP	NDNPNDS
51	Pankaeruha	SMGMPNDNS	SNPMGRS
51	Panthuvarali	SRGMPDNS	SNDPMGRS
51	Parvatha Manjari	SGPDNS	SNDPGRMGS
51	Pulasya	SMPDNS	SNDPMGRGS
51	Pushpalalitha	SGMDNS	SDPMRS
51	Raja Sundari	SNSRGMPNS	SNDPMGRS
51	Rama Narayani	SRGMPDNS	SNDPMGMRS
51	Rowdra Gandhari	SRGMNS	SNPMRS
51	Sadari	SRGMPDNS	SNDPMGRS
51	Sakti Tarangini	SRMGRPMDNS	SNDPMRGSS
51	Salaka Bibhasu	SRGDNS	SNDMGRS
51	Sankara Srungarini	SRMPNRS	SNDPMGRS
51	Sarangi	SRGMDS	SNDPMGRS
51	Sarangamani	SRGMDS	SNDPMGRS
51	Sarjamani	SRGMDS	SNDPMGRS
51	Sasi Bhaskara	SRGPNS	SNPGRS
51	Sasthra Dhini	SRMGPDPS	SNDPMGRS
51	Shadanana Priya	SRGMNS	SNMGRS
51	Simha Chandana	SRGMPDNS	SDPMRGMRS
51	Sobaswini	SRMPMDNS	SDNPMRMGS
51	Sravana Garbitha	SRGMPDS	SNDPMGRS
51	Stavapriya	SGMPDS	SDPMGS
51	Sri Deepakam	SGMPDPS	SNDNPMGRS
51	Sri Hamsa Narayani	SRGMPS	SNPGRS
51	Sri Kamalaptam	SRMDNS	SNDMRS
51	Sudha Kesari	SRGMDNS	SDNPDMGRS
51	Suddha Gamakakriya	SRGMPDS	SDPMGRS
51	Suradhambhudi	SRPDNS	SNDMGRS
51	Swethambhudi	SRGMPS	SNDPMGRS
51	Thamra Ranjani	SRGMPNDNS	SNDPMGMS
51	Thatika Panchamam	SGRGMPM	SNDPMGRS
51	Unnamalai	SRGMPDS	SNDPMGRS
51	Utthangamana	SGMPDPNS	SDPMRS
51	Vaghva Mukhi	SRGMPNS	SNPMGS
51	Vagra Nandana	SRGPDS	SNDNDPMGRS
51	Vana Dayaki	SRGMPDNS	SDMGRS
51	Vasantha Maruva	SRGMPDNDS	SDPMGS
51	Vikrama	SRGMPNS	SNDPMGMGRS
51	Vilakshana	SRMDNS	SNDMRS
51	Vipra Mandara	SRMPDNS	SDPMGRS
51	Vira Janthaka	SRSGMPNS	SNDPMGS
52	Arunan	SGPS	SNPMGRS
52	Chintaramani	SGMPDN	DPMPGRSNS
52	Dharma Kottani	SRGRGMPD	SDNPMGR
52	Gambeerya Goshini	SGRPMDNS	SNDPMGRGS
52	Gnanamurthi	SRGMPDS	SDPMGRS
52	Gosha Manjari	SGPNS	SNPDNPMR
52	Govinda Narayani	SGMPDNS	SNDPGRS
52	Guhan	SPDNS	SDPMGRS
52	Hamsa Gamani	SGMPNDS	SNDPMDPM
52	Janani	SRGMPDNS	SNDPMGRGS
52	Jatadhari	SGRMPDNS	SNDPGRS
52	Jagadambari	SRGMPDN	DPMPGRSNS
52	Kaladharani	SGRGMPNDN	DPMGRSNS
52	Kankanalankari	SGPDNS	SNDPMGRS
52	Loka Ranjani	SGMPMDNS	SNDNPMGRS
52	Mandha Hasini	SRGMPMDNS	SNDPMGMRS
52	Mandhari	SRGMPNS	SNPMGRS
52	Megha Mallaru	SGMPDNS	SNDPMGMRS
52	Megha Syamala	SGMPDNDPS	SDNPMGRS
52	Murthi Vasantham	SRGMPDNS	SNDPMGMRS
52	Naga Prakasini	SRGMPDNDPS	SDNPMGRS
52	Narayana Manohari	SRMPDNS	SNDPMGRS
52	Navaratna Vilasam	SRMPNS	SNDPMGRGRS
52	Nayana Bhashini	SRGMPNDNS	SNDNPGMGS
52	Padma Gantana	SRGRGMPD	SDNPGMRS
52	Padma Soundarya	SRGMPDNS	SNPMGS
52	Pavitri	PMPDNSRGMP	PMGRSNDP
52	Patalambari	SRGMDS	SDMGRS
52	Rakti Margini	SPMDNS	SNDPMPGRS
52	Rasa Vinodhini	SGMPDNS	SNDPMGS
52	Reethi Chandrika	SRGMPDS	SNDPMGRS
52	Saka Prakasini	SRGMPDNDPS	SDNPMGRS
52	Sikambhoji	SRGMDNS	SDPMGRS
52	Simanthini Priya	SRGMDNS	SNDMGRS
52	Soundarya	SRGPMDN	PMGRSNS
52	Sri Hari	SRGPDNS	SNDMGS
52	Sri Kari	SRGPDNS	SNDPMGS
52	Suka Priya	SGMDS	SDMGS
52	Suka Kari	SRSPDNS	SNDPMGSRS
52	Suprakasi	SRGMPMPS	SNDNPMGRS
52	Suprakasini	SRGMPS	SNDNPMGRS
52	Suprathapam	SPMPDNS	SNDPMGRS
52	Tapasvini	SGMPNS	SNDPMGS
52	Tara Ranjitha	SRMGPDNS	SNDPGRS
52	Thikaruni	SRMRMGM	DPNDNS
52	Turanga Leela	SRGMNDNS	SNDMPMRGS
52	Varati	SRGMDS	SDMGRS
52	Veda Swarupi	SRGMPDNPS	SNDNPMGS
52	Vishnupathi	SRMDNS	SNDMRS
52	Visupathi	SRMDNS	SNDMRS
52	Yoganandi	SRGPMPDNS	SNDPMGS
53	Alankari	SGMDNDS	SNDMGS
53	Anilamadhya	SRMPDS	SNDPMGRS
53	Ayan	SRMDS	SNPMGS
53	Balipalam	SRGMDS	SNPMRS
53	Bana Vasantham	SRGMPDNS	SDPMGRS
53	Bangara Priya	SRMGMPDNS	SNPMGS
53	Bhashsmruthi	SRGMDPNS	SRGMPNS
53	Bhavayanai	SRGMPDNS	RMGRS
53	Bibasu	NRGPPMDS	SDMDMPGRS
53	Bramara Dwani	SRGMDS	SNPGS
53	Dhana Rakshasa	SRMGPNS	SNDGRS
53	Dharbha Manjari	SGRGMPNS	SNDPMGS
53	Desya Maruva	SRMPNS	SNPMRS
53	Douriyani	SRGMDNS	SNDMGRS
53	Garbha Dhwaja	SRGMPDS	SDPGRS
53	Gamaka Kriya	SRGMPDS	SNDPMGMRS
53	Gamana Kriya	SRGMPDS	SRMPDNS
53	Gamana Nirmala	SRGMPDNS	SNPMRS
53	Ghagana Sarasiruha	SGRGMPDN	DPMGRSNS
53	Ghandha Madhana	SRMPDS	SNDPMDMGRS
53	Geeta Kirani	SRGMPDNS	SDNDPMGS
53	Gaeta Natani	SRMGMPDNS	SNDPMRS
53	Guruparan	SGMDNS	SNPMGRS
53	Hamsanandi	SRGMDNS	SNDMGRS
53	Himavantika	SRGPDNS	SNDPMPGRS
53	Indhu Ganthi	SRGMPDS	SDPMGRS
53	[aya Mohana	SGMPDS	SNDPMGRS
53	Kannada Maruva	SGMPDNS	SNDPMGS
53	Karnataka Kadambi	SRMPDS	SNDPMGRS
53	Kunthala Rama	SRGPDS	SNDPMGRS
53	Leelavathi	SRGMDS	SNDMGRS
53	Lokanayakhi	SRMDNS	SDMGRS
53	Mangala Priya	SRGMPDNS	SNPMGRS
53	Maya Vasantha	SRGMPDNS	SNPDNDPMR
53	Mecha Kangi	SRGMPDPNS	SNPDPMGRS
53	Nattiyoma	SRGMPDNS	SNDMRGMRS
53	Omkara Kriya	SRMGMPDNS	SNPMGS
53	Padavai	SGMPDS	SNDPMGRS
53	Pasadam	SRGPDS	SNDPMGRS
53	Pavagan	SGMPNS	GMRMGS
53	Prasenavali	SMPDNS	SNPMGRS
53	Pur Kalyani	SRGMPDNDS	SNDPMGRS
53	Puranan	SRMDNS	SNDMRS
53	PuriKalyani	SRGMPDS	SNDPMGRS
53	Sangamana	SRGMPNDNS	SNPDPMGR
53	Sarabhadwaja	SRGMDDS	SDPGRS
53	Sarva Kunthala	SRMPNS	SNDPDMRS
53	Sarveswari	SRGMPDPNS	SNDPMGRS
53	Sindhu Maruva	SRGMPS	SNDNPMGRS
53	Sirodhi	SRMDNS	SNDMRS
53	Sohini	SGMDNS	SNDMGRS
53	Sri Lalitha	SRGRMPNDPS	SNDPMGRS
53	Sringarini	SGRGMPS	SNDPMGRS
53	Subika	SRMPDS	SDPMRS
53	Suddha Rasali	SGMPDS	SDPMGRS
53	Sukha Dhwani	SGMPNDS	SDNPMGRS
53	Sunadha Vinodhini	SGMDNS	SNDMGS
53	Sundara Bhairavi	SGRGMPDNS	SNDPMGRS
54	Balabhee	SMGMDNPNS	SNDPMGRS
54	Bala Bheethi	SMGMDNPNS	SNDPMGRS
54	Bhusha Kalyani	SRGMPDNS	SNPMGRS
54	Bramara Dhwani	SGMDNS	SDNPMGRS
54	Bramara Narayani	SRGMPNDNS	SNMGRS
54	Desya Vali	SRGMDNDS	SNDMGRS
54	Gaganadhari	SRGMPDNDS	SNDMGRS
54	Hemangani	SRGMDS	SDMGRS
54	Indu Priya	SRGMPDS	SDPMGRS
54	Jagatpari	SRGMDNS	SNDMGRS
54	Karnataka Manjari	SRMPDNS	SNDPMPGRS
54	Kriyavathi	SRGMPDNS	SNDPMGRGS
54	Naga Sarasiruha	SGMPS	SNDNPMRS
54	Padmasitha	SRGRMPNS	SNDNPGRS
54	Renuka	SGMPDNS	SNDPMGS
54	Sarabha Khanditha	SGMDNPNS	SNDPMGRS
54	Sarada Bharani	SMGMPDNS	SNDPMRS
54	Sonangari	SRGMDNS	SDPGRS
54	Srikanta Vilepani	SRMDNS	SNDMRS
54	Suddha Gandhari	SRGMNS	SNDNPMRS
54	Suddha Saranga	SRGMPDNDS	SNDPMGRS
54	Vaisakham	SRGMPDNS	SNDNPMGMRS
54	Vaisukri	SRGMPDNS	SNDNPMGRS
54	Vamsavathi	SRGMPDNS	SNPMGRS
54	Veera Prathapam	SNDSRGMPDN	DPMGRSNDS
54	Veer Vasantham	SGRMPS	SNDPMGRS
54	Vijaya Vasantham	SMPDNS	SNPMGS
55	Bangala Gowla	SRMPMDNS	SDPMGRS
55	Bringi	SMGMPNDNS	SNDPMGRS
55	Chakantha	SGMDNPNS	SNDPMGRS
55	Desamani	SRMGDNDS	SNDPGRS
55	Desi Natakurinji	SRGMPDPNS	SNPDPMGS
55	Desya Natakurinji	SRGMPDPNS	SNPDPMGRS
55	Geethi Kirani	SRGMPDNS	SDNDPMGS
55	Hamsa Geervani	SRGMPDS	SDPMGS
55	Hamsa Prabhavali	SNSRGMPDN	DSPGRGS
55	Hemambari	SRGMDS	SDMGRS
55	Hamsa Bhushavali	SNSRGMPDN	DPMGRGS
55	Kakali	SRGMPNS	SNPMGRS
55	Kamala Narayani	SRMPDNS	SNDPMGMRS
55	Kamatadhwaja	SRGMPDNS	SDPMGRGS
55	Leelavati	SRGMPS	SPMGRS
55	Naga Keervani	SRGMDNDS	SNDPMGRS
55	Naga Prabavali	SGMPDNS	SNDMGRS
55	Neelangi	SRGMDNS	SNDMGRS
55	Prithvi	SGMPNDS	SNDPMRS
55	Sarvari	SRGMNS	SNMGRS
55	Seethakirani	SRGMPDNS	SDNDPMGS
55	Sakantha	SGMDNPNS	SNDPMGRS
55	Sri Thakirini	SRGMPDNS	SDNDPMGS
55	Sri Kanthi	SGMPDNS	SNDPMGS
55	Sruthiranjani	SRGMPDN	NDPMGSRS
55	Supura	SRGRMPNS	SNDPMGRS
55	Syama	SRMPNS	SNPMRS
55	Vama Sukirini	SRMDNS	SNDMRS
55	Virati	SRGPDMNDNS	SNPMGRS
56	Alankaran	SGMPDS	SNPMGRS
56	Ambalika	SRMDNS	SNDMRS
56	Azaladi	SGMPDNS	SNDPMGS
56	Bhashini	SGRGMPDNS	SNDPMGRS
56	Bhramara Kusumam	SGMPNS	SNDPMGRS
56	Bhramara Saranga	SRGMPMDNS	SDPMGRS
56	Chakra Manjari	SRGMDPDNS	SDPMRS
56	Chamaram	SGRGMPNS	SNDPMGRS
56	Chandra Desika	SRGMPMDNS	SNDMGS
56	Chutavali	SMGMPDNS	SNDPMGRS
56	Deva Malavi	SRGMPDN	NDPMGRSN
56	Dhanukari	SGMPDNS	SNDMGS
56	Gopika Thilakam	SRGMPNS	SNPMGRS
56	Gummavali	SRGPDNS	SDPMGRS
56	[aya Neelaveni	SRGPNS	SDPMGS
56	[aya Saraswathi	SRGPDS	SNDPMGRS
56	Kalathi	SPMDNS	SDPMGRS
56	Kamalaveni	SRMPDNS	SNDPMRS
56	Kari Kadya	NSGMPDN	DPMGRSNS
56	Kokila Nandi	SGMDNS	SNDPMGS
56	Kusuma Sarang	SRMPDNS	SNDPMGRS
56	Kuru Gadhya	NSGMPDN	DPMGRSN
56	Madana Mohini	SRGMPDNS	SNDMGS
56	Nanmugan	SRGMPS	SNDPMGRS
56	Puradahana Priya	SGMPDNS	SNPGRS
56	Pushkarani	SGMPDNS	SNPMGRS
56	Pushpamani	SRGRMPDS	SNDPMGRS
56	Rajeswari	SRGPNS	SNDPMGS
56	Samudra Priya	SGMPNS	SNPMGS
56	Saranga Bramari	SMPDNDS	SNDPMGS
56	Swara Kesari	SRGMPDNS	SDMGRS
56	Singara Mani	SRPMPDNS	SPDPMGRS
56	Sivai	SRGMPDS	SDPMGRS
56	Sendan	SRMPDS	SDPMRS
56	Shanmukhi	SRGMDNS	SNDMGRS
56	Shikari	SGRGMPDNDS	SNDMGRS
56	Sri Karpakambigai	SRMPDNS	SNDPMRGS
56	Sri Kamalaveni	SRMPDNS	SNDPMRS
56	Sumanesh Ranjani	SGMPNS	SNPMGS
56	Sumanisa Priya	SGMPNS	SNPMGS
56	Sukra Kantham	SRMDNS	SNPMGRGS
56	Thiru Madandai	SRGPS	SNDMGS
56	Thiru Murthi	SRGMDNS	SNDMGRS
56	Vasugarbha	SRGMNS	SNMGRS
56	Veeragan	SRGMDS	SDMGRS
57	Adivarali	SRMPDS	SNDPMRMGS
57	Amruta Vasantham	SRGPDNS	SNDMGS
57	Anandavalli	SGMPNS	SNPMGS
57	Arunakriya	SRMPNS	SNDPMGRS
57	Bhramara Hamsi	SRGMPNS	SNDPMGS
57	Bhramara Kokila	SRMPNDNS	SNDPMRS
57	Bhramara Suki	SRGMPDNS	SDPMGRS
57	Chalana	SGRGMNDM	PDNS
57	Dhavali Hamsi	SRMPDS	SNDPMGRS
57	Goshpani	SRGMPDNS	SNDMGRS
57	Govardhani	SRGPDNS	SNPDPMGRS
57	Gobinam	SRGMDNS	SNDMGRS
57	[aya Saranga	SRGMPMDNS	SNDMPDMGRS
57	Kottani	SRGMPDNS	SNDMGRS
57	Malava Gandhari	SRMPDNS	SDPMRGM
57	Mara Jayanthi	SRMPDNS	SNDPMGRS
57	Naga Kalyani	SGMPNS	SNDPMGRS
57	Nirvana Vasantha	SRGPDS	SNDPMGRS
57	Padma Mukhi	SRGMDNS	SDPMGS
57	Pinchukan	SRMPNS	SNPMRS
57	Pranava Priya	SRMPNS	SNPMGRS
57	Punithan	SRMPNS	SNDPMGS
57	Ravi Chandrika	SRMPNDNS	SNDPMGRS
57	Sesha Nadham	SRMPNS	SRGMPDS
57	Seemanthini	SRGMPDNS	SPMGRS
57	Somanathan	SRGMPDNS	SRMDNS
57	Sri Dhavalahamsi	SRMPDS	SNDPMGRS
57	Soudamani	SGMPNS	SNPMGS
57	Suddha	SRGMPNS	SNPMGS
57	Sukshma Swarupi	SGRGMPNS	SNDMGRS
57	Sumadhyuthi	SRGMPDNDS	SNDPMGRS
57	Thiru Murugan	SRGPNS	SDPMGRS
57	Thitti	SGMDNS	SNDMGS
57	Vijaya Saraswati	SGMPDNS	SNPMGRS
57	Urmika	SRGMPNS	SNPMGRS
58	Anagan	SRGMNS	SNDPMGRS
58	Atthan	SRGMPS	SNDPMGRS
58	Bhramara Puttari	SRGMPDNS	SDPMRS
58	Chakora Dhwani	SRGMPDNS	SNMGRS
58	Deenar Neya	SRGPNS	SDPMGRS
58	Desa Sri	SRGMDNDS	SNDMGRS
58	Desi Simharam	SRGMPDNS	SNDPMGRS
58	Deva Kantha	SGMPDPNS	SDPMRS
58	Divya Sena	SRGMPDNS	SNDMGRMGS
58	Gnana Lola	SRGPDS	SNPMGRS
58	Hamsa Bhramari	SRGMPDS	SNDPMGRS
58	Hemandini	SRGMDS	SNDPMGRS
58	Hema Priya	SRGMDS	SDMGRS
58	Hema Vahini	SRPMPDNS	SDPMGRS
58	Kaivasi	SRGMPDNS	SNPMGRS
58	Kanaka Bhushavali	SGMPDNS	SNPMGRS
58	Kanchana Vathi	SRGMDNS	SNDMGRS
58	Kshemakari	SRMDNS	SNDMRS
58	Madhu Vanthi	NSGMPNS	SNDPMGRS
58	Lakshmi	SRGMPNS	SNDPMGRS
58	Mandini	SMGMPDNS	SNPMPGRS
58	Nalina Bhramari	SRMPDNS	MRGRS
58	Neeli	SGMDNS	SNDMGS
58	Sankarava	SGRGMPDNS	SNPMGRS
58	Serasena	SGRMPNS	SNDPMGRS
58	Simharavam	SRMPNS	SNPMRGRS
58	Souryavardhini	SRPDNS	SNDPMGRS
58	Sri Bramara Uttari	SRGMPDNS	SDPMRS
58	Srungara Lalitha	SGMDNS	SNDMGRS
58	Sundara Hemavathi	SRGMPDNS	SNDMGRS
58	Thillai Nayaki	SRPDNS	SNDPMGRS
58	Vijaya Samantham	SGMPDS	SNDMGRS
58	Vijaya Saranga	SRGMPNS	SNDPMGS
58	Yasomani	SRGMPNDNS	SPMGRS
58	Yava Priya	SRMPNS	SNDPMGRS
58	Yaksha Priya	SRMPNS	SNDPMGRS
59	Ambika	NSGMPNS	SNDPMGRS
59	Annal	SRMPS	SNDPMGRS
59	Arunajwalitha	SRGMDNS	SNDPMGRS
59	Asathi	SGMDNS	SNDMGS
59	Balagambeerya	SGRGMDPDNS	SNDPMGRS
59	Bhudhan	SRMPDS	SNDPMGRS
59	Bhushavali	SRGRMPNS	SNDPMGRS
59	Chera Kurinji	SRGMPDS	SNPGS
59	Chola Kurinji	SRGMPNS	SDPGS
59	Dhamavathi	SRGMPDNS	SNDPMGRS
59	Dhayalan	SRMPS	SNDMGS
59	Dheerakari	SRGMPDNS	SDNPMGRS
59	Dheerankari	SRGMPDNS	SDNPMGRS
59	Dheera Kunthali	SMPDNS	SNDPMGRS
59	Garuda Varali	SRMPDS	SRGPNS
59	Garva Manjari	SGMPDS	SNDMGRS
59	Gouri Kriya	SGMPDNS	SNDNPMGS
59	Hamsanadam	SRMPDNS	SNDNPMRS
59	Kannan	SRGMDS	SNPMGRS
59	Karmughavathi	SRGMDNS	SNDMGRS
59	Lalitha Simharavam	SRGMPS	SNPMGRS
59	Madhuvanthi	NSGMPNS	SNDPMGRS
59	Mohana Kurinji	SRGPDNPNS	SNDPMGRS
59	Muktavali	SRGRMPDNS	SNDNPDMP
59	Madhumalathi	NSGMPNS	MRGRS
59	Nabhava Madhya	SRMPNS	SNDPMGRS
59	Naga Priyan	SRMPS	SNDPMGS
59	Nalikam	SRGPDS	SNDPMGRS
59	Ranjana Kausthubam	SRGMDS	SNMGSRS
59	Ravisatya	SRGMPDNS	SDPMRGRS
59	Rudramani	SRMPDNS	SNDMGRS
59	Sailapadi	SRMPNDNS	SDPMGRS
59	Sailavathi	SRMPNDNS	SDPMGRS
59	Sarangaleela	SRGMPDNS	SDPNDMGS
59	Seshaadri	SGMPNS	SNDPMGS
59	Sri Kannan	SRGMDS	SNPMGRS
59	Surati Nayaki	SRMNS	SDPMGS
59	Suvarna Mukhari	SGMPDNS	SNDMGRS
59	Vasantha Keervani	SRGMPNDS	SDNPMGRS
59	Varata	SRMPNS	SNPMRS
59	Vijaya Nagari	SRGMPDS	SDPMGRS
59	Vijaya Srikanti	SGMPS	SNDMGRS
60	Amarasena Priya	SRMPNS	SNPMRGS
60	Bala Charithra	SRGRMPDNDS	SNDNPMGS
60	Desya Ganavaridhi	SRGMPDNPS	SNSPMGRS
60	Deva Kusumavali	SMGMPS	SNPMGRS
60	Hamsa Nadam	SRMPDNS	SNDNPMS
60	Hemalatha	SRGMDS	SDMGRS
60	Kamalu	SGMDNS	SNDMGS
60	Kampadhwaja	SRGMPNDS	SDPMGRS
60	Kanaka Srikanti	SRGMPS	SNDNPMRS
60	Kedara Manjari	SGMPNS	SNDPMGRS
60	Kunthala Ranjani	SMGMPDNS	SNPDNPMGS
60	Madhava Chandrika	SRGMPDNS	SNPDNPMGS
60	Moocha Dhwani	SRGPDNS	SNPMRS
60	Nayamathi	SRGMDNS	SNDMGRS
60	Needhi Manjari	SGRMPNS	SNDMPNP
60	Nuthana Chandrika	SRGMPDNS	SNPDNPMGS
60	Sri Kaivasi	SRGMPDNS	SNPMGRS
60	Sri Kaikavasi	SRMPDNS	SNPMGRS
60	Suddha Gowri Priya	SGMPNDNS	SNDPMGS
60	Surika	SRMPNS	SNDPMGRS
60	Vijaya Ratnakari	SRMPDNS	SNDPMGS
61	Bhamamani	SRMGDNS	SNDMGRS
61	Brurayasi	SGPDNS	SNDPMGS
61	Champolini	SRMGMDNPS	SNDGRS
61	Dhivyam Dorini	SRGPDS	SNDMGRS
61	Dweepavathi	SRMPDNS	SNDPMRS
61	Gantavali	SGRGMPDNS	SDPMGRS
61	Garudadhwani	SRGMNDM	PDNS
61	Guru Jyothi	SRGMDS	SDMGRS
61	Jyothi Ranjani	SRGMPDNS	SNDPMGMRS
61	Kandavali	SGRGMPDNS	SDPMGRS
61	Kaiveni	SRMPDS	SDNDMPDPM
61	Kanaka Kusumavali	SRGMPDS	SDPMGRS
61	Kanaka Simharavam	SGMPNS	SNDPMRS
61	Kanthamathi	SRGMPDS	SNDPMGMS
61	Kantha Rathna	SRMPNDS	SNDPMGRS
61	Keerthi Vijaya	SRGMPNDS	SNDPMGRS
61	Kuchiramani	SGMPDNDS	SNDPMRS
61	Omkara Swarupini	SRGMPDNDS	SRGMPDS
61	Preyasi	SGMPDNS	SNDPMGS
61	Sarasam	SGMPNDPNS	SGMPNS
61	Sputalapani	SMGPNS	SNPMGS
61	Suddha Jyotishmathi	SRGMPDN	SGMPS
61	Tharanga Leela	SRGRMPDN	SNMGRS
61	Yuddha Pravarthini	SRGPDNS	SNDPGRS
62	Abra Kethi	SGMPDNDS	SGMPDNDS
62	Angayarkanni	SRMPS	SDPMGRS
62	Aramba Desi	SGMPDNDS	SDNPMGS
62	Brindavana Desakshi	SRGMPMDS	SDPMGRS
62	Bringa Dwani	SGMPDNS	SNDPMGS
62	Gangai Priyan	SRGMPDS	SNPMRS
62	Gokula Murthi	SRGPDS	SNDPMGRS
62	Gopriya	SRGMDNS	SNDMGRS
62	Jothispathi	SRGMPS	SNDPMGRS
62	Jouda Gandhari	SRGMPDS	SNDPMGRS
62	Kanaka Nasamani	SRGRMPDNS	SNDPMGRS
62	Manimanda	SRGMPDNS	SNPDMGRS
62	Mega Bandhu	SRMPNS	SNDPMDMGRS
62	Mukthamani	SRGRGMPDNS	SNDPMGRS
62	Muktha Vali	SRGMPNDS	SNDPMGRS
62	Nediyone	SRGMPDS	SDPMGRS
62	Om Suddha Ragam	SGMPNS	SDPMGRS
62	Padmakanthi	SRGMPDNS	SNPMGRS
62	Parvatham	SRMPNS	SDPMGS
62	Purna Supura	SRGMPNS	SNPDPMRS
62	Rathi Priya	SRGMPDNS	SNDPMGRS
62	Rathna Bhanu	SRGMGRMP	NDNS
62	Rushabha	SGRGMPDNS	SNDPMGRS
62	Ruchi Ramani	SGMPDNDS	SDPMGRS
62	Sivanayaki	SRMPDNS	SDPMGRS
62	Soma Manjari	SRMPDNDS	SNPMRGRS
62	Sri [ouda Gandhari	SRGMPDS	SNDPMGRS
62	Suddha Uttari	SRGMPD	DPMGRSN
62	Sureswari	SRGPDNS	SNDPMPGRS
62	Thejovathi	SRMPDNS	SNDPMRS
62	Varan	SRGMDS	SDMGRS
62	Varadhan	SRMPDNS	SNDPMGS
62	Vijaya Kosala	SRGMPS	SNPMGS
62	Vijaya Gothrari	SRGMPDNS	SNDPMGRS
63	Adan	SRMDNS	SNDMRS
63	Adhipathi	SRGPNS	SDPMGRS
63	Badari Vasantham	SRGMNS	SNDPDNDM
63	Badra Vazhai	SMGMPNDS	GRGMGS
63	Bhoop Kalyani	SRGPDS	SNDPMGRS
63	Chandradhari	SGMPMRPS	SNDPGS
63	Chatradhari	SGMPMRPS	SNDPMGRS
63	Chitra Chandrika	SGRMPNDS	SNDMGRS
63	Daana Ranjani	SRGMPDPS	SDPSNSD
63	Dhathu Priya	SRPMPDS	SNDPMGMRS
63	Dhatthiri	SRMPDNS	SNDPMRS
63	Gananayaki	SGMNDPDNS	SNDPMGRS
63	Ganana Priya	SRGMPMGRS	SDNPMGRS
63	Gothrari	SRMPDS	SNDPMGRS
63	Govinda Dhanyasi	SRGMPDS	SDPMGRS
63	Guru Dasan	SRMPNS	SDPMGS
63	Hamsa Latha	SRGPNS	SNDPMGRS
63	Janakari	SRGMPNDS	SDPMRGRS
63	Kaddalam	SMPDNS	SNDPMS
63	Kala Nirnika	SGMPNDS	SPMGRS
63	Karunakari	SMPDNDS	SNDPMS
63	Komali	SRGMPNDMPS	SDNMGRS
63	Kuberan	SRMPS	SDPMRS
63	Kuber Priya	SRGPNS	SDPMGS
63	Lalithangi	SRGMDNS	SNDMGRS
63	Lathamani	SRGMPDNS	SNDMGRS
63	Leelavinodhini	SRGMPDNDS	SNDPMGRS
63	Mangala Nayaki	SRMPNS	SNPMGRS
63	Mayura Giri	SRGMPDNS	SDPGRS
63	Mukunda Kalyani	SRGMPDNS	SDPMGRS
63	Mukurangi	SGMNDNS	SNDPMGMRS
63	Padmavathi	SRGMPDS	SRMPDNS
63	Peruran	SRGPNS	SNDPMGRS
63	Purna Kousikam	SRMPMNDS	SNPMGRSN
63	Purna Nishadam	PDNDSRGM	PMGSRSNDP
63	Ramani	SGMPNS	SNDPMGS
63	Ratna Kanthi	SRGMPNS	SNPMGRS
63	Ravi Swarupi	SGMPDNS	SNDPMGS
63	Sajjana Nanda	SRGMPDNS	SNDPMGRS
63	Sarangapani	SRGMPDNS	SDPMRGMRS
63	Sara Bindhu	SGRPDNDS	SNDNPMGS
63	Sarasa Mandini	SRGMPDNS	SPMGRS
63	Satputri	SGMPMRPS	SNDPMGRS
63	Shadvidha Swarupini	SGRGMNS	SNDPMGRS
63	Skanda Manorama	SRMPNS	SNPMRS
63	Slokavarali	SRGMDNS	SDNPMGRS
63	Sri Padmavathi	SRGMPS	SNDPMGRS
63	Sri Ramani	SGMPNS	SDPMGRS
63	Sri Vedagiri	SRGMPNS	SDPMGRS
63	Srungara Murthi	SRGMPNS	SNDPMGRS
63	Sruthi Prakasini	SRMDNS	SNDMRS
63	Subra Vahini	SRGMNS	SNPMGRS
63	Suddha Kalanidhi	SGPDND	PMGRSNS
63	Sujana Ranjani	SGRMPDNS	SNDPMRS
63	Vedagiri	SGPMDNS	SGMPDNS
63	Vegamalini	SRMGMPDS	SNDPMDMR
63	Veeran	SRGMPDS	SNPMRS
64	Arunagiri	SRGMDS	SDMGRS
64	Baladhayaki	SGPMDNS	SDNPGMGRS
64	Bhagavatha Ranjana	SRMPDNS	SNDPMGRS
64	Bhogeswari	SRGPDNDS	SNDPMGRS
64	Damayanthi	SGMPS	SNDPMGRS
64	Dakshayani	SRGMPDNS	SNDMGRS
64	Devamritha Vahini	SGMPNDNS	SNDNPMGRS
64	Devakunjari	SRGPDS	SNDPMGRS
64	Gagana Mohini	SGPDNS	SNPMGS
64	Guru Priya	SRGMDNS	SNDMGRS
64	Hiradhini	SGMPNS	SNPMGS
64	Hira Dharini	SGMPDS	SDPMGS
64	Jaga Bharanam	SRMGMPDNS	SNDPMGMRS
64	Jaganmohini	SGPNS	SNDPMGRS
64	Jalodharam	SRGMPDNS	SNDNPGMGRS
64	Kalyani	SRGMPDNS	SNDPMPGRS
64	Kamala Vurdhi	SMPDNS	SNDPMS
64	Katitha	SRGMDS	SRGMDS
64	Kethaka Priya	SGMPNS	SNDPMGRS
64	Kiradharini	SGMPDS	SDPMGS
64	Kubja Viratha	SRGMPDNS	SNDPMRS
64	Kutumbini	SGMDPDNS	SNPMGRS
64	Lathi Kanthi	SGMDNS	SNDPMPMGRS
64	Mangala Kari	SRPMPDNS	SNDPMSRS
64	Mukti Dayini	SRPMPDNS	SGMPDNS
64	Pancha Murthi	SPMPDNS	SPMPDNS
64	Parimalanandi	SRGPMDNS	SNPMGS
64	Pasa Narayani	SGMPNDNS	SNDPMGRS
64	Ramavathi	PNDNSRGM	SNDNSRGM
64	Ratnambari	SGMDNS	SNDPMRS
64	Samantha Sikamani	SGMPMDNS	SNDPGS
64	Santanika	SRGMNS	SNMGRS
64	Saradindhu Mukha	SGMPNDNPS	SNDPMGRS
64	Sarasuvathi	SRMPDS	SNDMGRS
64	Simhaswarupi	SGMDNS	SNPMGS
64	Sri Brindavana Saranga	SRMPNS	SNPMRS
64	Sri Ketaka Priya	SGMPNS	SNDPMGRS
64	Sri Ratnambari	SGMPS	SNDPMRS
64	Sudha Lahari	SRMDNS	SNDMRS
64	Suryaka Madhyamam	SRMPNDS	SNDPMGRS
64	Thandholika	SRMPNDS	SNDPMGRS
64	Tharuni Priya	SGRGMPNDS	SNPMRS
64	Triveni	SRMPDNS	SNDPMRS
64	Uttari	SGMPDNS	SNDMGS
64	Vatsam	GMPDNS	SNDPMS
64	Venkatachalan	SGMPDS	SNDPMGRS
64	Vidhya Mali	SGRGMPNDNS	SPMGRS
64	Vijaya Bharani	SRGMPDNDS	SNDPMGRS
64	Vijrumbini	SGPNDNS	SNDNPMGRS
64	Vidatha	SRMDNS	SNDMRS
65	Alarmagal	SRGMDS	SDMGRS
65	Amrith Behag	SMGPNDS	SNDMGS
65	Andhari	SGMPDNS	SDPMGRS
65	Aprameya	SRMPDS	SNDMGMRS
65	Bhadra Vibhasitha	SGMPDNS	SDPMGRS
65	Bhoop	SRGPDS	SDPGRS
65	Bhoo Ranjani	SRGPDNS	SNDMGRS
65	Brindavana Saranga	SRMPNS	SNPMRS
65	Chakkara Kuliya	SRMPNS	SNDPMGRS
65	Chandra Kantham	SRGMPDNS	SNDPMGRS
65	Chara Vibhasitha	SGMPDNS	SDPMGRS
65	Chitta Dhyuthi	SRMPDNS	SNDPMGRS
65	Chethulavali	SRGRGMP	SNDNPMRGRS
65	Chankarantakam	SGMPDS	SNDPMGRS
65	Damba Kousika	SGMPNS	SNPMRGMGS
65	Desa	SRGPMDN	SNDPMGMRGS
65	Desa Kalyani	SRGMPDPNS	SDPMRS
65	Dhara Pallavam	SRMGMPNS	SNDPMGMRGRS
65	Dheepika Vijayam	SRGMDNS	SDPGRS
65	Dheerga Dharsini	SRMPNDS	SNDPMGMS
65	Dhruthi	SRGPMDN	PDPS
65	Dwimukha Priya	SGRMPNS	SNDMGRS
65	Gana Nayaki	SGMNDPDNS	SNDPMGRS
65	Hamir Kalyani	SRGMPDNP	DPS
65	Hamveeru	SRGMPDNS	SNDPMGRS
65	Hamsa Kalyani	SRGPNS	SNDPMGRS
65	Hara Manohari	SRGRMPNDN	PDNS
65	Hindol	SGMDNS	SNDMGS
65	Hothrari	SRGMPDNS	SNPMGMGRS
65	Huttari	SRGMPDNS	SNMGRGMRGS
65	Jaya Chudamani	SRGPDS	SNPMGS
65	Kalyana Dayini	SRGMDNS	SNDMGRS
65	Kanaka Kanti	SGRGMPNDS	SNPMRGMRS
65	Kamalotharam	SMPDNS	SNDPMS
65	Kamodha	SRGMNS	SNMGRS
65	Karalari	SRGMDNS	SNDPGRS
65	Kargeswari	SRPDNS	SNDMDMPGRS
65	Karnamanjari	SRGMNS	SDNDPMRMGRS
65	Kodai Bhoopalam	SGMPNS	SNDPMGRS
65	Koumoda	SRGMNS	SNPMGS
65	Kshararnava	SRGMPDS	SNDPMGS
65	Kuchamargini	SGRGMND	PDNS
65	Kunthala Kusumavali	SRGMPMPS	SNDNPMGS
65	Kunthala Srikanti	SGMPDNS	SNPMGRS
65	Kuresha	SRGMPNS	SNDPMRS
65	Kuvalaya Priya	SRMPNS	SDPMGS
65	Lakshmana Kuntali	SRGMDNS	SNDMGRS
65	Madhava Kalyani	SRGMPDS	SNDPMGRS
65	Magha Tarangini	SRGMPDS	SNDPMRGRS
65	Maithra Pavini	SRGMPDNS	SDPMGRS
65	Malava Sindhu	SRGMPDNS	SNPMGS
65	Malayala Kurinji	SGMPDS	SNPMGRS
65	Mamangala Desikam	SRGPNS	SNDPMGRS
65	Mayarupini	SRGPMDNS	SNPMGRS
65	Mecha Putri	SGMPDNS	SNDMGS
65	Mohana Kalyani	SRGPDS	SNDPMGRS
65	Mruganandana	SRGDNS	SNDMDGRS
65	Nadha Kalyani	SGMDNS	SNDMGMRS
65	Nagavasini	SRGMPS	SNDPMGRS
65	Nigraha Mani	SRGMPNDNS	SNDPMDMGRS
65	Nirmalan	SMPDNS	SNDPMS
65	Nirja Ravana	SGMGPDNS	SNDNDPMG
65	Nirvani	SRMPDNS	SNDMGRS
65	Nishadi	SRMPDNS	SNDPMRS
65	Paingala	SRGMPNDNS	SDMGRS
65	Pramodhini	SGMPDS	SDPMGS
65	Raja Kalyani	SGMDNS	SNDMGRS
65	Rama Sadani	SRMPDNS	SNDPMRS
65	Rasika Kalyan	SGMPDNS	SNDPMGRS
65	Sara Vibhasitham	SGMPDNS	SDPMGRS
65	Sakatahastini	SMGMPND	MPDNS
65	Sambrandaka	SGMPDS	SNDPMGRS
65	Sanjh	SGMDNS	SNDMGS
65	Sandanavali	SRGMNDNS	SNPMGRS
65	Santha Kalyani	SRGMPDNS	SNDPMGRS
65	Sarasa Kalyani	SRGMPDNS	SDPMGRS
65	Sasi Dharidri	SRGMPDNS	SDPGRS
65	Saranga Tharangini	SRMPDNS	SNDPMRS
65	Samara Ranjani	SGMPNS	SNPMGS
65	Sarada Mathi	SRMPDNS	SNPMGRS
65	Sarangada Ranjani	SRMPDNS	SNDPMRS
65	Seelangi	SGMPNS	SNPMGS
65	Sudha Kalyani	SRGPDNS	SNDPGRS
65	Suddha Kalyan	SRGPDS	SNDPMGRS
65	Suddha Kosala	SGMPS	SNDMGRS
65	Suddha Ratnabhanu	SRGMPS	SNDPMGS
65	Sunada Vinodhini	SGMDNS	SNDMGS
65	Sundaravana	SRGMPNS	SNDPMRS
65	Suprasvini	SRGMPDNS	SNDNPDMGRGSR
65	Sura Vikrama	SRGMPMDNS	SNDMGS
65	Swayambhuswararaga	SGPS	SPGS
65	Syama Kalyan	SRGMPNS	SNPDPMGRS
65	Tharapallaava	SRMGMPNS	SNDPMGMRGRSR
65	Vandhana Dharini	SRMPDS	SDPMRS
65	Vidamba	SMPDNS	SNDPMGMRS
65	Villagakoli	SRGPDNS	SNDPMGRS
65	Vrishamani	SRMPDS	SDPMRMGS
65	Yaga Jyothi	SRMPNDS	SDPMGRS
65	Yamuna Kalyani	SRGPMPDS	SDPMPGRS
66	Chittha Ranjillini	SRGMPDS	SNPMRGMRS
66	Churnika Vinodhini	SRGMPDNS	SNDNPMGRS
66	Deva Keervani	SGRMPS	SPMGRS
66	Dwirata Kamini	SRMPDNS	SNDPMRS
66	Dwikirani	SRGMPMDNS	SDPMGRS
66	Esa Priya	SRGMPDS	SDPMGRS
66	Heramba Priya	SRMDNS	SNDMRS
66	Jagan Mohana	SGMPNS	SNPMGRS
66	Kanaka Bhavani	SMGMPDNS	SNPMRS
66	Kanaka Giri	SRGMPSNS	SNDNPMGS
66	Kanaka Ranjani	SGMPS	SDNPMGRS
66	Gagana Ranjani	SGMPS	SDNPMGRS
66	Gagana Bhavani	SMGMPDNS	SNPMRS
66	Mucha Sudhani	SMPNDNS	SNPMGRS
66	Mukuratha Kapola	SGMPDNS	SNDPMGS
66	Naga Kunthali	SRGMPNS	SNPDNPMGRS
66	Saikatha Srona	SRMPDS	SDPMRS
66	Sama Kriya	SRGMGPDS	SNDPMGRS
66	Sarathi	SRGRMPDS	SNPDPMGRS
66	Sarva Manavathi	SMGMPNDN	SNDNPGM
66	Sri Nandana	SRGMPDNS	SNDPMDMGRS
66	Suddha Nirmada	SRGMPDNPS	SNPMGS
66	Swabhu	SRMGPDNS	SNPMPMGRS
66	Trivikrini	SRGMPMDNS	SDPMGRS
66	Vichithrambari	SRGMDNS	SNDMGRS
67	Asritha Ranjani	SRGMPNS	SNDPMGRS
67	Bhanu Jyotishmati	SRGMPDNDS	SNDPMGMRS
67	Gopika Manoranjani	SRGMPNS	SNPMGRS
67	Kanaka Keervani	SRMPMDNS	SDPMRS
67	Kanaka Nirmada	SRGMPMDS	SNDPMGRS
67	Keerthi Bhanu	SRGMPDPS	SNDPMGRS
67	Kethanavali	SRGMNPDS	SNDMPMGS
67	Kumudini	SRGMPDS	SDPMGRS
67	Kuntala Bhavani	SRGMPMPS	SNDNPMRS
67	Kshoni	SRMDNS	SNDMRS
67	Mayaswarupini	SRGMDS	SDMGRS
67	Parva Paavathi	SRMPDNDS	SNDPMGRS
67	Pingavathi	SGMGPDNS	SNDPMGRS
67	Rama Kunthali	SRGMPDN	DPMGRSNS
67	Rangavambari	SRMPNS	SNPMRS
67	Sambhavi	SRGMNS	SNMGRS
67	Samrakshini	SRGMPDNS	SNDPMGRGS
67	Santana Manjari	SRGMPDS	SNDPMRS
67	Satyavati	SRMPDNDS	SNDPMGMRS
67	Sena Jayanthi	SRGMPDNS	SDPMGR
67	Sroni	SRMDNS	SNDMRS
67	Suddha Kaivasi	SRGMPDNS	SNDNPMGRGS
67	Suddha Simharavam	SRMGMPDNS	SDNDPMRS
67	Syamala Varni	SRGMPS	SPMGRS
67	Viswadhatrri	SGRMDNS	SNDMGS
68	Bhadra Vahini	SRMPDNS	SPMGRS
68	Buddha Vahini	SRMPDNS	SPMGRS
68	Bhuvana Kuntala	SRGMPDS	SDPMGS
68	Hindola Desakshi	SNSRGMPD	NDPMGRS
68	[alaja Mukhi	SRGMPDS	SNDNPMRGS
68	[auda Gandhari	SRGMPDS	SNDPMGRS
68	Gaula Gandhari	SRGMPDS	SNDPMGRS
68	[yotish Mathi	SRGMPS	SNDMPMGRS
68	[yothi Raga	SRGMPDNS	SNDPMGS
68	Kancha Bava Priya	SRGMPNS	SNPMGRS
68	Kanthi Swarupini	SRGMDNS	SNDMGRS
68	Kunthala Sriranjini	SRMPNDNS	SNDPMGRS
68	Kunthala Keervani	SRGMPDNS	SDMPMGRS
68	Kusuma Bhavani	SRMPDS	SNDMPMRS
68	Ketha Kangkusha	SRMPMDNS	SDMGRS
68	Ramagiri	SRMGMPDNS	SDNDPMGRS
68	Seetala Keervani	SRGMPDNS	SDNDPMGRS
68	Sreyo Dharini	SRMDNS	SNDMRS
68	Thomrapani	SRMPDNS	SNDPMRS
68	Vanajarini	SRGPDNDS	SNPMGRS
68	Vani Sri	SRGMNS	SNMGRS
68	Veera Rani	SRGMPDNS	SNDPMRGRS
69	Brindavana Kannada	SGMPDS	SDPMGRS
69	Chandana Ganthi	SRGMPNS	SNPMGRS
69	Chaya Vardhini	SRGMDNS	SNDMGRS
69	Dhanta Panchamam	SRGMPDNS	SNDPMRGS
69	Dhanu Priya	SRGMNS	SNPDMGRS
69	Dhatu Panchamam	SRGMPNPS	SNDPMRGMRS
69	Dheera Saveri	SRGMPDNS	SDPMGRS
69	Dheva Rashtra	SRGMPNS	SNDPMGRS
69	Dwitheeya Panchamam	SRGMPNPS	SRGMPNPS
69	Gagana Kusumavali	SRGMPMPS	SNDNPMRS
69	Himavilasini	SRMPDS	SDPMRS
69	Kala Bhogi	SRGMPDPS	SDMPMGRS
69	Kuntala Simharam	SRMPMDNS	SDPMGRS
69	Kusuma Jyotishmati	SRMPMDNS	SRMGMPDNS
69	Lalitha Kosala	SRGMPDNDS	SNDPMGMRS
69	Nalina Kusumavali	SRGMPS	SNDNPMRS
69	Padma Bhavani	SRGMPMPS	SRGMPMDS
69	Saindava Kriya	SRGMPDNS	SNPMRS
69	Sambhu Dhyuthi	SGMDNS	SNDPMGRS
69	Samvesini	SRMDNS	SNDMRS
69	Sasipriya	SRGMNS	SNMGRS
69	Sumukham	SRMNS	SNMRS
70	Hamsa Kosali	SRGMPDNS	SRGMPDNS
70	Hari Nakshi	SRMDNS	SNDMRS
70	Kala Vahula	SRGMNDNS	SNPMGRS
70	Kamalapani	SRGMPDS	SDPMGRS
70	Kannada Bhomani	SRGMPDNS	SNDMGRMGS
70	Kunthala Gantana	SRGMPMPS	SNPMRS
70	Karna Bhushani	SRGMPMS	SRGMDNS
70	Nasamani	SGRGMPNDS	SGRGMPNDS
70	Neethi Kunthali	SRGMPDNS	SMGMPDNS
70	Nigama Sanchari	SGMPDNS	SNDNPMRS
70	Pakasana Priya	SRMPDNS	SNDPMRS
70	Pancha Rupi	SRMPDS	SNDPMGRS
70	Ranga Rohini	SRMPNS	SNPMRS
70	Ravi Prathapi	SRGMDS	SDMGRS
70	Reva Nattai	SRMPNDS	SDPGRMGS
70	Shadwadwani	SRMPDS	SDPMRS
70	Shadpada Dhwani	SRMDNS	SNDMRS
70	Veera Megham	SRGMPDNDNS	SDPGRMGS
71	Gowri Nishada	SGMPNDS	SNDNPMGS
71	[aya Sukha	SRGMPDNS	SDPMGMRS
71	Kosala	SRMPDS	SNDPMGRS
71	Kousthuba Priya	SRGMPDNS	SDPMGMRS
71	Kusumakara	SRGMPDNS	SNDPMRGS
71	Mahalikam	SRGMPDNS	SNDPMRS
71	Nagagiri	SRGMPDPS	SDPMGS
71	Pala Nandhini	SMGMPDNS	SNDPMGRS
71	Pahlika	SRGMPDNS	SNDMRGMRS
71	Preethi Varuni	SRGRMPDNDS	SNDMPMGRS
71	Rama Varali	SRMPNDS	SNDMGRS
71	Sathya Bhushani	SGMPDNS	SNDPMGS
71	Varadhari	SRGMPDPNS	SNPMRGRS
72	Anjanaadri	SGMPDNS	SNPMGRS
72	Amaravathi	RGPNSRGM	SPGSNDPMG
72	Amritha Swarupini	SRGMPDS	SDPMGRS
72	Balachandra	SGMPS	SNDPMGRS
72	Giri Kunthali	SRGMPMGMPS	SNDNPMGS
72	Geervana Pada	SRGMPDS	SNDPMGRS
72	Hamsa Giri	SRGMPDNS	SNPDNPMGS
72	Harichandra Priya	SRMDNS	SNDMRS
72	Innisai Diwakaran	SRGPNS	SNPMGRS
72	Kanaka Jyotishmati	SMPDNS	SNDPMS
72	Nandana Priya	SRMDNS	SNDMRS
72	Mangala Chandrika	SRGMPDNS	SNDPMDMGRS
72	Mara Tharangini	SGMDNPNS	SPMGRS
72	Neethi Mallaru	SRGMPS	SNPDNPMGS
72	Priyasri	SRGMMDNS	SNDMMGRS
72	Rakthakshi	SRGMDS	SDMGRS
72	Rasamanjari	SRGMPDNS	SNPMRS
72	Sobhambika	SRMPNS	SNDPMRGS
72	Sivamanohari	SRMPNS	SDPMRMGS
72	Sudarangini	SRGPDS	SNDPMPGRS
72	Sputalapini	SGMPDS	SDPMGS
72	Varitha Ranjani	SRMPNS	SNPMRS
72	Yazhisai Arasu	SGMPNS	SNPMGRS
