1	Bhanupriya_Dwija	SRGYXS	SXYGRS
1	Bhoga Chintamani_Dwija	SRXYXDNS	SDXYGRGRS
1	Dhoka_Dwija	SGXDNS	SNDXGS
1	Dhowlika_Dwija	SRGYXNDS	SNDYGRS
1	Gaganambari_Dwija	SGRGYXDNDS	SNDXYGRS
1	Gowthami_Dwija	SRGXDNS	SNDXGRS
1	Kanakambari_Dwija	SRGYXDS	SNDXYGRS
1	Kamalini_Dwija	SRGYXNS	SNXYGRS
1	Khatgapriya_Dwija	SGRGYXDXNS	SDXDYGRS
1	Kantarakapani_Dwija	SGYXNS	SNXYGS
1	Kolangasha_Dwija	SRGYXDS	SRYXDS
1	Latantapriya_Dwija	SRYXDS	SDXYRS
1	Malayamarutham_Dwija	SRGXDNS	SNDXGRS
1	Manya_Dwija	SGYXDNS	SNDXYGS
1	Mega_Dwija	SRYXNDXS	SNDXYRS
1	Mukthambari_Dwija	SRGYXNS	SNDYGRS
1	Mohanamallaru_Dwija	SRGYDNDS	SDNDXYGRS
1	Ourya Sripriya_Dwija	SRXDNS	SNDXRS
1	Ratnapurna_Dwija	SRGYXDNS	SNDYGRYGS
1	Ranganayaki_Dwija	SRGXDS	SDPGRS
1	Rasagucha_Dwija	SRGXNS	SNXGRS
1	Rishabavilas_Dwija	SRYXDS	SDXYRYRS
1	Saravasri_Dwija	SYXS	SXYS
1	Tapollasini_Dwija	SYRGYXDNS	SDXGRS
1	T atillatika_Dwija	SRYXDS	SDXYRS
1	Tripureeswari_Dwija	SRGYDNS	SNDXYDYGRS
1	Vagheeswari_Dwija	SRGYXDS	SDXYXGRS
1	Vamalochana_Dwija	SRYXNS	SNXYRS
1	Vattambari_Dwija	SRGYXNS	SNDYGRS
37	Bowli Vasantham_Dwija	SGRGXDYNDS	SNDYXGXS
37	Enanka Manohari_Dwija	SRGXYNS	SNYXGRS
37	Godhari_Dwija	SGXYDNS	SNDYXGRS
37	Guna Bhushani_Dwija	SRGXYS	SYXGRS
37	Haradharini_Dwija	SGXYDS	SDYXRS
37	Hasthini_Dwija	SRXYDS	SDYXRS
37	Kamala Vasantham_Dwija	SRGRSXYDNS	SNDYXGRS
37	Kantha Manjari_Dwija	SRSXYDNS	SRGXDNS
37	Karuna Priya_Dwija	SRGXNDYNS	RGRXGRS
37	Kusuma Ranjani_Dwija	SRXYDNS	SNDNYXGRS
37	Lalitha Maruva_Dwija	SRGXYDNS	SNDXGRS
37	Mohana Varali_Dwija	SRGXYNDNS	SNYDXGRS
37	Nadha Bramari_Dwija	SGRGXYDN	DYXGRSNS
37	Naga Gupti_Dwija	SXGRGYDNS	SDNDYXGRS
37	Salakam_Dwija	SRGXYDNDS	SNDYXGRS
37	Salaga Bhairavi_Dwija	SRXYDS	SNDYXGRS
37	Samalapini_Dwija	SGXYNS	SNYXGS
37	Sasa_Dwija	SRGXYDNDS	SNDYXGRS
37	Saveri_Dwija	SRXYDS	SNDYXGRS
37	Saudhari_Dwija	SRGRXGX	SNDYXGRS
37	Saugandhini_Dwija	SRXYDS	SNDYXGRS
37	Sindhu_Dwija	SRGRXYS	SNDYNDXGRS
37	Sindhu Gantana_Dwija	SGRGXYDS	SDXGRS
37	Sindhu Ramakriya_Dwija	SGXYDNS	SNYDXGS
37	Simhala_Dwija	SRGXYDNS	SNDNYXGRS
37	Simharava_Dwija	SRXYNS	SNYXRGRS
37	Soma Prabhavali_Dwija	SRGXYDS	SDYXGRS
37	Suddha Bhogi_Dwija	SRGXYNDS	SDNYXGRS
37	Suddha Mohini_Dwija	SRGXYXDNS	SDYXGRGS
37	Yakshapriya_Dwija	SRXYNS	SNYXRS
2	Anandanatani_Dwija	SRGYXNS	SNXYGRS
2	Bairagi Bairav_Dwija	SRYXNS	SNXYRS
2	Bhoopala Chintamani_Dwija	SRGYXDNS	SDNDXYRS
2	Ghanta_Dwija	SRGYXDNXN	SNDXYGRSN
2	Ghantaravan_Dwija	SRSGYXNS	SNDXYGRS
2	Gowrigandhari_Dwija	SYRGYXDNDS	SNDXYGRS
2	Jayasindhu_Dwija	SRGYXS	SXNDYGRS
2	Jeevaranjani_Dwija	SRGYXDNS	SDXYGRS
2	Kamini_Dwija	SRGXDNS	SNDXGRS
2	Kanavahini_Dwija	SRGYDNS	SNDXYGS
2	Madhukari_Dwija	SYGYXDN	XYGRSN
2	Maraladhvani_Dwija	SGYXDNS	SNDXYGS
2	Nadaswarupi_Dwija	SRYXDNS	SDNDXY
2	Niharadri_Dwija	SGXDNS	SNDXGS
2	Panchalika_Dwija	SGYXNS	SNXYGS
2	Penadhyuthi_Dwija	SRYXDNS	SNDXYGRS
2	Pushpavasantham_Dwija	SGYXDNS	SNDYGRS
2	Rasavali_Dwija	SRYXDNS	SDXYGRS
2	Rathnavari_Dwija	SRYXNDS	SNXYRGRS
2	Revathi_Dwija	SRYXNS	SNXYRS
2	Rishabhangi_Dwija	SRYXDNS	SNDXYGRS
2	Sarvakala Manjari_Dwija	SRGXDNS	SNDYGRS
2	Srimani_Dwija	SRGXDS	SNDXGRS
2	Srimati_Dwija	SRGXDS	SNDXYGRS
2	Suddha Nepala_Dwija	SRGYXDS	SNDYGRGS
2	Vasantha Bhoopalam_Dwija	SRGXDNS	SNDXYDYGRS
2	Visaradha_Dwija	SRYXNS	SNXYRS
38	Arunambari_Dwija	SRGXYDNS	SDNYDXGRS
38	Bhoga Rasali_Dwija	SRGXDYNS	SNDNYXGRS
38	Chandra Swarupi_Dwija	SRGXYNS	SNDYXDXGRS
38	Devamukhi_Dwija	SRGYDS	SDYXGRS
38	HamsaBhogi_Dwija	SRGXDNS	SNDYXGRS
38	Jeevaratna Bhushani_Dwija	SRGXYDNDS	SNDYXGRS
38	Kamalasana_Dwija	SRGXYNDS	SNYDYXGRS
38	Kanthi_Dwija	SRGXYNS	SNYXGRS
38	Kumudabaranam_Dwija	SRGXYNDS	SDNYXGRS
38	Kusumavali_Dwija	NSRGXYDN	DYXGRSN
38	Maragadha Bhushani_Dwija	SGXYDNS	SNDYXGS
38	Maruva Chandrika_Dwija	SNSRGXYDN	NDYXGRGS
38	Mukunda Baranam_Dwija	SRGXYDNDS	SDNYXGRS
38	Nirudragiri_Dwija	SRXYDNS	SNDYXGRS
38	Prasthapana_Dwija	SRGRXYDNS	SDYXGRS
38	Ravi Prabhavali_Dwija	SRGXDS	SDYXGRGS
38	Simhanadam_Dwija	SRXYNS	SNYXRS
38	Sindhu Desya_Dwija	SRSGXYNS	SNDYXGRS
38	Swethavarna_Dwija	SRXGRYDNS	SNDYXGRS
38	Stauthra Priya_Dwija	SGXYNS	SNYXGRS
3	Bhavajapriya_Dwija	SGYXDNS	SNDXYGS
3	Bherikarnika_Dwija	SRYXDNDS	SNDXYGRS
3	Bhinna Panchamam_Dwija	SRYDNS	SNDXYGRS
3	Chandhanagandhi_Dwija	SRGXDNS	SNDXGRS
3	Chayagowla_Dwija	SRGRYXDNS	SDNXYGRS
3	Chayavela_Dwija	SRGRYXDNS	SNDXYGRS
3	Ganalalitha_Dwija	SGYXDNS	SNDXYGRS
3	Ganasamavarali_Dwija	SRYXDNS	SNDXYGRS
3	Girikarnika_Dwija	SRYXDNS	SNDXYGRS
3	Kurandalochani_Dwija	SRGYXNS	SNXYGRS
3	Lalitha thodi_Dwija	SRGYXS	SNDXYGRS
3	Madhuranjani_Dwija	SRGXDNS	SNDXYGRS
3	Mangala Gowri_Dwija	SYXDNS	SNXDYGRS
3	Maathuranjani_Dwija	SRGXDNS	SNDXYGRS
3	Nadhalalitha_Dwija	SRGYXDNS	SDXYGRS
3	Namavarali_Dwija	SRYXDNS	SNDXYGRS
3	Purva Varali_Dwija	SRYXDS	SNDXYGRS
3	Saranga lalitha_Dwija	SRGYRYXNS	SNDXYRS
3	Sri Binnapanchamam_Dwija	SGYXDNS	SNDXYGRS
3	Suka Ranjani_Dwija	SRGXDNSDS	SNDXYGRS
3	Suratimallaru_Dwija	SRYXNS	SNDXYGRS
3	Thavi_Dwija	SGXDNS	SNDXGS
3	Varavarnini_Dwija	SYRGYXS	SYRGYXS
39	Adi Panchamam_Dwija	SGRGXYD	NDYS
39	Adidesya_Dwija	SRGXYNS	SNDYXGRS
39	Amritha Rakshani_Dwija	SRGXYDNYS	SNDYXGRS
39	Amritha Varshani_Dwija	SRGXYDNYS	SNYDXGRS
39	Anangadhari_Dwija	SRGRXYNDNS	SNYDXGXRS
39	Asangadhari_Dwija	SRGRXYNDNS	SNYDXGXRS
39	Bhoga Dhwaja_Dwija	SRGXYDNS	SDYXRS
39	Bhudesa Priya_Dwija	SGXYDNS	SNDYXGS
39	Bhupala Panchamam_Dwija	SGRGYXDS	SYDXSRS
39	Dakka_Dwija	SGXYXDNS	SNDYXGRS
39	Dhali Varali_Dwija	SGRGXYDNS	SNDYXGGRS
39	Eka Swarupi_Dwija	SRGXGRYND	NYDYS
39	Girisa Priya_Dwija	SRGXYNS	SNYXGRS
39	Hamsa Neelambari_Dwija	SRGXDNS	SNYDXGRS
39	Hara Bhushani_Dwija	SGXYNS	SNDXGS
39	Ilakanti_Dwija	SXGXYDNS	SNDYGRXGS
39	Inavardhini_Dwija	SRGXYDS	SNDYXGS
39	Jala Sugandhi_Dwija	SRGXYDS	SDYXGRS
39	Jeenavalli_Dwija	SGRGXYDNDS	SNDYXGRS
39	Kalyana Gowri_Dwija	SRGRXYDNS	SDYGRS
39	Kurinji Vijayam_Dwija	SGRGYDNS	SRXGRXYDS
39	Naga Bhogi_Dwija	SYXYDNS	SYXYDNS
39	Naga Gantana_Dwija	SRGXPDN	SGRGXNDS
39	Naga Kokila_Dwija	SRGRGXYNS	SNYDNDYX
39	Natana Velavali_Dwija	SRXYDNS	SNYXGRS
39	Raga Bhogi_Dwija	SRGXYDN	DYXGRSND
39	Sabadyadi_Dwija	SRXGRYDNS	SNYDXRGRS
39	Soka Bimba_Dwija	SGXYNDS	SNYXGRGS
39	Suddha Sikamani_Dwija	SRGXYDNS	SDNYXRGRS
39	Suka Mandara_Dwija	SRXYDS	SNDYXGRS
39	Thanukirthi_Dwija	SRXYNS	SNDYXGRS
39	Tharangini_Dwija	SRXGRXY	DNDS
39	Varali_Dwija	SGRGXYDNS	SNDYXGRS
39	Vasukari_Dwija	SRGXYDNS	SNDXGS
39	Vigna Ranjitha_Dwija	SRXGXYDS	SDXGRS
39	Vijaya Kokila_Dwija	SRGXYDS	SNDYXGRS
39	Yami_Dwija	SRXYNS	SNYXRS
4	Bhuvaneswari_Dwija	SRGYXDS	SDXYGRS
4	Himavaluka_Dwija	SGYXDS	SDXYGS
4	Indusheethala_Dwija	SRGYXDNDS	SDNXYGRS
4	Kayajapriya_Dwija	SRGXDNS	SNDXGRS
4	Leelaranjani_Dwija	SYRGYXS	SNDXYGRS
4	Mandamari_Dwija	SRYXNS	SNDXYGRS
4	Pratheethi_Dwija	SGYXDNS	SNDXYGS
4	Sugathri_Dwija	SYXDNS	SDXYGRS
4	Swethambari_Dwija	SRGYXYDNS	SNXYGRS
4	Thamasvini_Dwija	SRGXDS	SDXGRS
4	Varithae_Dwija	SGXDNS	SNDXGS
4	Vanamali_Dwija	SRGXDNS	SNXYRS
4	Vanali_Dwija	SRYXDNS	SDXYRS
4	Vallika_Dwija	SRGXNS	SNXGRS
4	Vitapi_Dwija	SRYXDS	SDXYRS
40	Bahali_Dwija	SRGRGYNDS	SNDXGRS
40	Divyamathi_Dwija	SRGXYDYNS	SNDYXGRS
40	Dhivyambari_Dwija	SGRGXYDYNS	SNDYXGRS
40	Divya Kunthala_Dwija	SRGXYDYNS	SNDYXGRS
40	Gagana Gandhari_Dwija	SRGRXYNDNS	SNDYXGRS
40	Mallikamodha_Dwija	SGXYDNS	SNDYXGS
40	Nabomani_Dwija	SRGRXYS	SNDYXGRS
40	Nagonjini_Dwija	SRGXYXDNS	SNDYXGXRS
40	Navarasa_Dwija	SRXGXYDNS	SNDYXGYXR
40	Navarasa Kunthala_Dwija	SXYDNS	SNDYDXGRS
40	Nishada Priya_Dwija	SRGXYNDS	SNYXGRS
40	Pahali_Dwija	SRGRGYNDS	SNDXGRS
40	Savithri_Dwija	SGXYDS	SDYXGS
40	Sindhunattakurinji_Dwija	SRGXDNDS	SNDYXGRS
40	Soma Gantanam_Dwija	SRGXNDNS	SNYDXGRS
40	Subhushani_Dwija	SRSXYDNDS	SDNYXRS
40	Sughoshani_Dwija	SXYDNDS	SNDYXRXS
40	Suka Neelambari_Dwija	SRGXYDS	SNDYXGRS
40	Vallikakila_Dwija	SRGXYDNS	SNDYXDXGRS
40	Visiambari_Dwija	SRXYXGX	SNDYXGXRS
5	Bhoopala Manohari_Dwija	SGYXDNS	SNDXYGS
5	Chitramani_Dwija	SRYXDNS	SNDXYGRS
5	Ghanashyamalangi_Dwija	SGYXDNXSS	SNDXYGRS
5	Kaumathi_Dwija	SRGXDNS	SDXGRS
5	Meenalochani_Dwija	SRGYXDNXS	SNDYGRS
5	Rasavarali_Dwija	SRGYXDNDS	SNDXYGRS
5	Saaghu_Dwija	SGXDNS	SNDXGS
5	Saarika_Dwija	SRGXNS	SNXGRS
41	Adivasu_Dwija	SRGXYXDNS	NDXGS
41	Bhogini_Dwija	SGXYDNS	SNDYXGS
41	Chandra Jyothi_Dwija	SRGXYDS	SDYXGRS
41	Dhaulika_Dwija	SXGXYNS	SNYXGRS
41	Hamsa Rasali_Dwija	SRGXDYDNS	SNDYXGS
41	Hema Pingala_Dwija	SNSRGXND	NYS
41	Kumbini_Dwija	SGRGXYNDNS	SNYXGRS
41	Kunthala Bhogi_Dwija	SRGXDYNS	SNDNXGRS
41	Mukthavali_Dwija	SGRGXYDNS	SNYDYXYGRS
41	Pithambari_Dwija	SRGRXYDNS	SNDYXGRS
41	Pithrambari_Dwija	SRGRXYDNS	SNDYXGRS
41	Prabhavali_Dwija	SRXYDNS	SNDXYXRGRS
41	Prabhavati_Dwija	SRXYDNS	SNDXYXRGRS
41	Pratapa_Dwija	SGXYDNS	SNDYXGRS
41	Pratapa Varali_Dwija	SRXYS	SDYXGRS
41	Prati Madhyamam_Dwija	SRXYDS	SDYXGRS
41	Punnaga Varali_Dwija	SRGXYDN	NDYXGRSN
41	Purna Chandrika_Dwija	SRGXYDYS	SNYDYXGXRS
41	Purna Gaula_Dwija	SRXGRXY	NDNS
41	Purna Lalitha_Dwija	SRGRXYS	SNDYXGRS
41	Purna Panchamam_Dwija	SRGXYD	DYXGRS
41	Purva Kalyani_Dwija	SRGXYDNDS	SNDYXRS
41	Purvi_Dwija	SRGYDNDS	SNDYXDXGRS
41	Puttari_Dwija	SGXYDNS	SNDXGS
41	Rakthi Mathi_Dwija	SGXYXDNS	SDYXYGRS
41	Rudra kesari_Dwija	SRGYNDS	SNDYXGRS
41	Sarpanthiri_Dwija	SRXGXDNS	SNDYXGRS
41	Somakirani_Dwija	SRXYDS	SDYXRS
41	Sri Murthi_Dwija	SRGXYDS	SNDYXGRS
41	Suddha Girvani_Dwija	SRGXYDNS	SDYXGRS
41	Suka Pavani_Dwija	SRSYXDYS	SNSDYXGRS
41	Syama Neelambari_Dwija	SRGXYDNS	SDNDXGRS
41	Veera Vahini_Dwija	SRXYDNS	SNDYXGRS
41	Vijaya Sri_Dwija	SGRGXYNS	SNYXGRS
41	Yuddhevika_Dwija	SRSGXYDNS	SDYXRGRS
6	Chayanarayani_Dwija	SXYXDNS	SNDNXYGRS
6	Desyanarayani_Dwija	SRGYXNS	SNDNXYRS
6	Desyasurati_Dwija	SYRGYXDN	XYGRSNS
6	Easwari_Dwija	SRGYXDS	SDXYGRS
6	Gnanaswarupini_Dwija	SRGXDS	SDXGRS
6	Gowlamalavi_Dwija	SRGYXDNXNS	SXDNXYGRS
6	Kamalapathi_Dwija	SGXDNS	SNDXGS
6	Kashmira_Dwija	SRGXDNS	SNDXGRS
6	Mahila_Dwija	SGYXDNS	SNDXYGS
6	Sahyaja_Dwija	SGYXDS	SDXYGS
6	Sindhumalavi_Dwija	SRGYXDNXNS	SNXYRS
6	Srimalavi_Dwija	SRGYXNDNXS	SXYGRS
6	Srungarini_Dwija	SRGYXS	SNDXYGRS
6	Sringaramani_Dwija	SRGYXNS	SNDXYGRS
6	Thilakaprakasini_Dwija	SRGYXDNS	SNXYGRS
6	Vibhavari_Dwija	SRYXDS	SDXYRS
42	Ananda Bhogi_Dwija	SRGXYNDN	DYXGRSN
42	Chandra Prabha_Dwija	SRGXYDS	SDYXGRS
42	Gandarvam_Dwija	XYDNSRG	RSNYXYDNS
42	Gantaravam_Dwija	XYDNSRGX	YGRS
42	Gopathi_Dwija	SRGXYDN	YXRGRS
42	Hamsa Deeparam_Dwija	SRGXYNYS	SNYDNYXGRS
42	Hamsa Velavali_Dwija	SRGXYDYNS	SNYXGRS
42	Haraenapi_Dwija	SGXYDS	SDYXGS
42	Hindu Kirvani_Dwija	SRGXYS	SNYDNYXGRS
42	Indu Kirvani_Dwija	SRGXDS	SNYDNYXGRS
42	Jagan Gana_Dwija	SRGXYNDNS	SNYXRGXRS
42	Jwalika_Dwija	SRGXYNS	SNDYXGRS
42	Lalithadeepakam_Dwija	SRGXYDNS	SNDNYXGRS
42	Marthanda Priya_Dwija	SGXYDNS	SNDYXGS
42	Maruva Gaula_Dwija	SRGYXDNS	SNDYXGRS
42	Maruva Lalitha_Dwija	YDNSRGXY	YXGRSNY
42	Mecha Saveri_Dwija	SRXYNS	SNYXGRS
42	Neela Suri_Dwija	SRGYDS	SNDYXGRS
42	Raghu Leela_Dwija	SXRYXGXY	SNDNYXGX
42	Ravi Kriya_Dwija	SGRGXYNDNS	SNYXGRS
42	Rishabha Vahini_Dwija	SRGXYDS	SNYDXGRS
42	Saraswati Ranjani_Dwija	SRXYDS	SDYXRS
42	Thoomala_Dwija	SRGXDN	YXRGRS
42	Kanaka Varshini_Dwija	SRXGRDNS	SNDYXGRS
42	Kanaka Vasantham_Dwija	SGXYNDS	SNDXGS
7	Bhama Gaula_Dwija	DSRGYXDN	DXYGRSNDX
7	Bhanu Gaula_Dwija	DSRGYXDN	DXYGRSNDX
7	Bhoga Ranjani_Dwija	SRGYXDS	SNDXYGRS
7	Chinthamani_Dwija	SRGYSYXDNS	SDNXYGRS
7	Chirandi_Dwija	SRGXDNS	SNDXGRS
7	Gowla Chandrika_Dwija	SRYXDS	SNDXGRS
7	Hamsa Nandana_Dwija	SRGYXS	SXYGRS
7	Hamsa Nandi_Dwija	SRGYXS	SXYGRS
7	Isa Gowla_Dwija	SYGYXDNS	SDXDYGRS
7	Karathoya_Dwija	SRGYXNS	SNXYGRS
7	Kala Saveri_Dwija	SRGYXDNS	SNDXYGRS
7	Malini_Dwija	SRGYXS	SNDYGRS
7	Margini_Dwija	SRGYXS	SNDYGRS
7	Raja Ranjini_Dwija	SRGXNS	SNXGRS
7	Saindava Gowla_Dwija	SRGYXDNS	SNDYGYRS
7	Saindava Gowri_Dwija	SRGYXDNS	SNDYGYRS
7	Senapathi_Dwija	SRGYXNS	SNDXDYGRS
7	Shashi Manjari_Dwija	SGYXDNS	SNDXGRS
7	Sindhu Gowri_Dwija	SGRGYXS	SDXYGRS
7	Sindhu Mukhari_Dwija	SGRGYXS	SDXYGRS
7	Swarna Malli_Dwija	SGYXDNS	SNDXYGRS
7	Vasantha Gowla_Dwija	SRGYXDNS	SNDXYGRS
7	Veetika_Dwija	SGYXNS	SNXYGS
43	Anjanavati_Dwija	SRGXYDS	SDYXGRS
43	Devakeernava_Dwija	SRXYNDNS	SNDYXGRGS
43	Devamalaka_Dwija	SGXYNS	SNYDYXGRS
43	Ganavarshini_Dwija	SRXGRDNS	SNDYXGRS
43	Geervani_Dwija	SRGRXGXYN	YNDS
43	Gopikabaranam_Dwija	SRGXYNS	SNYXGRS
43	Jayavelavali_Dwija	SRGXDYDNS	SNDXGRS
43	Kalavasantham_Dwija	SGXYDNS	SNYXGS
43	Kalika Vasantham_Dwija	SGXYDNS	SNYXRS
43	Kanaka Vasantika_Dwija	SGXYDNDS	SNDXGS
43	Kokila Deeptham_Dwija	SRGXYDS	SNDXGRS
43	Kokila Keeravani_Dwija	SRGXYDS	SNXGRS
43	Kothmari_Dwija	SRXYDS	SNDYXGRS
43	Lasya Priya_Dwija	SRGXYS	SYXGRS
43	Mahathi_Dwija	SGXYDNS	SNDYXGS
43	Mechakambhoji_Dwija	SRGXDNS	SNYDXGRS
43	Nandimuka_Dwija	SRGXDNS	SRXYDNS
43	Parisuddha_Dwija	SRGXNDNS	SNDYXGRS
43	Peethambari_Dwija	SRXYDNS	SNDYXGS
43	Sinjini_Dwija	SGXYNS	SNYXGS
43	Sama Swaravali_Dwija	SRGXYNDS	SDYDXGRS
43	Suvarna Deepakam_Dwija	SRGXYDS	SDYXGRS
43	Thara Jyothi_Dwija	SRGXYDNS	SDYXRS
43	Vijaya Bhushavali_Dwija	SRGXYXYS	SNDYXGRS
8	Amritha Dhanyasi_Dwija	SRGYXNS	SNXYGRS
8	Ambikai Priyan_Dwija	SRGXDNS	SNDYGRS
8	Ananda Guhan_Dwija	SRGXDS	SNDXYGRS
8	Asaveri Thodi_Dwija	SRYXDNS	SNDXYGRS
8	Bhadra Todi_Dwija	SRGYDS	SNDXGS
8	Bharathi_Dwija	SRGYXDNS	SNXYGRS
8	Bhaskaran_Dwija	SRGXNS	SNXGRS
8	Bhishmavali_Dwija	SGRGYDXNDS	SNDGRS
8	Chandrika Thodi_Dwija	SGYXDS	SDXYGS
8	Chandra Kantha_Dwija	SRGYXDNS	SXDNDX
8	Chandrika Gowla_Dwija	SRGYXDS	SDXYRS
8	Chaya Bauli_Dwija	SRGYSXYDNS	SNXDYGRS
8	Desiya Bangala_Dwija	SRGYXDNS	SDXYGRS
8	Desiya Thodi_Dwija	SGYXDNS	SNDXGYRS
8	Dhanyasi_Dwija	SGYXNS	SNDXYGRS
8	Dhavala Kesari_Dwija	SRGYXDNS	SNXYGS
8	Dheera Varali_Dwija	SGYDS	SNDXYGRS
8	Dhivyamavathi_Dwija	SGYXDNS	SNDXYGS
8	Gambhira Vasantha_Dwija	SYGYRGY	XNDNXDNS
8	Gnanamani_Dwija	SGYXDNS	SNDYGS
8	Gomurthikam_Dwija	SRGYXNDS	SNDXYGRS
8	Himangi_Dwija	SRGYXDNDS	SNXDYGRS
8	Hiranya Lalitha_Dwija	SGRGYXNS	SDXYGRS
8	Indu Saranganata_Dwija	SRGYXYDNS	SDXYGRS
8	Jana Thodi_Dwija	SRGYXDNS	SNDXYGRS
8	Kalahamsa Gamini_Dwija	SRGYXNS	SNXYGRS
8	Kanaka Mandana_Dwija	SRGYXDNS	SDXYXGRS
8	Kashyapi_Dwija	SRGXDNS	SNDXGRS
8	Khadga Dharini_Dwija	SRXDNS	SNDXRS
8	Khantha Dhanyasi_Dwija	SGYXNS	SNDXNXYGRS
8	Kshanika_Dwija	SGYXDS	SDXYGS
8	Kujhan_Dwija	SGXNS	SNDXYGRS
8	Madhupathi_Dwija	SGXDS	SDXGS
8	Makara Nandana Priya_Dwija	SRYXDNS	SNXYGS
8	Maha Sukavathi_Dwija	SRGYXNS	SNDYGS
8	Malarone_Dwija	SGYXDS	SNDXYGRS
8	Maudha Dhanyasi_Dwija	SGYXNS	SNDXYXNXYG
8	Mrigakshi_Dwija	SGYXNS	SRGYNS
8	Nadha Giri_Dwija	SRGYXNS	SNXYGRS
8	Nadha Tali_Dwija	SRGYNS	SNDXYGRS
8	Nagamandalam_Dwija	SRGYNS	SRGYXNS
8	Nisakaran_Dwija	SRYXDS	SDXYRS
8	Parithi_Dwija	SRYXNS	SNXYRS
8	Prabhu Priya_Dwija	SGYXDS	SDXYGS
8	Punnaga Thodi_Dwija	NDNSRGYXDN	DXYGRSNDNS
8	Raegupthi_Dwija	SRGXDS	SDXGXGRS
8	Rajathavali_Dwija	SRGYXDNS	SNDYGXRS
8	Rajachintamani_Dwija	SRYXNS	SNDYGRS
8	Rambhavali_Dwija	SRYXDS	SNXYGRYS
8	Rasa Prathapa_Dwija	SRGYNS	SNDXYGRS
8	Ravana Priya_Dwija	SRGYXDNS	SDXYGS
8	Rengathodi_Dwija	SGYXDNS	SNDXYGRS
8	Rukmangi_Dwija	SRGXNS	SNXGRS
8	Saka Tholarava_Dwija	SRYXDS	SNDNXYGRS
8	Sarathi Gowla_Dwija	NSRGYXDNS	SNXYGRS
8	Shaka Mukhi_Dwija	SRYGYDNS	SNDXYRYGS
8	Shardola rava_Dwija	SRYXDS	SNDNXYGRS
8	Sivanandam_Dwija	SRGYXDNS	SNXYRS
8	Sindhu Saveri_Dwija	SRYXDS	SNXGS
8	Somurthika_Dwija	SRGYXNDS	SNDXYGRS
8	Suddha Maruva_Dwija	SGYXDS	SDXYRGRS
8	Suddha Samantham_Dwija	DSRYXD	DXYGRSDS
8	Suddha Seemanthi_Dwija	SRGYXDS	SDXYGRS
8	Sukra Vardhana_Dwija	SRGYDNS	SNDNXDXY
8	Swarna Mallika_Dwija	SGYXDNS	SNDXYGRS
8	Sravana Mallika_Dwija	SGYXDNS	SNDXYGRS
8	Tharanga_Dwija	SGXDNS	SNDXGS
8	Vakkal_Dwija	SRYXDNS	SNDXYRS
8	Vajrahasitha_Dwija	SRGYXDNS	SNDXYRS
8	Vali Thodi_Dwija	SRGYXDNS	SDXGRS
8	Vasantha Leelavati_Dwija	SRYXNS	SNDYGRS
8	Vasantha Srimani_Dwija	SGYXNS	SNDYGRS
8	Veeravarali_Dwija	SRYDS	SNDXYGRS
44	Amboruha_Dwija	SRGYDNS	SNYDXGRS
44	Annavaridhi_Dwija	SRXYNS	SNYXRS
44	Bhavukadhayini_Dwija	SGXYDNS	SNDYXGS
44	Bhikara Goshini_Dwija	SRGXYDNS	SNDXYXGRS
44	Bhinna Herali_Dwija	SXYDNDS	SNDYXGRS
44	Bhoga Saveri_Dwija	SRXYDN	DYXGRS
44	Dhavala Sarasiruha_Dwija	SRGXDYNS	SNDXGRS
44	Halayudha Priya_Dwija	SGXYDS	SDYXGS
44	Kanchanavathi_Dwija	SRGXYNS	SNYXGRS
44	Kannada Deepara_Dwija	SRGXDNS	SNDYDXGRS
44	Kala Murthi_Dwija	SRGXDNS	NSGRGXYS
44	Malathi Priya_Dwija	SRGXYDNDS	SNDYXGRS
44	Maragadha Prabha_Dwija	SRXYDNS	SNDYXGRS
44	Mayura Dhwani_Dwija	SRGXYDNS	SDNDYXYGRS
44	Mecha Bangala_Dwija	SRGXYNS	SNDYXGRS
44	Nadharupini_Dwija	SRGXYNS	SGRGXYDNS
44	Parandaman_Dwija	SRXYDS	SDYXRS
44	Raja Saranga_Dwija	SRGXYDNS	SNDYXRGXRS
44	Rohana Kalyani_Dwija	SGXDNS	SNDYXGRS
44	Samantha Maruva_Dwija	SRGXDNS	SNDYXGRS
44	Samantha Velavali_Dwija	SRGXDYDS	SDNYXGRS
44	Saravardhini_Dwija	SRGXDYDNS	SNYDYXGRS
44	Thava Sarasiruham_Dwija	SRGXDYNS	SNDXGRS
44	Vallavan_Dwija	SRGXYDS	SNDNYXGXRS
9	Bhagesri Bahar_Dwija	SRGYXNS	SNSNXYGRS
9	Bhargavi_Dwija	SGYXDNS	SNDXYGS
9	Bhauman_Dwija	SRYXDS	SNXYGS
9	Bhoga Varali_Dwija	SRGYXNS	SNXYGRS
9	Bhinna Shadjam_Dwija	SRGRXYXNS	SDXYGRS
9	Bhoopalam_Dwija	SRGXDS	SDXGRS
9	Deshyandhali_Dwija	SRGYXNDS	SDXYGRS
9	Desika Rudri_Dwija	SYRGYXNS	SNXDYGRS
9	Devi_Dwija	SGYXDNS	SNDYGRS
9	Dhairya Mukhi_Dwija	SRGYXDS	SNXYXRGRS
9	Dhowmya Raga_Dwija	SRGYXDS	SNDXYGRS
9	Gaja Saari_Dwija	SRGYXDNS	SXYGRS
9	Gaja Sri_Dwija	SRGYXDNS	SXYGRS
9	Gnana Valli_Dwija	SGXDS	SNXYGRS
9	Gnanayurthi_Dwija	SGXNS	SNXGS
9	Kanakadri_Dwija	SRGXDNS	SNDXGRS
9	Lalitha Srikanti_Dwija	SRGYXDNS	SNDXYDYGRS
9	Lalitha Srikarni_Dwija	SRGYXDNS	SNDXYDYGRS
9	Madhava Sri_Dwija	SGRGYXNDS	SNDXYGRS
9	Marghavi_Dwija	SGYXDNS	SNDXYGS
9	Naga Saka_Dwija	SGRGXDXNS	SNDXYXGRS
9	Neela_Dwija	SRGYDNS	SNDXYGRS
9	Nemy_Dwija	SGYDNS	SNXYGRS
9	Purva Barasu_Dwija	SYGYDNS	SNDXYGRS
9	Sanavi_Dwija	SYXDNS	SNDXYS
9	Seetha Panchamam_Dwija	SRGYXNS	SNDXYGRS
9	Shalmali_Dwija	SRGXNS	SNXGRS
9	Silamban_Dwija	SGXDNS	SNDXGS
9	Sindhu Chintamani_Dwija	SRYGYDXDS	SDXYGRS
9	Siva Murthi_Dwija	SGYXDNS	SNDXYGRS
9	Soma Raga_Dwija	SRYGYDXDS	SDXYGYRGRS
9	Teeka_Dwija	SRYGYXDNS	SNDXYGRGS
9	Duni Binna Shadjam_Dwija	SRGYXDNS	SNDXYGRS
9	Usanan_Dwija	SRYXDS	SNDXYGRS
9	Yogagiri_Dwija	SRGXDS	SNDXYGRS
9	Yogini_Dwija	SRGXDS	SNDXYGRS
45	Airavathi_Dwija	SRGXYNS	SNYXGRS
45	Agama Priya_Dwija	SRGXYXDNS	SNYDNYXGRGS
45	Arunangi_Dwija	SRXYNDS	SNDXRGS
45	Bhanu Dhanyasi_Dwija	SRGNDN	DYXGRSNS
45	Bhanu Keervani_Dwija	SRGXYDNS	SNDXGRS
45	Bhaumukhi_Dwija	SRGXYNS	SNDYXGRS
45	Chala Kesari_Dwija	SRXYDNS	SDYXRS
45	Chaya Ranjani_Dwija	SGXYNS	SNDYXGS
45	Chowka Bheeru_Dwija	SRGXYDNS	SDXGRS
45	Dasa Nandini_Dwija	SRGYNS	SDYXGRS
45	Gamaka Samantham_Dwija	SGXYNS	SNDYXGRS
45	Garuda Priya_Dwija	SXYDNS	SRSNDYXR
45	Garuda Vardhini_Dwija	SRGXNDXY	DNS
45	Govardhini_Dwija	SRGYDS	SNDYXGRS
45	Jalakesari_Dwija	SRXYDNS	SDYXRS
45	Kamala Baranam_Dwija	SRGXYNDS	SNDYNDXGRS
45	Kamaranjani_Dwija	SRGRXYDNS	SNDXGRGS
45	Kanaka Deeparam_Dwija	SGXYDYN	DYXGRSNS
45	Kantha Rakshasa_Dwija	SRGRXYDNS	SDYXGRS
45	Kereeda Mathi_Dwija	SRGXYDNS	SDYGRS
45	Latha Mani_Dwija	SRGYXYDYS	SNDYXDXGRS
45	Latha Mathi_Dwija	SRGYXYDYS	SNDYXDXGRS
45	Maadha Ranjani_Dwija	SRGXYDNS	SNYXGRS
45	Maha Nandini_Dwija	SXGXYDNS	SDNDXGRS
45	Mala Dharini_Dwija	SGXYDNS	SNDYXGS
45	Maruva Vasantham_Dwija	SXGXYDNS	SNYDXGRS
45	Maya Dharini_Dwija	SGXYDNS	SNDYXGS
45	Mecha Manohari_Dwija	SRSGXYDYNS	SNDXGRS
45	Multani (Gamaka_Dwija	SGXYNS	SNDYXGRS
45	Naga Panchamam_Dwija	SGXYNS	SNDYXGRS
45	Namagan_Dwija	SGXYNS	SDYGRS
45	Nattaragam_Dwija	SRGXYDNS	SNDYXGRS
45	Panchama Natta_Dwija	SRGXNS	SNDYXGRS
45	Panthu Varali_Dwija	SRGXYDNS	SNDYXDXGRS
45	Parai_Dwija	SRXYNS	SNYXRS
45	Prabhasa_Dwija	SRGXYDS	SNDYXGRG
45	Parvathi_Dwija	SGXYNS	SNDYXGS
45	Ramakali_Dwija	SRGYDS	SNDYXGRS
45	Rudra Manjari_Dwija	SRGYNDS	SNDYXGRS
45	Shadakshari_Dwija	SGRGXYDNS	SNDXGRS
45	Siva Panthuvarali_Dwija	SRGXYDNS	SNDYXGRS
45	Srunga Mola_Dwija	SGRGXDYDNS	SNDYXGRS
45	Subhavathi_Dwija	SRGXYDNS	SNYXRS
45	Subha Varali_Dwija	SXRGXYDN	DYXGRSNS
45	Subra Varali_Dwija	SGXYDNS	SNYDYXGRXGS
45	Suddha Billari_Dwija	SRXYXDNS	SNYXGRS
45	Suddha Swaravali_Dwija	SGXYXDNS	SNDXGS
45	Sura Varali_Dwija	SRXYDS	SNDYXGRS
45	Svaratna Deepika_Dwija	SRXGXYDNS	SDYXGRS
45	Tharatalam_Dwija	SRGXYDS	SNDYXGRS
45	Tharinjikam_Dwija	SRGXYDYS	SNDYXGRS
45	Tharaka Pathi Priya_Dwija	SRGXYDS	SNYGS
45	Vasodhari_Dwija	SRGXNDNS	SNDYXRGXRS
45	Veera Leela_Dwija	SGXYDNS	SNDXGRGS
10	Aghora Priya_Dwija	SRGYXDNS	SNDYGS
10	Amudha Valli_Dwija	SGYDS	SNXYRS
10	Amsumali_Dwija	SRYDS	SNXYGS
10	Bhuthanathan_Dwija	SGXDS	SDXGS
10	Bhramara Vardhani_Dwija	SRYXDNS	SNDXYGRS
10	Buddhan_Dwija	SGXDNS	SNDXGS
10	Gangalan_Dwija	SGYXDNS	SNDXYGS
10	Gunavathi_Dwija	SRYXDS	SDXYRS
10	Hindola Desika_Dwija	SYRGYXDNS	SXNDYGRS
10	Idaikkan_Dwija	SRGYXDNS	SDXYGRS
10	Indhra Dhanu_Dwija	SRGYXDNS	SNDXYGS
10	Indhra Kalam_Dwija	SRGYXDNS	SNDXYRS
10	Indhra Nilam_Dwija	SRGYXDNS	SNDXYGRS
10	Kannada Saurashtram_Dwija	SRYGYDXDNS	SNDXYGS
10	Kinnaresa Priya_Dwija	SRGXDNS	SNDXGRS
10	Madhava Kalyan_Dwija	SRGXDS	SNDXYGRS
10	Maghadhari_Dwija	SGRYXDS	SNXGRS
10	Maghadhasri_Dwija	SGRYXDS	SNXYRS
10	Magha Dhana_Dwija	SGRYXDS	SNXYRS
10	Mangala Dhanyasi_Dwija	SRGYXNS	SNDXGRS
10	Mathangagamini_Dwija	SGYXDNS	SNDXYGS
10	Meghadha Sri_Dwija	SGRYXDS	SNXGS
10	Muhurtha Dhanyasi_Dwija	SGYXNS	SNDXYGRS
10	Moudha Dhanyasi_Dwija	SGYXNS	SNXDYGRS
10	Naga Sugandi_Dwija	SRYXNDS	SNDXYGRS
10	Nagamani_Dwija	SRGYXDS	SDXYGRS
10	Natabharanam_Dwija	SGYXNDNS	SNDNXYGRS
10	Nataka Thodi_Dwija	SRGYXDNS	SDXYGRS
10	Natya Dharana_Dwija	SRYXDS	SNDXYRS
10	Niranjini_Dwija	SRGYXDS	SNDXYGRGS
10	Poorva Barasu_Dwija	SYGYDNS	SNDXYGRS
10	Poorva Ramakriya_Dwija	SRGYXNDNS	SNXDYGRS
10	Ragasugandhi_Dwija	SRYXNDS	SNDXYGRS
10	Rasali_Dwija	SRYXDNS	SDXYRS
10	Santva Bhasini_Dwija	SGYXDS	SDXYGS
10	Saranga Bauli_Dwija	SYGYXDNDS	SNDXYGRS
10	Sree Santha Bhashini_Dwija	SRGYXDS	SNDYGRS
10	Sudheepaka_Dwija	SRGYXDNS	SNDNDXYGRS
10	Sughandi_Dwija	SRYXNDS	SNDXYGRS
10	Vasantha Kannada_Dwija	SRGXDS	SGYXDS
10	Vijayanarayani_Dwija	SRGYXDS	SNDXYGRS
10	Yoga Bhodini_Dwija	SRGYDNS	SXYGRS
46	Amrithalahari_Dwija	SRGXYDS	SDYXGRS
46	Bhavali_Dwija	SRXYDS	SNDNDYXGRS
46	Deekshangi_Dwija	SRSXYDNS	SNDYXGSRS
46	Deepa Kanthi_Dwija	SGYDS	SNYXRS
46	Dhana Manjari_Dwija	SGXDNYDNS	SNDXGRS
46	Dheva Sena_Dwija	SRGYDS	SNDYXGRS
46	Garbha Leela_Dwija	SXGXYNDNS	SNDYXGXRS
46	Indhu Dhanyasi_Dwija	SGXDNS	SNDYDXGRS
46	[agadamba_Dwija	SGYDS	SNYXGRS
46	[aya_Dwija	SGXYDNS	SNDYXGS
46	[aya Srikanthi_Dwija	SGXYDNS	SNDYXGS
46	KanchaPunji_Dwija	SRGXYXNDS	SNDYXGRS
46	Kshith Rakshi_Dwija	SRXGRXYDNS	SNYDYXGRS
46	Kunthala Swaravali_Dwija	SGXYDNS	SNDNYXGRS
46	Lokadeeparam_Dwija	SRGXYNDNS	SNDXYXGRS
46	Nadha Manjari_Dwija	SGXDNYDNS	SNDXGRS
46	Pancha Mukhi_Dwija	SGRGXYDNS	SNYXGRS
46	Penandholi_Dwija	SRXYNS	SNDYXGXRS
46	Prabhavathi_Dwija	SRGXYDS	SNDYXGS
46	Prathi Hari_Dwija	SRXYDNS	SNDYXRS
46	Purasuya_Dwija	SRXGRXY	SNDYXGRS
46	Purna Shyamala_Dwija	SRGXYDNS	SDYXRGRS
46	Sabha Vigraha_Dwija	SRXYNDS	SNDYXGRS
46	Shuktija Priya_Dwija	SGXYDS	SDYXGS
46	Sri Kanti_Dwija	SGXYDNS	SNDYXGS
46	Sri Indhu Bhogi_Dwija	SGRGXYDS	SNDNYXGRS
46	Sri Theevra Vahini_Dwija	SRGXYDYNS	SNDYXGRS
46	Sthava Raja_Dwija	SRXYDS	SNDXGS
46	Theevra Vahini_Dwija	SRGXYDYNS	SNDYXGRG
46	Tirumurthi_Dwija	SRGXYNS	SRXGXDNDNS
46	Vijaya Beedu_Dwija	SGRGXYNDS	SDYXGRS
11	Aimukham_Dwija	SRGXDS	SNDXYGRS
11	Avikarai_Dwija	SGXDS	SNXYS
11	Chathuranana Priya_Dwija	SRGXDNS	SNDXGRS
11	Deeparam_Dwija	SRGYXDNS	SNDNDXY
11	Isanan_Dwija	SRGXDNS	SNDXYGRS
11	Kaumari_Dwija	SRGYXDS	SNDXYGRS
11	Kokila Kamavardhani_Dwija	SGYXYNDNS	SNXDYGS
11	Kokilaravam_Dwija	SRGRYXDNS	SNDXYGRS
11	Manmagan_Dwija	SGYXDNS	SNDXYGS
11	Maruva Desika_Dwija	SGYXDXNS	SNDXYGRS
11	Nanbhan_Dwija	SGYXDS	SNDXYRS
11	Nada Mukhari_Dwija	SRGYXS	SNDXYGR
11	Naradha Mukhari_Dwija	SRGYXDS	SNDXYGRS
11	Payasvini_Dwija	SGYXDNS	SNDXYGS
11	Ratnamani_Dwija	SRGYXDNS	SNDXGRS
11	Saradha_Dwija	SGYXNS	SNDXYGRS
11	Saradha Bhairavi_Dwija	SRGYXDNS	SNXGRS
11	Sindhu Kriya_Dwija	SRGYXYDNS	SDXYGRS
11	Suddha Lalitha_Dwija	SXYDNS	SNSDXYRS
11	Suddha Manjari_Dwija	SGYXYDNS	SNXDYGRS
11	Vardhini_Dwija	SGYXDNS	SNXDXYGS
11	Vasantha Narayani_Dwija	SRGYXS	SNDXYGRS
11	Vasanthi_Dwija	SRGXNS	SNXGRS
47	Anukanti_Dwija	SRXGRDNS	SNDYXGRS
47	Balavam_Dwija	SRGRXYDNS	SNYDYXGRS
47	Bhagamanjari_Dwija	SGXNYDNS	SNYXGRS
47	Bhoga Dwaji_Dwija	SRGXYDNS	SDYXRS
47	Brungamohi_Dwija	SRXYDNS	SNDYXRS
47	Dheerga Mangali_Dwija	SRXYDS	SDYXGRS
47	Dhurjathi Priya_Dwija	SRGXYDNS	SNYGS
47	Kuntala Dhanyasi_Dwija	SGXYXDNS	SNDNYXGRS
47	Manini_Dwija	SGXYDNS	SNDYXGS
47	Marmakshari_Dwija	SRGXYNS	SNDYXGXRS
47	Maruva Narayani_Dwija	SRGXYDS	SDNYXGRGS
47	Navarasa Bangala_Dwija	SRGXDYDNS	SNDXGS
47	Panchasya Nandana_Dwija	SRGXYDNS	SNDYXGRS
47	Raja Ganthi_Dwija	SRGYDNS	SNDXGRS
47	Rajavasyani_Dwija	SRGXYDNS	SDYXGS
47	Raktha Mathi_Dwija	SGXYXDNS	SDYXYGRS
47	Rathika_Dwija	SGRGXYDNS	SNDYXGRS
47	Rathi_Dwija	SRGRXYDNS	SNDYXGRS
47	Sakthakala Vardhani_Dwija	SRGRXYDYN	SNDYXGRGS
47	Sakthi_Dwija	SRXYNS	SDYXGS
47	Salaga Velavali_Dwija	SRGXYNDNS	SNDYXGS
47	Savveera_Dwija	SRGRXYDNS	SNYDYXGRS
47	Senamanohari_Dwija	SGXYDNDS	SNDYXGRGS
47	Srinavarasa Bangala_Dwija	SRGXDYDNS	SNDXGS
47	Surya Jyothi_Dwija	SRGXYDS	SNDYXGRS
47	Vikrama Varali_Dwija	SGXYNS	SNDYXGRS
47	Visaveer_Dwija	SRGRXYDNS	SNYDYXGRS
47	Vrishabavahini_Dwija	SRXYDNS	SNDXGRS
47	Vyagra Manjari_Dwija	SRXYNS	SNDYXGRS
12	Bhanu Kokila_Dwija	SYXDNS	SDNXYGS
12	Bhindhu Herali_Dwija	SRGRGYXDY	XDNS
12	Kapila_Dwija	SRGXDNS	SNDXGRS
12	Kapriya Nayakam_Dwija	SYXDNS	SDNXYGRS
12	Kshepini_Dwija	SGYXDS	SDXYGS
12	Madhava Priya_Dwija	SGYXDNS	SNDXYGS
12	Nagaraja_Dwija	SRGYXDS	SDXYGRS
12	Poorna Swaravali_Dwija	SGYXDNS	SDNXYRGS
12	Pratapa Vasantham_Dwija	SYRGYXNS	SNXYRS
12	Rekavati_Dwija	SRGYXNDS	SDNDXYGRS
12	Rupavathi_Dwija	SRYXXSS	SNDNXYGS
12	Sama Kurinji_Dwija	SGXDNS	SNDNXYGRS
12	Shashanka Kirani_Dwija	SRGXDS	SDXGRS
12	Shyam Kalyani_Dwija	SYGYXDNS	SNXDNXYGRS
12	Soma Bhairavi_Dwija	SRGYXS	SNXDNXYGRS
12	Jaskavali_Dwija	SYXDNS	SNDXYS
12	Jujahuli (Jujavali)_Dwija	SYGYXDNS	SDNDXYGS
12	Kalakamadi_Dwija	SRYXDNS	SNDXYRS
48	Amapanchamam_Dwija	SRGXYDNS	SNDXGS
48	Anna Panchamam_Dwija	SRGXYDNS	SNDXGS
48	Bhoga Dhanyasi_Dwija	SGXYNS	SNYDNYXGRS
48	Bhoga Sindhu_Dwija	SYXYDNS	SNDNYXS
48	Bramara Uttari_Dwija	SRGXYDNS	SDYXRS
48	Deepika_Dwija	SGXYDYS	SNDNYXGRS
48	Desakshi_Dwija	SRGYDS	SNDYXGXRS
48	Desa Gaula_Dwija	SRSYDNS	SNDYSRS
48	Desa Mukhari_Dwija	SRGXYDNDS	SDNDYXGRS
48	Deva Hamsika_Dwija	SRGXYXDS	SNDYXGRS
48	Divya Kunthalam_Dwija	SRGXYDS	SNDYXGRS
48	Dhautha Panchamam_Dwija	SRGXYNYS	SNDYXRGXRS
48	Jeevanthika_Dwija	SRGXYDNS	SNYXGRS
48	Jeevan Thini_Dwija	SXYDNS	SNYXGS
48	Kannada Velavali_Dwija	YNSRGXY	YXGRSNDNY
48	Kunthala Deeparam_Dwija	SXYDNS	SNDNYXGS
48	Mangala Prada_Dwija	SGXYDNS	SNDYXGS
48	Maruva Desi_Dwija	SGRGXYS	SYDNYXRS
48	Omkari_Dwija	SRGXYDS	SDYXGRS
48	Pathaka_Dwija	SRXYDNS	SNDYXRS
48	Rudra Gandhari_Dwija	SRGXNS	SNDNYXGS
48	Savvera_Dwija	SGRGXYDNS	SNYDYXRS
48	Suddha Ghandari_Dwija	SRGXNS	SNDNSNYXRS
48	Sowkya Dhayini_Dwija	SGXYDS	SDYXGS
48	Suka Swaravali_Dwija	SNSRGXYDN	YXGRSNS
48	Veda Dayi_Dwija	SXGXDNYNS	SNDYXGRS
13	Bhujanga Chintamani_Dwija	SXYXDNDS	SNDXYGRS
13	Dheeramathi_Dwija	SRYXDS	SDYRGRS
13	Dheva Mukhari_Dwija	SRYXDNS	SNDXYRS
13	Donga_Dwija	SGXDNS	SNDXGS
13	Geetha Priya_Dwija	SRGYXDNS	SDXYGRS
13	Geya Hejjejjee_Dwija	SRYGYXDS	SNDXYGRS
13	Gomaatha_Dwija	SGYDS	SDXYGS
13	Hamsa Natani_Dwija	SGYXS	SXYGRS
13	Hamsa Varidhi_Dwija	SRYXDS	SDXYRS
13	Kalkada_Dwija	SRGXDNS	SNDXGRS
13	Kaltada_Dwija	SRGXDNS	SNDXGRS
13	Kaliki_Dwija	SRGYXDNS	SNDXYRS
13	Kalyana Kesari_Dwija	SRGXDS	SDXYGRS
13	Karikadya_Dwija	NSGYXDN	DXYGRSN
13	Keervani_Dwija	SRGRYGY	DNXNS
13	Kesari_Dwija	SRGYXDS	SNDXYGRS
13	Kunthala Kambhoji_Dwija	SGYDNDS	SNDXYGS
13	Marichaka_Dwija	SGYXDNS	SNDXYGS
13	Maruva Kannada_Dwija	SRYGYXNS	SNXYRGRS
13	Naga Samantham_Dwija	SRXYXDS	SDXYRS
13	Naga Vahini_Dwija	SRGXYDNS	SNDXYGRS
13	Navarasa Chandrika_Dwija	SRGXYDS	SDXYGRS
13	Nama Narayani_Dwija	SRYXDNS	SXDNXYRS
13	Pooja Bauli_Dwija	SGYXDNS	SNDXYGRS
13	Rathna Bhoshani_Dwija	SRGYXS	SXYGRS
13	Sallasini_Dwija	SRGYXNS	SNXYGRS
13	Sama Narayani_Dwija	SRYXDNS	SXDNXYRS
13	Sarva Mangala_Dwija	SRGYXDNS	XNS
13	Sujaskavali_Dwija	SYGYXDNS	SDNDXYGS
13	Sukhavani_Dwija	SRGXNS	SNXGRS
13	Suravarali_Dwija	SYXDNS	SNXDYS
13	Susavali_Dwija	SGYXDNS	SNDYGS
49	Abhiramam_Dwija	SRXYDNS	SNDYXGRS
49	Bhinna Varali_Dwija	SXYDNDS	SNDYXS
49	Dhavalangi_Dwija	SXGXYDNDS	SNDYXGRS
49	Dhavalangam_Dwija	SRGXYDS	SNDYXGRS
49	Dhavala Varali_Dwija	SRGXYDS	SNDYXGRS
49	Dheepa Kriya_Dwija	SRXYDS	SNDYXGRS
49	Dheera Swarupini_Dwija	SRGXYDNS	SDNDYXGS
49	Dheva Bharana_Dwija	SGRGXDNS	SNDNYXGRS
49	Dheva Giri_Dwija	SRXYDS	SNDYXGRGS
49	Dheva Kriya_Dwija	SRXYDS	SNDYXGRS
49	Kannada Kurinji_Dwija	SGRGXYDNS	SDYXRS
49	Kanchana Mala_Dwija	SRGXYNS	SNYXGRS
49	Navamani Chandrika_Dwija	SRGXDNS	SDYGRS
49	Navarasa Andhali_Dwija	SGRGXYDS	SDYXGRGS
49	Sudharamani_Dwija	SRXYDNS	SNDXGRS
49	Swarabharana_Dwija	SGXYDNS	SNDYXS
49	Thandava Priya_Dwija	SRGXYS	SNDXGS
49	Thapa Ranjani_Dwija	SRGRXYDNS	SNDXGRS
49	Vamsikam_Dwija	SXYDNS	SNDYXS
49	Vanthika_Dwija	SXYDNS	SNDYXS
14	Aanaka Dhundhubi_Dwija	SRGXS	SNXYS
14	Ahiri_Dwija	SRSGYXDNS	SNDXYGRS
14	Anandhan_Dwija	SRGYXS	SNDXYGRS
14	Bhuvana Ranjani_Dwija	SGYXDNS	SNDXYGS
14	Chandrika_Dwija	SRGYXNS	SNXYGRS
14	Chamundi_Dwija	SGYXDS	SDXYGS
14	Chandrasekara Priya_Dwija	SRGXDNS	SNDXGRS
14	Chaitaka Ranjani_Dwija	SGYXDS	SNDYGRS
14	Gana Sobhitham_Dwija	SRGYDNDS	SDNXYGRS
14	Ghana Shyamala_Dwija	SRGYDNDS	SDNXYGRS
14	Hamsa Kambhoji_Dwija	SRGYDNS	SNDXYRS
14	Kalindaja_Dwija	SRGYXNS	SRGYDS
14	Kamala Manohari_Dwija	SGYXNS	SNDXYGS
14	Kuzhagan_Dwija	SRGYXNS	SNXYRS
14	Lalitha Panchamam_Dwija	RSGYDNS	SNDXYGRS
14	Nandini_Dwija	SRYXDNS	SNDXYRS
14	Nitala Prakasini_Dwija	SYXDNS	SNXYRGS
14	Saikatha Ranjani_Dwija	SGYXDS	SNDYGRS
14	Shamam_Dwija	SRGXYDNS	SNDYGS
14	Sri Kalkada_Dwija	SRGXDNS	SNDXGRS
14	Sudalayadi_Dwija	SGXDNS	SNDXGS
14	Sudha Kamboji_Dwija	SGRYXNS	SNXYGRS
14	Syama Chintamani_Dwija	SRYXDS	SNDXYGRS
14	Thaapa Raga_Dwija	SGXDNS	SNDXGS
14	Thandavollasini_Dwija	SRGXDNS	SNDXGRS
14	Thannavan_Dwija	SGXNS	SNXGS
14	Vasanthaka_Dwija	SRYXNDS	SNDXYSYGRS
14	Vasantha Bhairavi_Dwija	SRGYDNS	SNDYXYGRS
14	Vasantha Mukhari_Dwija	SYGYXDNS	SNDXYGRS
14	Vijayollasini_Dwija	SRGYXYDNS	SNDXYGRS
14	Veeralan_Dwija	SRGXDS	SNDXYGRS
50	Bala Gambeerya_Dwija	SGRGXDYDNS	SNDYXGRS
50	Dhandayana_Dwija	SRGYNDNS	SNDYXGRGS
50	Deva Koti_Dwija	SRXGXYNS	SDYXRGS
50	Gowri Maruva_Dwija	SRXYDS	SNDYXGRGS
50	Hrudha Kanthini_Dwija	SRGXYNDS	SNDYXGS
50	Indirani_Dwija	SGXYDS	SNYXGRS
50	Kannada Bhogi_Dwija	SRGXYNDNS	SNDXGRGS
50	Mahadevan_Dwija	SRXYNS	SDXGS
50	Maran_Dwija	SRGXYNS	SRGXYNS
50	Mara Narayani_Dwija	SGRGXYDS	SDYXGRGS
50	Narmada_Dwija	SXYDNS	SXYDNS
50	Namadesi_Dwija	SRGXYDNS	SNDYXGRS
50	Nasa Mani_Dwija	SRGXYXYS	SNDNYXRS
50	Navarasa Gandhari_Dwija	SRGXYXDNS	SNDXGRS
50	Nirmada_Dwija	SRGXDNS	SNDYXYGRS
50	Omkara Ghoshini_Dwija	SRXYNS	SNYXGRS
50	Prabhava_Dwija	SRGYXDNS	SNDYGRS
50	Selvanayaki_Dwija	SRGYNS	SDYXGRS
50	Sri Madhukari_Dwija	SRGXYDNS	SNDXGRS
50	Sri Omkara Bhoshani_Dwija	SRGXYNS	SNYXGRS
50	Vilambini_Dwija	SXGXYNDNS	SNDNYXGXS
15	Aandi Vannam_Dwija	SRYXNS	SNDXGS
15	Aasa Manjari_Dwija	SRGXDS	SNXYRS
15	Ardhrambari_Dwija	SRGYXDNS	SNXYRS
15	Basamana_Dwija	SRGYXDNS	SNDNXYRGYGS
15	Baulangi_Dwija	SGRGYXDXS	SNDXYGRS
15	Bhama Mani_Dwija	SYRGYDNS	SDXGRS
15	Bharma Kesari_Dwija	SRGXDNS	SDNDYGRS
15	Bhindu Malini_Dwija	SGRGYXNS	SNSDXGRS
15	Bhindu Herali_Dwija	SRGRGYXD	NDYXDNS
15	Bhibhasu_Dwija	SRGXDS	SRGXDNS
15	Bhoga Vasantham_Dwija	SRGYXDS	SNYGRS
15	Bhalahamsa_Dwija	SGXDNS	SNXRYGS
15	Brahma Leela_Dwija	SRGYDNS	SNDXYGRS
15	Chamara Kriya_Dwija	SRGDNS	SNDXRS
15	Chandrachooda_Dwija	SGYXDS	SNDXYGS
15	Chandra Rekha_Dwija	SRGXNDNS	SDXYGRS
15	Chandrika Gaula_Dwija	SRYXDNS	SNDXYGS
15	Chandrika Dawali_Dwija	SRYXDNS	SNDXYGS
15	Charuvardhani_Dwija	SRYXDNS	SDXYGRS
15	Cheekamaram_Dwija	SRGYXDN	NDXYGRSN
15	Chekarinika_Dwija	SYGYXDNS	SNXYGRS
15	Chetagauri_Dwija	SGYXDNS	SNDXYGS
15	Chitra Mandira_Dwija	SRGYNS	SNDXYGRS
15	Devaranji_Dwija	SYXDNS	SNDXYS
15	Desya Gaula_Dwija	SRSXDNS	SNDXSRS
15	Desya Regupti_Dwija	SRGRYXDNS	SDNDXYGS
15	Desya Revagupti_Dwija	SRGRYXDNS	SDNDXYGS
15	Deekshanarathi_Dwija	SRGYDNS	SNDXDYRS
15	Dhakshayani_Dwija	SRXDNS	SNDXRS
15	Dharma Ranjani_Dwija	SRYXNDS	SDYXYRGS
15	Divya Bauli_Dwija	SRGXNS	SDXYGRS
15	Divya Manjula_Dwija	SRGYXNDS	SDXYGRS
15	Ekaaneeka_Dwija	SYGYXDNS	SNXYGRS
15	Ekakshari_Dwija	SRGYXDNS	SNXYRGYRS
15	Ekaleela_Dwija	SRGRYXN	DNXDS
15	Elakshari_Dwija	SRGYXDNS	SNXYRGYS
15	Ganasabha_Dwija	SRYDNXS	SNDNDXYGRS
15	Gamana Lalitha_Dwija	SRSGYXDNDS	SDYGRS
15	Gana Swabhavam_Dwija	SRYDNXS	SNDNDXYGRS
15	Gana Sakha_Dwija	SRYDNXS	SDNDXYGRS
15	Gaula Revagupti_Dwija	SRGXDS	SDXGRS
15	Gaula_Dwija	SRGYRYXNS	SNXYGRS
15	Gauli Panthu_Dwija	SRGRYXDXNS	SNDXYGRS
15	Gauri_Dwija	SRYXDXNS	SNDXYGRS
15	Ghandara Bauli_Dwija	SYGXDNS	SNDGRS
15	Ghandara Gaula_Dwija	SYGXDNS	SNDXGRS
15	Ghana Sindhu_Dwija	SYGYXDNDS	SNDXYGRS
15	Gomukhi_Dwija	GRSYXDNS	SNDXRGS
15	Gunasindhu_Dwija	SRGXDNDS	SYGYXDNDS
15	Gundakriya_Dwija	SRYXNS	SNXDXYGRS
15	Hamsa_Dwija	SRGYXDNS	SRYXDS
15	Hamsa Manjari_Dwija	SRGXDS	SNXYRS
15	Hasa Manjari_Dwija	SRGXDS	SNXYRS
15	Hamsa Varithi_Dwija	SRYXDS	SNDXYRS
15	Hiranya Kriya_Dwija	SYGYDNS	SNDXYGYS
15	Indalam_Dwija	SRGYXDNS	SNDXYGRS
15	Jagasu_Dwija	RSGYXNS	SRGXDS
15	Janavarali_Dwija	SGRGYDNDS	SNDXYGY
15	Jarapunjari_Dwija	SRGYDNS	SNDXYRYGS
15	Jekarnika_Dwija	SYGYXDNS	SNXYGRS
15	Jeenavarali_Dwija	SGRGYDNDS	SNDXYGYRG
15	Jogi_Dwija	SRYXDS	SDNDXYRYG
15	Kailayali_Dwija	SRGXNS	SDXYGS
15	Kalindhi_Dwija	SRGXDNS	SNDXGRS
15	Kannada Bangala_Dwija	SGYGYDNDS	SDXYGRS
15	Karaga_Dwija	SGXDNS	SNDXGS
15	Karnataka Saranga_Dwija	SRGYGXNDY	SDYXYGRS
15	Kesa Bauli_Dwija	SRGXDS	SNDXYGRS
15	Krishnaveni_Dwija	SRGYXNS	SNXYGRS
15	Kukutha_Dwija	SRGXDNS	SNDXYGRS
15	Kunkumambari_Dwija	SNDNSRGY	DXYGRSNDNS
15	Kokila Vardhani_Dwija	SYGXDNS	SNDYGRS
15	Lalitha Kriya_Dwija	SRGYXYDNS	SNDYGRS
15	Lalitha Gauri_Dwija	SRGYXDNS	SDXGRS
15	Lalitha_Dwija	SRGYDNS	SNDYXYGRS
15	Lalitha Priya_Dwija	SRGYXYDNS	SNDYGRS
15	Latharlathika_Dwija	SRGYXDS	SDXYRS
15	Lathathanvi_Dwija	SGYGXDNS	SNYGRS
15	Leepthali_Dwija	SRGYXDS	SNDXYGRS
15	Malahari_Dwija	SRYXDS	SDXYGRS
15	Malawagaula_Dwija	SRGYXDNS	SNDXYGRS
15	Mallika Vasantham_Dwija	SGYXNS	SNDXYGRS
15	Mangala Kaisika_Dwija	SYGYXYDNS	SNDXYGRS
15	Manarupi_Dwija	SRGYDNXNS	SNDYGS
15	Mandara Gaula_Dwija	SRYGYXDXNS	SNDXYRYGS
15	Manolayam_Dwija	SRYXDS	SNDXYRS
15	Maruva_Dwija	SGYXDNDXS	SNDXYDYX
15	Maya Malavagaula_Dwija	SRGYXDNS	SNDXYGRS
15	Megha Ranji_Dwija	SRGXDS	SRGXDNS
15	Meghavali_Dwija	SRGYNS	SRYXDNS
15	Mithra Kirani_Dwija	SRGYXDNS	GRGS
15	Mohana Kaisika_Dwija	SRGYXDNS	SRYXDNS
15	Mohana Varithi_Dwija	SRGXDNS	SNDXGRS
15	Mudhuvan_Dwija	SGYXNS	SNDXYGRS
15	Nasavathi_Dwija	SRGYNXS	SNDXYXGYS
15	Navabhasura_Dwija	SRGXNS	SNDYGRYGS
15	Nitila Prakasini_Dwija	SYXDNS	SNXYRGS
15	Padmavali_Dwija	SRGXDNS	SNDXGRS
15	Pahadi_Dwija	SRYXNS	SNXDXYRS
15	Palika Vasantham_Dwija	SRGYXDNS	SNDNXYXDN
15	Balika Vasantham_Dwija	SRGYXDNS	SNDNXYGRS
15	Panchali_Dwija	SRYXDNS	SNDXYRS
15	Panchama lalitha_Dwija	SRGYXYDNS	SNDYGRS
15	Parasara_Dwija	SRGRYXNDN	SNDGRS
15	Parasu_Dwija	XDNS	SRGYXDNS
15	Prakara Ranjani_Dwija	SGYXDNS	SRGXDNS
15	Prathapa Ranjani_Dwija	SRGYXNS	SDNXYGRS
15	Puranirmai_Dwija	SRGXDS	SNDXGRS
15	Purnamalavi_Dwija	SRGXDNS	SDNXYGYRS
15	Purya_Dwija	SRYXNS	SNDXYGYRS
15	Purva Karnika_Dwija	SRGYXDNXS	SDXYGS
15	Raegupti_Dwija	SRGXDS	SDXGRS
15	Ragamanohari_Dwija	SRGYXDNS	SDNXYRGYRS
15	Raga Pradipika_Dwija	SGRGYXDNS	SNDXYGYXGRS
15	Raja Pradipika_Dwija	SGRGYXDNS	SNDXYGYXGRS
15	Rama Kali_Dwija	SRGYGRGXDS	SNDXYGRS
15	Rama Kriya_Dwija	SRGXDS	SGYXDNS
15	Rama Latitha_Dwija	SGYXDNS	SRGYDNXS
15	Rama Leala_Dwija	SNGYDNXS	SNDYXYGS
15	Ram Bhavali_Dwija	SRGYXDNS	SNDNXDXY
15	Rasa Sindhu_Dwija	SRYXNS	SNDXYGS
15	Rasa Bhaskara_Dwija	SRYXNS	SNXDXYGRS
15	Reva Gupti_Dwija	SRGXDS	SDXGRS
15	Rudrabhisheka_Dwija	SGYXNS	SDYGRS
15	Rudra Desika_Dwija	SRGYXDNS	SDXYSRS
15	Rudra Saveri_Dwija	SYGYXDS	SNDXNDYGR
15	Rukmambari_Dwija	SRGXNS	SNXGRS
15	Sahayukta_Dwija	SRYGYDS	SNXYGRS
15	Salanganatta_Dwija	SRSYXDS	SDXSNSDX
15	Saranga Nattai_Dwija	SRYXDS	SNSDXYGRS
15	Santha Kesari_Dwija	SRYXNS	SNDXYGS
15	Sarangagaula_Dwija	SRGYXNS	SNXDNXYGYR
15	Sarasa Mangala_Dwija	SGYNDS	SDXYGRS
15	Sasi Vadana_Dwija	SRGYXYDNS	SNXYGS
15	Satyavathi_Dwija	SGRGXDS	SNDNXDXGRS
15	Sesha Prabatha_Dwija	SRYXDS	SGYXDS
15	Sesha Vahini_Dwija	SRGYXNS	SNYGRS
15	Simha Lalitha_Dwija	SRGYDNS	SNDXYGRS
15	Simha Leela_Dwija	SRGYDNS	SNDXYXYGRS
15	Simha Varali_Dwija	SRYXDNS	SNDXYRGRS
15	Sindhu Tarangini_Dwija	SRGYDNS	SNDXYGRS
15	Shadananapriya_Dwija	SRYDNS	SNDYXYXGRS
15	Shashi Vadana_Dwija	SRGYXYDNS	SNXYGS
15	Shouri Vilasitha_Dwija	NDNSRGY	XYXDN
15	Smokambari_Dwija	SRYXNDS	SDXYRGYRS
15	Sowrashtram_Dwija	SRGYXDNS	SNDXYGYRS
15	Stuthi Priya_Dwija	SGYXDS	SDXYGS
15	Suddha Malahari_Dwija	SRGXYGS	SDXGRS
15	Suddha Gurjari_Dwija	SGRGXNDS	SNDYGRS
15	Suddha Kriya_Dwija	SRXYXDS	SDXYGRS
15	Sukra Prabha_Dwija	SRGYXDNS	SNDNXYRGR
15	Syama Gaula_Dwija	SRGYXDNS	SNDXYGS
15	Thala Ranjani_Dwija	SRGYXDNS	SNDYDXYRGRS
15	Thara Bharanam_Dwija	SRGYNDN	XDNS
15	Thulikiya_Dwija	SGSRGXDNS	SNDXGRS
15	Thriyambini_Dwija	SGYDNS	SNDXYGRGS
15	Upendran_Dwija	SGXNS	SNDYRGRS
15	Ushavali_Dwija	SRYXDS	SNDYXYRS
15	Vagvaditya_Dwija	SGYXNS	SNDXYGRS
15	Vagvilalitha_Dwija	SRYXDS	SNXDXYRGRS
15	Vajrachudamani_Dwija	SRGXDS	SNXDXYGRS
15	Vasantha Priva_Dwija	SRGYXDXNS	SNXYRS
15	Vasantha Manohari_Dwija	SRGYXDNS	SNXYGS
15	Vasantha Ganthi_Dwija	SRGYDS	SNDXYRS
15	Vasava Lalitha_Dwija	SRYXDS	SNXDXYRGRS
15	Villi_Dwija	SGYXS	SNDXYGRS
15	Veerasankashini_Dwija	SGYRGYDND	YXDNS
15	Visharadha_Dwija	SRYXNS	SNXYRS
15	Vivo Ranjani_Dwija	SRGRYXDNS	SNDYGS
15	Vuruga Manjari_Dwija	SRGYXNS	SNDXYRGYRS
15	Vyazha Kurinji_Dwija	SRGYXDNS	SNXYGYRS
15	Yogaleela_Dwija	SRGRYXN	DNXDS
51	Bahudhamini_Dwija	SGRGXYDNS	SNDXGRS
51	Bhoga Samantham_Dwija	SGXYDYS	SDNYXGRS
51	Bramara Tarangini_Dwija	SRGXYDNS	SYDNYXRGXRS
51	Chara Chandini_Dwija	SRXDYDS	SDYGXRS
51	Chodha Ranjani_Dwija	SRGXYDNS	SNYXRGRS
51	Dharmini_Dwija	SRGXDNS	SNYXDXGRS
51	Dhakshinamurthi_Dwija	SRGYNS	SNDYXGS
51	Devagiri_Dwija	SRXYDS	SNDYXSRS
51	Deva Sabhai_Dwija	SRGYS	SNDXGRS
51	Dhamboli_Dwija	SRGYDNS	SNXGRS
51	Dhanta Vasantha_Dwija	SRXDNS	SDNDYXSXRS
51	Gagana Mayuri_Dwija	SXGDNS	SNDXYXGRS
51	Gamaka Priya_Dwija	SRGXYNDS	SDYXGRS
51	Garbha Sardula_Dwija	SRGXNS	SYXGRS
51	Gaana Mayuri_Dwija	SXGDNS	SNDXYXGRS
51	Gowri Panthu_Dwija	SRXYNS	SNDYXDXGRS
51	Hamsa Narayani_Dwija	SRGXYS	SNYXGRS
51	Hemarnava_Dwija	SRGXYDNS	SNDXGRS
51	Himaja_Dwija	SRGXDXYY	NDS
51	Indumathi_Dwija	SGXDNS	SNDYXGS
51	Kalthava Priya_Dwija	SGXYDS	SDYXGS
51	Kamadwajitha_Dwija	SRXYNDS	SNDYXGRS
51	Kamala Vasantha_Dwija	SRSXYDS	SRGXYDS
51	Kanaka Rasali_Dwija	SRGXDNS	SDYXGRS
51	Kanaka Sabhai_Dwija	SGYDS	SNYXRS
51	Kandajwalana_Dwija	SRXYNS	SNDYXGRS
51	Keerani_Dwija	SGRGXYDNS	SRGXYDNS
51	Kesari Kriya_Dwija	SRGXDXYNS	SNYXRXGS
51	Kukuda Sri_Dwija	SRGXYDNS	SNYXGRXGS
51	Makarayudham_Dwija	SRGXYDS	SNYXGRS
51	Makutasri_Dwija	SRGXYDNS	SNYXGRXGS
51	Mandari_Dwija	SRGXYNS	SNDYXGRS
51	Manmada Latha_Dwija	SNSRGXYDYS	SDYXGRSNS
51	Manorama_Dwija	SRGXXYDNS	SNDYXGXGRS
51	Maruthi_Dwija	SRXYNS	SNDYXGRS
51	Mukunda Manohari_Dwija	SGRXDYNS	SNDYGRS
51	Navukkarasu_Dwija	SGYNS	SDYXGRS
51	Nishkam_Dwija	SRGYDNS	SNDYXGRS
51	Padma Kesara_Dwija	SRGRXGXYDY	NDNYNDS
51	Pankaeruha_Dwija	SXGXYNDNS	SNYXGRS
51	Panthuvarali_Dwija	SRGXYDNS	SNDYXGRS
51	Parvatha Manjari_Dwija	SGYDNS	SNDYGRXGS
51	Pulasya_Dwija	SXYDNS	SNDYXGRGS
51	Pushpalalitha_Dwija	SGXDNS	SDYXRS
51	Raja Sundari_Dwija	SNSRGXYNS	SNDYXGRS
51	Rama Narayani_Dwija	SRGXYDNS	SNDYXGXRS
51	Rowdra Gandhari_Dwija	SRGXNS	SNYXRS
51	Sadari_Dwija	SRGXYDNS	SNDYXGRS
51	Sakti Tarangini_Dwija	SRXGRYXDNS	SNDYXRGSS
51	Sankara Srungarini_Dwija	SRXYNRS	SNDYXGRS
51	Sarangi_Dwija	SRGXDS	SNDYXGRS
51	Sarangamani_Dwija	SRGXDS	SNDYXGRS
51	Sarjamani_Dwija	SRGXDS	SNDYXGRS
51	Sasi Bhaskara_Dwija	SRGYNS	SNYGRS
51	Sasthra Dhini_Dwija	SRXGYDYS	SNDYXGRS
51	Simha Chandana_Dwija	SRGXYDNS	SDYXRGXRS
51	Sobaswini_Dwija	SRXYXDNS	SDNYXRXGS
51	Sravana Garbitha_Dwija	SRGXYDS	SNDYXGRS
51	Stavapriya_Dwija	SGXYDS	SDYXGS
51	Sri Deepakam_Dwija	SGXYDYS	SNDNYXGRS
51	Sri Hamsa Narayani_Dwija	SRGXYS	SNYGRS
51	Sudha Kesari_Dwija	SRGXDNS	SDNYDXGRS
51	Suddha Gamakakriya_Dwija	SRGXYDS	SDYXGRS
51	Suradhambhudi_Dwija	SRYDNS	SNDXGRS
51	Swethambhudi_Dwija	SRGXYS	SNDYXGRS
51	Thamra Ranjani_Dwija	SRGXYNDNS	SNDYXGXS
51	Thatika Panchamam_Dwija	SGRGXYX	SNDYXGRS
51	Unnamalai_Dwija	SRGXYDS	SNDYXGRS
51	Utthangamana_Dwija	SGXYDYNS	SDYXRS
51	Vaghva Mukhi_Dwija	SRGXYNS	SNYXGS
51	Vagra Nandana_Dwija	SRGYDS	SNDNDYXGRS
51	Vana Dayaki_Dwija	SRGXYDNS	SDXGRS
51	Vasantha Maruva_Dwija	SRGXYDNDS	SDYXGS
51	Vikrama_Dwija	SRGXYNS	SNDYXGXGRS
51	Vipra Mandara_Dwija	SRXYDNS	SDYXGRS
51	Vira Janthaka_Dwija	SRSGXYNS	SNDYXGS
16	Abhayam_Dwija	SRGYXDNS	SNDXYGRS
16	Bairavam_Dwija	SRGYXDNS	SDXYYXYGRS
16	Bhaktapriya_Dwija	SGYXDNS	SNDXYGYRS
16	Bhavya Leela_Dwija	SGYDNS	SNDXYGS
16	Bhindu Kalanga_Dwija	SRGYXDNS	SNXYGYRGRS
16	Bhoopalika_Dwija	SGYXNS	SNDXYGS
16	Bhujagamani_Dwija	SRYDNGXS	SNDXYGRS
16	Bhujagesvari_Dwija	SRGYDNS	SNDXYGRS
16	Bhindu Kalinga_Dwija	SRGYXDNS	SNXYGYRGS
16	Bhuvanamohini_Dwija	SGYNDS	SNXDYGRS
16	Bramara Vardhini_Dwija	SRYXDNS	SNDXYRS
16	Bhallathi_Dwija	SRGYXDNS	SNXYRGYRS
16	Chandra Kirani_Dwija	SGYXYDNS	SNDNXYGYRS
16	Chathurangini_Dwija	SYGYXNS	SNDNXYGYRS
16	Chayavathi_Dwija	SRGYDNS	SNDXYGRS
16	Chinmayee_Dwija	SRGYXYDNS	SNDNXYGRS
16	Dhanapalini_Dwija	SRGYXS	SNDXYDYGRS
16	Dhehiali_Dwija	SRXDNS	SNDXRS
16	Ganitha Vinodhini_Dwija	SGYXNS	SNDXYGRS
16	Ghoshini_Dwija	SYGYXDNDS	SNDXYGYRS
16	Garudaadri_Dwija	SRGYXDNS	SDXYGS
16	Greeshmavali_Dwija	SRGYXS	SNDYGRS
16	Guha Priya_Dwija	SRGYXXYDNS	SDNXYGSRS
16	Janarakshani_Dwija	SRGXYDNS	SNDXYGD
16	Kadhambini_Dwija	SRGYXDNS	SNDYRGYGS
16	Kalavathi_Dwija	SRYXDS	SDXYGRS
16	Kanchuki_Dwija	SGXNS	SDXYGRS
16	Kanjari_Dwija	SRYDS	SNXYGRS
16	Komala Vilasitha_Dwija	SRGYDNS	SNDXYGS
16	Kujan_Dwija	SGXNS	SNDXYGRS
16	Kujan Mohana_Dwija	NSGRGYXDS	SNDXGRS
16	Kunjana Komalam_Dwija	NSGRGYXDS	SNDXGRS
16	Kunthala_Dwija	SRGYXDNS	SNDXYGRS
16	Kusumangi_Dwija	SRSXNDS	SNDXYGRS
16	Kuvalayanandi_Dwija	SRGYNDNXNS	SNDYGS
16	Madura Lapa_Dwija	SRGYXNDNS	SNDXYGRS
16	Manasija Priya_Dwija	SRGYXYDNS	SDNXYGRS
16	Mukthangi_Dwija	SRGXYXDNS	SDNXYGRS
16	Megatarangini_Dwija	SYGYXNS	SDXYRGRS
16	Nabomargini_Dwija	SGYXDNS	SDXYGRS
16	Narayani_Dwija	SRYXDNS	SNDXYRS
16	Natya Manohari_Dwija	SGYXDNS	SNXYGS
16	Navagriha Mulika_Dwija	SYRYXDRDS	SNDXYRDRS
16	Palladhi_Dwija	SRGYXDNS	SNXYRGYRS
16	Poshini_Dwija	SYGYXDNDS	SNDXYGYRS
16	Pravurthi_Dwija	SGYXDNS	SNDXYGS
16	Purna Gandhari_Dwija	XDNDSRGYXD	XYGRSNDNX
16	Purna Malini_Dwija	SRGYNDN	XDNS
16	Rasakalanidhi_Dwija	SXYDN	DXYGYRSN
16	Rasika Ranjani_Dwija	SRGXS	SDXGRS
16	Rathnabharanam_Dwija	SRYXDNS	SNXDXYRYGS
16	Ravi Kirani_Dwija	SGYNDNS	SNDXYGRS
16	Santhaswarupi_Dwija	SGRYXDN	SNDNXYRS
16	Sarala_Dwija	SRXDNS	SNDXYS
16	Sarva Vahini_Dwija	SRGYXNS	SNDXYGRS
16	Sasi Prakasini_Dwija	SRGYXDNS	SNDXGRS
16	Sathyavathi_Dwija	GXDS	SNDNXDXGRS
16	Sri Kaivalyam_Dwija	SRYXDNS	SSDXYGRS
16	Sri Nabomargini_Dwija	SGYXDNS	SDXYGRS
16	Sri Narayani_Dwija	SRYXDNS	SNXYRS
16	Sri Vegavahini_Dwija	SRGYDS	SNDXYGRS
16	Suddha Shyamala_Dwija	SGXDNS	SNDXYGRS
16	Suposhini_Dwija	SDNSRGYX	YGRSNDNS
16	Swarashtra_Dwija	SRGYXDNS	SNDXYGRS
16	Syamala_Dwija	SGXDNS	SNDXGRS
16	Syamali_Dwija	SGYXDNS	SNDXGRS
16	Thekkali_Dwija	SRGXDNS	SRXDNS
16	Thoya Vegavahini_Dwija	SRGYXDN	SNDXYGRS
16	Vasantha Leela_Dwija	SRYXDNS	SNDXGRS
16	Vedambari_Dwija	SRGRYGY	NDXNS
16	Veena Dhari_Dwija	SRGXDNS	SNDXYGRS
16	Veeranatha_Dwija	SRGYNS	SDXYRS
16	Viswanarayani_Dwija	SRGYDNDS	SGYXDNS
52	Arunan_Dwija	SGYS	SNYXGRS
52	Aruran_Dwija	SRGYDS	SNDYXGRS
52	Chintaramani_Dwija	SGXYDN	DYXYGRSNS
52	Chintamani_Dwija	SGXYDN	DYXYGRSNS
52	Dharma Kottani_Dwija	SRGRGXYD	SDNYXGR
52	Gambeerya Goshini_Dwija	SGRYXDNS	SNDYXGRGS
52	Gnanamurthi_Dwija	SRGXYDS	SDYXGRS
52	Gosha Manjari_Dwija	SGYNS	SNYDNYXR
52	Govinda Narayani_Dwija	SGXYDNS	SNDYGRS
52	Guhan_Dwija	SYDNS	SDYXGRS
52	Hamsa Gamani_Dwija	SGXYNDS	SNDYXDYX
52	Janani_Dwija	SRGXYDNS	SNDYXGRGS
52	Jatadhari_Dwija	SGRXYDNS	SNDYGRS
52	Jagadambari_Dwija	SRGXYDN	DYXYGRSNS
52	Kaladharani_Dwija	SGRGXYNDN	DYXGRSNS
52	Kamarupi_Dwija	SGXYXDNYS	SNDYXGRS
52	Kankanalankari_Dwija	SGYDNS	SNDYXGRS
52	Loka Ranjani_Dwija	SGXYXDNS	SNDNYXGRS
52	Mandha Hasini_Dwija	SRGXYXDNS	SNDYXGXRS
52	Mandhari_Dwija	SRGXYNS	SNYXGRS
52	Megha Mallaru_Dwija	SGXYDNS	SNDYXGXRS
52	Megha Syamala_Dwija	SGXYDNDYS	SDNYXGRS
52	Murthi Vasantham_Dwija	SRGXYDNS	SNDYXGXRS
52	Naga Prakasini_Dwija	SRGXYDNDYS	SDNYXGRS
52	Narayana Manohari_Dwija	SRXYDNS	SNDYXGRS
52	Navaratna Vilasam_Dwija	SRXYNS	SNDYXGRGRS
52	Nayana Bhashini_Dwija	SRGXYNDNS	SNDNYGXGS
52	Padma Gantana_Dwija	SRGRGXYD	SDNYGXRS
52	Padma Soundarya_Dwija	SRGXYDNS	SNYXGS
52	Pavitri_Dwija	YXYDNSRGXY	YXGRSNDY
52	Rakti Margini_Dwija	SYXDNS	SNDYXYGRS
52	Rama Manohari_Dwija	SRGXYDNDS	SNDYXGRS
52	Raja Manohari_Dwija	SRGXYDNDS	SNDYXGRS
52	Rasa Vinodhini_Dwija	SGXYDNS	SNDYXGS
52	Reethi Chandrika_Dwija	SRGXYDS	SNDYXGRS
52	Saka Prakasini_Dwija	SRGXYDNDYS	SDNYXGRS
52	Sikambhoji_Dwija	SRGXDNS	SDYXGRS
52	Soundarya_Dwija	SRGYXDN	YXGRSNS
52	Sri Hari_Dwija	SRGYDNS	SNDXGS
52	Sri Kari_Dwija	SRGYDNS	SNDYXGS
52	Suka Kari_Dwija	SRSYDNS	SNDYXGSRS
52	Suprakasi_Dwija	SRGXYXYS	SNDNYXGRS
52	Suprakasini_Dwija	SRGXYS	SNDNYXGRS
52	Suprathapam_Dwija	SYXYDNS	SNDYXGRS
52	Tapasvini_Dwija	SGXYNS	SNDYXGS
52	Tara Ranjitha_Dwija	SRXGYDNS	SNDYGRS
52	Thikaruni_Dwija	SRXRXGX	DYNDNS
52	Turanga Leela_Dwija	SRGXNDNS	SNDXYXRGS
52	Veda Swarupi_Dwija	SRGXYDNYS	SNDNYXGS
52	Yoganandi_Dwija	SRGYXYDNS	SNDYXGS
17	Alivardhana_Dwija	SRGYNS	SNDXYGRS
17	Ananta_Dwija	RSYXDNS	SXYGRS
17	Avaari_Dwija	SRSGYXDNS	SNDXYGRS
17	Avivardana_Dwija	SRGYNS	SNDXYGRS
17	Champakamali_Dwija	SRGXDNS	SNDXGRS
17	Champaka Malika_Dwija	SRGXDNS	SNDXGRS
17	Chandra Chuda_Dwija	SGYXDNS	SNDXYGS
17	Hari Dharba_Dwija	SRGYXS	SRGYXDNS
17	Haritha Priya_Dwija	SRYXDS	SDXYRS
17	Hayagathi_Dwija	SGYXYDNS	SNDXYGYRS
17	Jaya Bharanam_Dwija	SRGYXDNS	SDNXYRGYRS
17	Jaya Samavardhini_Dwija	SGYXDNS	SNXYGRS
17	Jindu_Dwija	SYYXYDS	SNDYXYGRS
17	Kalakanta Dhwani_Dwija	SRGXDS	SNDYS
17	Kallola_Dwija	SRYGYXDXN	DNS
17	Kamalasini_Dwija	SRGYXNS	SDXYGS
17	Kanteeravam_Dwija	SRGXDNS	SNDXYGRS
17	Karjam_Dwija	SGYDNS	SNDXYGRS
17	Karya Chandrika_Dwija	SGRGYXDXS	SNDYGRGS
17	Karnataka Bhoga_Dwija	SRGYXDS	SNDXYRS
17	Kesaravali_Dwija	SRYXDNS	SDXGRS
17	Kriya Viraman_Dwija	SRGRYXNDS	SNDXYDYGRS
17	Kusuma Marutha_Dwija	SYXDNS	SNDXYGRGYS
17	Leena Mathi_Dwija	SRYXDS	SNDXYGRS
17	Madana Rekha_Dwija	SGYXNS	SNDXYS
17	Mahanandini_Dwija	SYGYXDNS	SDNDXYGRS
17	Mandala Grihani_Dwija	SRXDNS	SNDXRS
17	Mandana Kirapani_Dwija	SRXDNS	SNDXRS
17	Mauna Suganthi_Dwija	SGYXDS	SNDXYGRS
17	Mega Tarangini_Dwija	SYGYXNS	SDXYRGRS
17	Mukha Shyamala_Dwija	SGYDNS	SNDXYGS
17	Naga Chandrika_Dwija	SGYXDNS	SNDXYGS
17	Naga Choodamani_Dwija	SGYXDNS	SNDXYGS
17	Naga Malini_Dwija	SRGYXDS	SDNDXYGYRS
17	Priya Virama_Dwija	SRGRYXNDS	SNDXYDYGRS
17	Raga Chandrika_Dwija	SRGYXDS	SDXYGRS
17	Sahuli_Dwija	SGYXNS	SNDXYGRS
17	Salva Mukhari_Dwija	SRGYXDNS	SNDYRS
17	Sama Kannada_Dwija	SRYGYXDNS	SNDXYRS
17	Samantha Mallaru_Dwija	SGYXNS	SNXDYGRS
17	Saurashtrakam_Dwija	SRGYDNS	SNDXYGRS
17	Senamani_Dwija	SRGYXDS	SNDXYGRS
17	Somatarangini_Dwija	SRSGYXYDNS	SNSDXYGYRS
17	Sri Kandeesan_Dwija	SGXDNS	SNDXGS
17	Sri Supradeepam_Dwija	SRYXDNS	SNDXYGRS
17	Suddha Gowla_Dwija	SRYXNS	SNXYRS
17	Suddha Gandharva_Dwija	SRGYXDNS	SDXYRS
17	Suddha Gantarava_Dwija	SRGYXNDNS	SNXYGRS
17	Suma Tarangini_Dwija	SRSGYXYDNS	SNSDXYGYRS
17	Supra Deepa_Dwija	SRYXDNS	SNDXYGYRS
17	Supra Kethana_Dwija	SRGXNS	SNDXGRS
17	Surya Mani_Dwija	SRYGYXDNS	SNDYGRS
17	Syamala Srutha_Dwija	SRYGYXDNS	SNDXYRS
17	Talamargini_Dwija	SRGYXDXNS	SDXYRS
17	Varnarupini_Dwija	SRGXDS	SDXGRS
53	Anilamadhya_Dwija	SRXYDS	SNDYXGRS
53	Ayan_Dwija	SRXDS	SNYXGS
53	Balipalam_Dwija	SRGXDS	SNYXRS
53	Bana Vasantham_Dwija	SRGXYDNS	SDYXGRS
53	Bangara Priya_Dwija	SRXGXYDNS	SNYXGS
53	Bhashsmruthi_Dwija	SRGXDYNS	SRGXYNS
53	Bhavayanai_Dwija	SRGXYDNS	RXGRS
53	Bibasu_Dwija	NRGYYXDS	SDXDXYGRS
53	Bramara Dwani_Dwija	SRGXDS	SNYGS
53	Dhana Rakshasa_Dwija	SRXGYNS	SNDGRS
53	Dharbha Manjari_Dwija	SGRGXYNS	SNDYXGS
53	Desya Maruva_Dwija	SRXYNS	SNYXRS
53	Garbha Dhwaja_Dwija	SRGXYDS	SDYGRS
53	Gamaka Kriya_Dwija	SRGXYDS	SNDYXGXRS
53	Gamana Kriya_Dwija	SRGXYDS	SRXYDNS
53	Gamana Nirmala_Dwija	SRGXYDNS	SNYXRS
53	Ghagana Sarasiruha_Dwija	SGRGXYDN	DYXGRSNS
53	Ghandha Madhana_Dwija	SRXYDS	SNDYXDXGRS
53	Geeta Kirani_Dwija	SRGXYDNS	SDNDYXGS
53	Gaeta Natani_Dwija	SRXGXYDNS	SNDYXRS
53	Guruparan_Dwija	SGXDNS	SNYXGRS
53	Himavantika_Dwija	SRGYDNS	SNDYXYGRS
53	Indhu Ganthi_Dwija	SRGXYDS	SDYXGRS
53	[aya Mohana_Dwija	SGXYDS	SNDYXGRS
53	Kannada Maruva_Dwija	SGXYDNS	SNDYXGS
53	Karnataka Kadambi_Dwija	SRXYDS	SNDYXGRS
53	Kunthala Rama_Dwija	SRGYDS	SNDYXGRS
53	Mangala Priya_Dwija	SRGXYDNS	SNYXGRS
53	Maya Vasantha_Dwija	SRGXYDNS	SNYDNDYXR
53	Mecha Kangi_Dwija	SRGXYDYNS	SNYDYXGRS
53	Nattiyoma_Dwija	SRGXYDNS	SNDXRGXRS
53	Omkara Kriya_Dwija	SRXGXYDNS	SNYXGS
53	Padavai_Dwija	SGXYDS	SNDYXGRS
53	Pasadam_Dwija	SRGYDS	SNDYXGRS
53	Pateerava_Dwija	SRGXYDNS	SNDNYDYX
53	Pavagan_Dwija	SGXYNS	GXRXGS
53	Prasenavali_Dwija	SXYDNS	SNYXGRS
53	Pur Kalyani_Dwija	SRGXYDNDS	SNDYXGRS
53	PuriKalyani_Dwija	SRGXYDS	SNDYXGRS
53	Sangamana_Dwija	SRGXYNDNS	SNYDYXGR
53	Sarabhadwaja_Dwija	SRGXDDS	SDYGRS
53	Sarva Kunthala_Dwija	SRXYNS	SNDYDXRS
53	Sarveswari_Dwija	SRGXYDYNS	SNDYXGRS
53	Sindhu Maruva_Dwija	SRGXYS	SNDNYXGRS
53	Sri Lalitha_Dwija	SRGRXYNDYS	SNDYXGRS
53	Sringarini_Dwija	SGRGXYS	SNDYXGRS
53	Subika_Dwija	SRXYDS	SDYXRS
53	Suddha Rasali_Dwija	SGXYDS	SDYXGRS
53	Sukha Dhwani_Dwija	SGXYNDS	SDNYXGRS
53	Sundara Bhairavi_Dwija	SGRGXYDNS	SNDYXGRS
18	Bhanu Chudamani_Dwija	SRGYXS	SNDNXYGRS
18	Bhoopala Tarangini_Dwija	SRYXNS	SNDNXYGYRS
18	Chandrachuda Priya_Dwija	SGYNDNS	SNXYRS
18	Chandra Priya_Dwija	SRGYXDNS	SNDXNXYRS
18	Divya Gandharam_Dwija	SYGRXDNS	SDNXYGSRS
18	Druvana Priya_Dwija	SRXDNS	SNDXRS
18	Hitha Bhashini_Dwija	SRGYXNDNS	SNXYGRS
18	Javanika_Dwija	SRGXDNS	SNDXGRS
18	Jayasuddha Malavi_Dwija	SRGYXNS	SNDNXYGRS
18	Kandarapriya_Dwija	SRGYXDNS	SNDXNXYRS
18	Narasa_Dwija	SRGYXNS	SRGYDS
18	Simhela_Dwija	SRGYXDNS	SNDNXYGRS
18	Suddha GandhariS R G R G M P D_Dwija	XNDNS	SNDXYGRS
18	Suddha Kannada_Dwija	SYXDNS	SNXYGS
18	Suddha Malavi_Dwija	SGRGYXDNS	SNDXYGRS
18	Sundarasitha Priya_Dwija	SGYXNDNS	SNXYRS
18	Varna Rupini_Dwija	SRGXDS	SDXGRS
54	Balabhee_Dwija	SXGXDNYNS	SNDYXGRS
54	Bala Bheethi_Dwija	SXGXDNYNS	SNDYXGRS
54	Bhusha Kalyani_Dwija	SRGXYDNS	SNYXGRS
54	Bramara Dhwani_Dwija	SGXDNS	SDNYXGRS
54	Bramara Narayani_Dwija	SRGXYNDNS	SNXGRS
54	Gaganadhari_Dwija	SRGXYDNDS	SNDXGRS
54	Indira Priya_Dwija	SRGXYDS	SDYXGRS
54	Indu Priya_Dwija	SRGXYDS	SDYXGRS
54	Karnataka Manjari_Dwija	SRXYDNS	SNDYXYGRS
54	Kriyavathi_Dwija	SRGXYDNS	SNDYXGRGS
54	Naga Sarasiruha_Dwija	SGXYS	SNDNYXRS
54	Padmasitha_Dwija	SRGRXYNS	SNDNYGRS
54	Renuka_Dwija	SGXYDNS	SNDYXGS
54	Sarabha Khanditha_Dwija	SGXDNYNS	SNDYXGRS
54	Sarada Bharani_Dwija	SXGXYDNS	SNDYXRS
54	Saradhyuthi_Dwija	SRGXYDNDS	SNDYXGRS
54	Sonangari_Dwija	SRGXDNS	SDYGRS
54	Suddha Bangala_Dwija	SRXYDS	SDYXRGRS
54	Suddha Gandhari_Dwija	SRGXNS	SNDNYXRS
54	Suddha Saranga_Dwija	SRGXYDNDS	SNDYXGRS
54	Vaisakham_Dwija	SRGXYDNS	SNDNYXGXRS
54	Vaisukri_Dwija	SRGXYDNS	SNDNYXGRS
54	Vamsavathi_Dwija	SRGXYDNS	SNYXGRS
54	Veera Prathapam_Dwija	SNDSRGXYDN	DYXGRSNDS
54	Veer Vasantham_Dwija	SGRXYS	SNDYXGRS
54	Vijaya Vasantham_Dwija	SXYDNS	SNYXGS
19	Adi Bairavi_Dwija	SGRGYXDS	SDXYXGRS
19	Amrutharanjani_Dwija	SRGYDNS	SDNDXYGRS
19	Champaka Latha_Dwija	SGYDNS	SNXYGRYRS
19	Champalatha_Dwija	SGYDNS	SNDXYRS
19	Chaya Sindhu_Dwija	SRYXDS	SDXYGRS
19	Desya Begada_Dwija	SGRGYXDNS	SGYXS
19	Gana Priya_Dwija	SRGYXS	SRGYDS
19	Haimavathi_Dwija	SRYXNS	SNXYRS
19	Kalamika_Dwija	SRGYXDNS	SNDXYSRS
19	Kankara Priya_Dwija	SRGYXDNDS	SGRGYXDNS
19	Kankari_Dwija	SRGYXDS	SDXYGRS
19	Kadambini_Dwija	SRGXDNS	SNDXGRS
19	Kanchanangi_Dwija	SRGYXNS	SNXYGRS
19	Neelaadri_Dwija	SRGXNS	SNDXGRS
19	Nutha Bhashini_Dwija	SRGYXDNDS	SDXYGRS
19	Prabha Tarangini_Dwija	SYRGYXS	SNDXYGRS
19	Purna Salavi_Dwija	SGYDNS	SNDXYRS
19	Rishaba Vilas_Dwija	SRYXDS	SDXYRYRS
19	Shalmika_Dwija	SRGYXDNS	SNDXYGSRS
19	Sindhu Salavi_Dwija	SYXDNDS	SNDXYGRS
19	Sinjani_Dwija	SRGXNS	SNXGRS
19	Thusaravarni_Dwija	SRXDNS	SNDXRS
55	Bangala Gowla_Dwija	SRXYXDNS	SDYXGRS
55	Bringi_Dwija	SXGXYNDNS	SNDYXGRS
55	Chakantha_Dwija	SGXDNYNS	SNDYXGRS
55	Desamani_Dwija	SRXGDNDS	SNDYGRS
55	Desi Natakurinji_Dwija	SRGXYDYNS	SNYDYXGS
55	Desya Natakurinji_Dwija	SRGXYDYNS	SNYDYXGRS
55	Geethi Kirani_Dwija	SRGXYDNS	SDNDYXGS
55	Hamsa Geervani_Dwija	SRGXYDS	SDYXGS
55	Hamsa Prabhavali_Dwija	SNSRGXYDN	DSYGRGS
55	Hamsa Bhushavali_Dwija	SNSRGXYDN	DYXGRGS
55	Kakali_Dwija	SRGXYNS	SNYXGRS
55	Kamala Narayani_Dwija	SRXYDNS	SNDYXGXRS
55	Kamatadhwaja_Dwija	SRGXYDNS	SDYXGRGS
55	Leelavati_Dwija	SRGXYS	SYXGRS
55	Naga Keervani_Dwija	SRGXDNDS	SNDYXGRS
55	Naga Prabavali_Dwija	SGXYDNS	SNDXGRS
55	Prithvi_Dwija	SGXYNDS	SNDYXRS
55	Seethakirani_Dwija	SRGXYDNS	SDNDYXGS
55	Sakantha_Dwija	SGXDNYNS	SNDYXGRS
55	Sri Thakirini_Dwija	SRGXYDNS	SDNDYXGS
55	Sri Kanthi_Dwija	SGXYDNS	SNDYXGS
55	Sruthiranjani_Dwija	SRGXYDN	NDYXGSRS
55	Supura_Dwija	SRGRXYNS	SNDYXGRS
55	Syama_Dwija	SRXYNS	SNYXRS
55	Virati_Dwija	SRGYDXNDNS	SNYXGRS
20	Abheri_Dwija	SGYXNS	SNDYGS
20	Adi Bhairavi_Dwija	SGRGYXDS	SDXYXGRS
20	Agni Kopa_Dwija	SGYXNS	SNXYGRS
20	Ahori_Dwija	SRYGDS	SNDXYGRS
20	Amrutha Vahini_Dwija	SRYXDNS	SNDYGRS
20	Ananda Bhairavi_Dwija	SGYXDXSNDNS	SNDXYGRS
20	Ashtapada_Dwija	SYXDNS	SNDXYS
20	Ashta Vadam_Dwija	SYXDNS	SNDXYS
20	Bhairavi_Dwija	SRGYXDNS	SNDXYGRS
20	Bhosala_Dwija	SRXDNS	SDXYGR
20	Bhuvana Gandhari_Dwija	SRYXNS	SNDXYGS
20	Brungi Vilasitha_Dwija	SRYDNS	SDXYRS
20	Bruravi_Dwija	SGRGYDNS	SNDXYGRS
20	Chakra Dhari_Dwija	SRYGXDNS	SDXYGRS
20	Chakrodhari_Dwija	SRYGYXDNS	SDXYGRS
20	Chapa Gantarava_Dwija	SGYXN	DYGRSN
20	Chaya_Dwija	SRGRYXNDNS	SNXNDXYGY
20	Chitra Varali_Dwija	SRGRYXDNS	SNYGRS
20	Deena Dhyuthi_Dwija	SRGYXNS	SNDXYGYRGS
20	Deerga Tarangini_Dwija	SGYXDNS	SNDXYGYRGRS
20	Deva Kriya_Dwija	SRGYNDN	XDYGRSN
20	Dhairyodhari_Dwija	SGYXNS	SDXYRGRS
20	Dhanasri_Dwija	NSGYXNS	SNDXYGRS
20	Dhana Pratapa_Dwija	SRGYXDNDS	SDXYGRS
20	Dharbari Kanada_Dwija	NSRGRSY	XDNS
20	Dharma Prakasini_Dwija	SRYXNS	SDYGRS
20	Dharshika_Dwija	SRYXNS	SNDXYRGRS
20	Dhavala Vahini_Dwija	SRYXDNS	SNDXYGRS
20	Dhavalika Gaula_Dwija	SRXDNS	SNDNXGYRS
20	Dheevika Mandini_Dwija	SGRGYXDXS	SNDXYGRS
20	Dheva Gandhari_Dwija	SGYXNS	SNDXDXYGRS
20	Dhivya Samanthini_Dwija	SGRGYXDXS	SNDXYGRS
20	Dhivya Gandhari_Dwija	SGYXDNS	SNXYGS
20	Dhorali_Dwija	SGYXDNXS	SNDXYGRS
20	Dhyuthi Mala_Dwija	SGRGYXNDNS	SNDNXYRS
20	Gaga Rajitha_Dwija	SRYXNS	SNDYXDXGRS
20	Gambira Hindolam_Dwija	NSXDNS	SGYXDNS
20	Ganangi_Dwija	SRYGYXDNS	SDNDYXYGRS
20	GanaPinadhi_Dwija	SRGYDYXDNS	SNDXGRS
20	Gana Pratapa_Dwija	SRGYXDNDS	SDXYGRS
20	Gandhara Priya_Dwija	SRGYXNS	SNDYRGYRS
20	Ganta_Dwija	SGRGYXDXN	DNS
20	Geya Charadharini_Dwija	SRGYXNS	SNXYGRS
20	Ghantarava_Dwija	SGRGYXDXN	DNS
20	Geetamohini_Dwija	RSRGYXDXNS	SRGYDNS
20	Govindambini_Dwija	SGYXDNS	SDXGRS
20	Hanki Ghantarava_Dwija	SRGYRYXND	NXDNS
20	Hemakriya_Dwija	SRGYXDNS	SDXYRGYRS
20	Hindola Vasantham_Dwija	NXDNS	SGYXDNDS
20	Indu Ghantaravam_Dwija	SGYXDS	SRYXDNDS
20	H industhani Asaveri_Dwija	SRYXDS	RGS
20	Jagamani_Dwija	SRYGYDNXD	DNS
20	Jananandini_Dwija	SRGRGYXND	XNS
20	Japaneeya_Dwija	SRGXDS	SDXGRS
20	Jankari_Dwija	SGRGYXNS	SNDXGRS
20	Jankaravani_Dwija	SGRDYXNS	SNDXYRS
20	Jarangi_Dwija	SRGXDNS	SNDXGRS
20	Jayanandini_Dwija	SRGRGYXND	XNS
20	Jayanthasri_Dwija	SGYDNS	SNDYXYGS
20	Jayavani_Dwija	SGRGYXNS	SNDXGRS
20	Jeevanpuri_Dwija	SRYXDNS	SNDXYGRS
20	Jingla_Dwija	SRGXDNXDXS	SNDXYGRS
20	Josila_Dwija	SRXDNS	SDXYGRS
20	Kamala Tarangini_Dwija	SRGYXDNS	SNDXYRS
20	Kamini Ritigaula_Dwija	SRGYXDNS	SNDYGRS
20	Kannada (Mallaru)_Dwija	SGYXDS	SNDYGS
20	Kannada Salavi_Dwija	SRGYXDS	SNDYGS
20	Kannada Matta_Dwija	SGYXDS	SNDYGS
20	Karnika Ranjani_Dwija	SRGYXYDNS	SNDXYGRS
20	Karya Mathi_Dwija	SRGXDS	SNDXDYGRS
20	Kasi Latha_Dwija	SXDXYXNS	SXDYGRS
20	Kathyayini_Dwija	SRGXDS	SDXGRS
20	Kavya Chitra_Dwija	SGRGYXDXNS	SNDYRS
20	Kauranjam_Dwija	SRGYXNS	SNDYGS
20	Kinnari_Dwija	SRYXS	SNDYGS
20	Kausikam (Bairavi)_Dwija	SRGYXDNS	SNDXYGRS
20	Keechakari_Dwija	SGXDS	SNXYS
20	Kesarangi_Dwija	SRYGYDNS	SDNXYGRS
20	Kokilavarali_Dwija	SRGRYXDNDS	SDNDXYRGRS
20	Kovindambini_Dwija	SGYXDNS	SDXGRS
20	Kumara Leela_Dwija	SYXDNXNS	SNDYGRS
20	Kumara Ranjani_Dwija	DNSRGXD	NDXRGRSNS
20	Kusuma Raja_Dwija	SGYXDS	SDXYRS
20	Krouncham_Dwija	SRGYXNS	SNDYGS
20	Latha Hitha_Dwija	SRGXDNS	DXYGRS
20	Latha Manjari_Dwija	SRYXNS	SNDXYGRS
20	Loka Pratapa_Dwija	SRYXDS	SNDXYGRGS
20	Lolangi_Dwija	SRYGRYXDNS	SNDYGS
20	Lolaski_Dwija	SRYGRYXDNS	SNDYGS
20	Malkimpuri_Dwija	SRGYDNS	SNDXYGRS
20	Mamsi_Dwija	SRGYXS	SNDXYRS
20	Manavali_Dwija	SGYNDNS	SDXYGRSNDNS
20	Manji Vasantham_Dwija	SRGYXNS	SRGYXDNS
20	Margha Hindolam_Dwija	SRGYXDNS	SNDYXYGSRS
20	Maruva Ranjani_Dwija	SRGYXDNS	SDXGRS
20	Mausevitha_Dwija	SRGYXNDS	SNDYGRS
20	Mau Jeevakam_Dwija	SRGYXNDS	SNDYGS
20	Mayura Mani_Dwija	SRYXDS	SNXYRYGS
20	Mitha Bhashita_Dwija	SRGYXDS	SDXYGRS
20	Mukhari_Dwija	SRYXDNDS	SNDXYGRS
20	Naga Gandhari_Dwija	SRGYXDN	NDXYGRSN
20	Naga Hindolam_Dwija	SGRYDGYXD	SNXDXYGR
20	Narayana Desakshi_Dwija	SRSGYXDXNS	SNDXYGRS
20	Nari Ritigowla_Dwija	SRGYXDXNNS	SNNDYGGRS
20	Nasa Manjari_Dwija	SGRGYXNDNS	SNDNXYRS
20	Nata Vardhani_Dwija	SRGYDNS	SNXYRGYRS
20	Natya Mangala_Dwija	SRGYXDNS	SNXYRGRS
20	Nava Manohari_Dwija	SRYDNS	SNXYRS
20	Navaratna Vilasa_Dwija	SRGYXDXS	SDXYGYRS
20	Needhi Kala_Dwija	SGRGYNDY	XNS
20	Neela Veni_Dwija	SRGYXDNDS	SDXYGRS
20	Neeraja Priya_Dwija	SRGYXDNS	SDXYGS
20	Nemanga_Dwija	SRYXNDN	XDNS
20	Nutha Bhashitham_Dwija	SRGYXDS	SDXYGRS
20	Panchama_Dwija	SRYXDS	SNDXGRS
20	Pancham Malakosh_Dwija	SGYDNS	SNDYXYGS
20	Pandi_Dwija	SRXDS	XYGRSNX
20	Panuvalatti_Dwija	SRGXDNS	SNDXGRS
20	Parabhruthavani_Dwija	SRXDNS	SNDXRS
20	Patilarava_Dwija	SGRGYXNDNS	SNXYRS
20	Pendrula_Dwija	SRGYXDNS	SXYGRS
20	Purva Bhairavi_Dwija	SRGYNDNS	SNDXYGRS
20	Purna Shadjam_Dwija	SGRGYNS	SNXYGRS
20	Pushpalata_Dwija	SRGYXNS	SNXYGRS
20	Rama Ranjani_Dwija	SRGYXDNS	SDXGRS
20	Rathi Pathi Priya_Dwija	SRGXNS	SNXGRS
20	Rathi Sobhita_Dwija	SRGYDNS	SNXYGRS
20	Ravi Dhyuthi_Dwija	SRGYXDXNS	SNDXYS
20	Ravi Sindhu_Dwija	SGXDNS	SNDXYGS
20	Reranjini_Dwija	SRGYXDNS	SDNDYGRS
20	Reka Ranjini_Dwija	SRGYXDNS	SNDNYXYGRS
20	Rithi Gaula_Dwija	SGRGYDNDS	SNDYGYXY
20	Rodhavali_Dwija	SRGYXDNS	SNDYXYRGS
20	Rudhra Ghantaravam S R G R M P M_Dwija	DNDXS	SNDYGS
20	Sama Neelakari_Dwija	SGYDNS	SNXYRS
20	Saramathi_Dwija	SRGYXDNS	SNDYGSRS
20	Saradha Priya_Dwija	SRGXNS	SNXYGS
20	Sarva Ranjani_Dwija	SRGXDNS	SNDYXYGRS
20	Sena Ranjani_Dwija	SRGYXDNS	SNDNYXYGRS
20	Sena Rava_Dwija	SYGYXDNS	SNDXYGRS
20	Shara Mochini_Dwija	SGYXDS	SNDXYGRGS
20	Sheelavali_Dwija	SRGYXDNS	SNXYGS
20	Shobavari_Dwija	SRYXDS	SDXYRS
20	Sesha Bhooshanam_Dwija	SRGXNDS	SNDXYGYRS
20	Simha Dwani_Dwija	SRGYXNS	SNDXYGRS
20	Sindhu Ganta_Dwija	SGYXNS	SGYXNS
20	Sivakampuri_Dwija	SRGYDS	SNDXYGRS
20	Sowmya Manohari_Dwija	YXDNSRGYXS	SYGRSNDXY
20	Sri Gantanam_Dwija	SGYXNS	DXYGRGS
20	Subha Vahini_Dwija	SRGYXNDNS	SNDYGYS
20	Subha Mathi_Dwija	SRGYNS	SNDXYGRS
20	Suddha Salavi_Dwija	SGYXNS	SGYXNS
20	Sukumari_Dwija	SGYXNDNS	SNXYGYRS
20	Sutradhari_Dwija	SRYXDS	SDXYRS
20	Swara Gandhari_Dwija	SRYXDS	SNDYGRS
20	Swara Ranjani_Dwija	SRGXDNS	SNDYXYGRS
20	Sweeya_Dwija	SRGRYXNDNS	SNXNDXYGRYR
20	Syamala Vasantham_Dwija	SNDNDRGYXD	SYGRSSNDNS
20	Thamodini_Dwija	SRGYDS	SNDXYGR
20	Thamohini_Dwija	SRGYDS	SNDXYGRS
20	Theerva Vardhini_Dwija	SGXDNDS	SNDYGRS
20	Udaya Bhairavi_Dwija	SGYXNS	SNXYGS
20	Udaya Chandrika_Dwija	SRGYXDNS	SDXYGRS
20	Udaya Ravi_Dwija	SGYXNS	SNDXYGS
20	Vaasa Varithi_Dwija	SRGYXDNS	SNDXYDYGRS
20	Vaatha Chandrika_Dwija	SRYXDNS	SNXYRS
20	Varna Kadari_Dwija	SRGYXDNS	SNDXYRS
20	Vasantha Varali_Dwija	SRYXDN	NDXGRSN
20	Veera Gantaravam_Dwija	SRYXDN	SYXDNS
20	Venukarama_Dwija	SRYGYXNS	SNDXYGYRS
20	Vipra Mathi_Dwija	SRYXDS	SNDXYRS
20	Yoga Bhairavi_Dwija	SRGYXDS	SNDXRS
56	Alankaran_Dwija	SGXYDS	SNYXGRS
56	Azaladi_Dwija	SGXYDNS	SNDYXGS
56	Bhashini_Dwija	SGRGXYDNS	SNDYXGRS
56	Bhramara Kusumam_Dwija	SGXYNS	SNDYXGRS
56	Bhramara Saranga_Dwija	SRGXYXDNS	SDYXGRS
56	Chakra Manjari_Dwija	SRGXDYDNS	SDYXRS
56	Chamaram_Dwija	SGRGXYNS	SNDYXGRS
56	Chandra Desika_Dwija	SRGXYXDNS	SNDXGS
56	Chutavali_Dwija	SXGXYDNS	SNDYXGRS
56	Deva Malavi_Dwija	SRGXYDN	NDYXGRSN
56	Dhanukari_Dwija	SGXYDNS	SNDXGS
56	Gopika Thilakam_Dwija	SRGXYNS	SNYXGRS
56	Gummavali_Dwija	SRGYDNS	SDYXGRS
56	[aya Neelaveni_Dwija	SRGYNS	SDYXGS
56	[aya Saraswathi_Dwija	SRGYDS	SNDYXGRS
56	Kalathi_Dwija	SYXDNS	SDYXGRS
56	Kamalaveni_Dwija	SRXYDNS	SNDYXRS
56	Kari Kadya_Dwija	NSGXYDN	DYXGRSNS
56	Kokila Nandi_Dwija	SGXDNS	SNDYXGS
56	Kusuma Sarang_Dwija	SRXYDNS	SNDYXGRS
56	Kuru Gadhya_Dwija	NSGXYDN	DYXGRSN
56	Madana Mohini_Dwija	SRGXYDNS	SNDXGS
56	Nanmugan_Dwija	SRGXYS	SNDYXGRS
56	Puradahana Priya_Dwija	SGXYDNS	SNYGRS
56	Pushkarani_Dwija	SGXYDNS	SNYXGRS
56	Pushpamani_Dwija	SRGRXYDS	SNDYXGRS
56	Rajeswari_Dwija	SRGYNS	SNDYXGS
56	Samudra Priya_Dwija	SGXYNS	SNYXGS
56	Saranga Bramari_Dwija	SXYDNDS	SNDYXGS
56	Swara Kesari_Dwija	SRGXYDNS	SDXGRS
56	Singara Mani_Dwija	SRYXYDNS	SYDYXGRS
56	Sivai_Dwija	SRGXYDS	SDYXGRS
56	Siva Priya_Dwija	SRGYNS	SNDYXGRS
56	Sendan_Dwija	SRXYDS	SDYXRS
56	Shikari_Dwija	SGRGXYDNDS	SNDXGRS
56	Sri Karpakambigai_Dwija	SRXYDNS	SNDYXRGS
56	Sri Kamalaveni_Dwija	SRXYDNS	SNDYXRS
56	Sumanesh Ranjani_Dwija	SGXYNS	SNYXGS
56	Sumanisa Priya_Dwija	SGXYNS	SNYXGS
56	Sukra Kantham_Dwija	SRXDNS	SNYXGRGS
56	Thiru Madandai_Dwija	SRGYS	SNDXGS
21	Abherini_Dwija	SRGYXNS	SNXYRS
21	Divya Bharanam_Dwija	SRGYXNS	SNXYGRS
21	Gagana Bhoopalam_Dwija	SYGYXDNS	SNDYGRS
21	Hataka Bharanam_Dwija	SRGYXDNS	SNXYRYGS
21	Jayasri_Dwija	SRYGSYXDNS	SRYXDNS
21	Kadaram_Dwija	SRGYXDNS	SGYDNS
21	Kaikavasi_Dwija	SRGYXDNS	SNXYGRS
21	Karnataka Deva_Dwija	SGYDNS	SYGYXDNS
21	Kazhiyan_Dwija	SGYXDS	SRYXDNS
21	Kula Bhushani_Dwija	SRGYXNS	SDXYGRS
21	Kunjaradhwani_Dwija	SRYXDNS	SNDXYGRS
21	Kusuma Vali_Dwija	SGYXDS	SNDXYGYRS
21	Mukkanni_Dwija	SYGYXDNS	SRGXNS
21	Naga Deepika_Dwija	SRGYXS	SNDYGS
21	Nepala_Dwija	SRYGYXNS	SNDXYRS
21	Piloo_Dwija	NSGYXNDXS	SNDXYGRSNS
21	Rishi Priya_Dwija	SRGYXNS	SNXYGRS
21	Samantha Salavi_Dwija	SRGYXDS	SNDXYGRS
21	Sambramaleelakara_Dwija	SRYXDS	SNDXYGRS
21	Sanjivini_Dwija	SRSGYXNS	SNDNXYGRS
21	Sarasa Vahini_Dwija	SRGRYXDNS	SDXYGRS
21	Shibika_Dwija	SRGXNS	SNXGRS
21	Soma Giri_Dwija	NSRGYXD	XYGRSNS
21	Sri Chandrika_Dwija	SRGXDNS	SNDXGRS
21	Sri Velavali_Dwija	SRYXDS	SNDXGRS
21	Srothasvini_Dwija	SGYXNS	SNXYGS
21	Vasumathi_Dwija	SRXDNS	SNDXRS
57	Adivarali_Dwija	SRXYDS	SNDYXRXGS
57	Amruta Vasantham_Dwija	SRGYDNS	SNDXGS
57	Anandavalli_Dwija	SGXYNS	SNYXGS
57	Arunakriya_Dwija	SRXYNS	SNDYXGRS
57	Bhramara Hamsi_Dwija	SRGXYNS	SNDYXGS
57	Bhramara Kokila_Dwija	SRXYNDNS	SNDYXRS
57	Bhramara Suki_Dwija	SRGXYDNS	SDYXGRS
57	Chalana_Dwija	SGRGXNDX	YDNS
57	Dhavali Hamsi_Dwija	SRXYDS	SNDYXGRS
57	Goshpani_Dwija	SRGXYDNS	SNDXGRS
57	Govardhani_Dwija	SRGYDNS	SNYDYXGRS
57	[aya Saranga_Dwija	SRGXYXDNS	SNDXYDXGRS
57	Kottani_Dwija	SRGXYDNS	SNDXGRS
57	Madhava Manohari_Dwija	SGRGXYNDNS	SNDXGRS
57	Malava Gandhari_Dwija	SRXYDNS	SDYXRGX
57	Mara Jayanthi_Dwija	SRXYDNS	SNDYXGRS
57	Naga Kalyani_Dwija	SGXYNS	SNDYXGRS
57	Nirvana Vasantha_Dwija	SRGYDS	SNDYXGRS
57	Padma Mukhi_Dwija	SRGXDNS	SDYXGS
57	Pinchukan_Dwija	SRXYNS	SNYXRS
57	Pranava Priya_Dwija	SRXYNS	SNYXGRS
57	Punithan_Dwija	SRXYNS	SNDYXGS
57	Ravi Chandrika_Dwija	SRXYNDNS	SNDYXGRS
57	Sesha Nadham_Dwija	SRXYNS	SRGXYDS
57	Seemanthini_Dwija	SRGXYDNS	SYXGRS
57	Somanathan_Dwija	SRGXYDNS	SRXDNS
57	Sri Dhavalahamsi_Dwija	SRXYDS	SNDYXGRS
57	Soudamani_Dwija	SGXYNS	SNYXGS
57	Suddha_Dwija	SRGXYNS	SNYXGS
57	Sukshma Swarupi_Dwija	SGRGXYNS	SNDXGRS
57	Sumadhyuthi_Dwija	SRGXYDNDS	SNDYXGRS
57	Thiru Murugan_Dwija	SRGYNS	SDYXGRS
57	Vijaya Saraswati_Dwija	SGXYDNS	SNYXGRS
57	Urmika_Dwija	SRGXYNS	SNYXGRS
22	Agnikopam_Dwija	SGYXNS	SNXYGRS
22	Ananda Varidhi_Dwija	SRYXNDXS	SNDXYGRS
22	Andholika_Dwija	SRYXNS	SNDYRS
22	Anilavali_Dwija	SRGYXNDNS	SNXYRS
22	Aruna Chandrika_Dwija	SRGXNS	SNXYGS
22	Aryamathi_Dwija	SRGXDS	SNDXDYGRS
22	Bhagya Ranjani_Dwija	SRGYDNS	SXYGRS
22	Badakarani_Dwija	SRGYXDNS	SDXYGRS
22	Badrasarangaleela_Dwija	SRGYXDXNS	SDXYRS
22	Bagavat Priya_Dwija	SRGYRYXDNS	SNDXYRS
22	Bhala Chandrika_Dwija	SGYXDNS	SNDYGRS
22	Bhala Goshi_Dwija	SRGXYNDS	SNDXYGRS
22	Bhala Nandini_Dwija	SRGYXNS	SNXYGRS
22	Bhilavali_Dwija	SRGYXS	SNXYGRS
22	Bhoga Kannada_Dwija	SNSGYXNS	SRGYNS
22	Bhudha Mayuram_Dwija	SGRGYNDNS	SNXYGRS
22	Bramarambika_Dwija	SGYDXNS	SNDXDYGRS
22	Brindavani_Dwija	SRYXNS	NXYRS
22	Brindavana_Dwija	SGRYXNS	SNXYRGS
22	Brindavani Sarang_Dwija	SRYXNS	SRYXNS
22	Chakra_Dwija	SGRYXNS	SRYXNS
22	Chakra Pradiptam_Dwija	SRGYXDNS	SNDYGS
22	31. Chandra Kala_Dwija	SRGXYDNS	SRGYXYDNS
22	Chandra Mandana_Dwija	SGYDNS	SRGYXYDNS
22	Charavali_Dwija	SGRGYXDNXS	SRGXDS
22	Chaya Sopitha_Dwija	SRGYXDS	SNDXYDYGRS
22	Chendhuruthi_Dwija	SRGYXDS	SRYXNS
22	Chitta Ranjani_Dwija	NSRGYXDN	NDXYGRSN
22	Chitta Sena_Dwija	SGRGYXDS	SNDYXYRGRS
22	Desya Kannada_Dwija	RGYXDNS	SNXGYRS
22	Desya Kapi_Dwija	SRYXNXS	SNDNXYG
22	Deva Mukhari_Dwija	SRGYXDNS	SNDYXYRGYRS
22	Deva Gandharam_Dwija	SGYXNS	SNDXGYRS
22	Deva Gandhari_Dwija	SRSGYXDXNS	SNDXYGRS
22	Deva Manohari_Dwija	SRYXDNS	SNDNXYRS
22	Devamruthavarshani_Dwija	SRGYNDNS	SNDXYGRS
22	Devaranjani_Dwija	SGRYXDNS	SDXYGRS
22	Dhana Kapi_Dwija	YXDNSRGRGYX	RGXYGRSNDXDNSS
22	Dhatru Manohari_Dwija	SXYXDNS	SNXYGRS
22	Dhavalika Leela_Dwija	SNSRGYXND	DXYGRSNS
22	Dhayavati_Dwija	SRGXNS	SNXYGS
22	Dheerkala_Dwija	SRGXNDS	SNDNYGRS
22	Dileepika_Dwija	SRGRYXNDN	XDNS
22	Durbar_Dwija	SRYXDNS	SNDXYRGRS
22	Gaund Giri_Dwija	SGYXNXS	SNXYGRS
22	Ghana Kelini_Dwija	SGYXNS	SNDXYRS
22	Ghana Jagana_Dwija	SRYXDXNS	SNXDNXYGRS
22	Ghana Kesi_Dwija	SRGYXNS	SNDXYRS
22	Gharava Simhala_Dwija	SGRGYXDNX	DXS
22	Gopi Kamboji_Dwija	SRGYXDS	SNDXYGRS
22	Gowri Vasantha_Dwija	SRYXDNS	SNDXYGRGRS
22	Haridasa Priya_Dwija	SXYGYXNS	SNDNXYGRS
22	Hari Narayani_Dwija	SRGYXYDNS	SNXYGRS
22	Harsha Kapi_Dwija	SRGYXNDS	SNDXYGRS
22	Hati Hrushi_Dwija	SRGYXDNS	SDXYGRS
22	Henavali_Dwija	SRGYDS	SNXYGRGS
22	Hindusthani Kapi_Dwija	SRYXNS	SNDNXYGRS
22	Jala Manjari_Dwija	SRGXDNS	SNXDXYRSRS
22	Janandolika_Dwija	SGRGYXNDNX	DNS
22	Jayakshari_Dwija	SGYXDS	SNDXYGRGRS
22	Jaya Narayani_Dwija	SRGYXDS	SNDXYGRS
22	Jayantha Sena_Dwija	SGYXDS	SNDXYGS
22	Jaya Manjari_Dwija	SGXDNS	SNXDXYRGRS
22	Jeevika Vasantham_Dwija	SRYXDS	SNXYRS
22	Kaalika_Dwija	SRGXDNS	SNDXGRS
22	Kakavasanth_Dwija	SRGXYNDS	SNDXYGRS
22	Kala Swarupi_Dwija	SRGYXDNXS	SNXYGRS
22	Kalavali_Dwija	SRGYXS	SNXYGRS
22	Kalharu_Dwija	SRYGYXDXS	SDXYRS
22	Kalyana Tarangini_Dwija	SRGYXYGYN	DNS
22	Kalyana Vasantham_Dwija	SRGYXDS	SDXYGRS
22	Kanada_Dwija	SRGYDNS	SNXYXDND
22	Kanajagana_Dwija	SRYXDNS	SNXDNXYGRS
22	Kanakavarali_Dwija	SRYXNS	SNDNXYGRS
22	Kannadagaula_Dwija	SRGYXNS	SNDXYGS
22	Kapi_Dwija	SRGYXDNS	SNDXYGRS
22	Kunda Mulika_Dwija	SRGYXDNS	SRGYGXDS
22	Lalitha Ghandari_Dwija	SRGYXNS	SNXYGYRS
22	Lalitha Manohari_Dwija	SGYXDNS	SNXYGRS
22	Lavana Varidhi_Dwija	SGYXDS	SNDXYGRS
22	Laya Madhya_Dwija	SRYXDNS	SDXYGRS
22	Lokendra Mani_Dwija	SRYXDS	SDXYGRS
22	Madana_Dwija	SRGYNDNXDS	SNDNXYRGS
22	Madana Marutha_Dwija	SRGYDNS	SNDNXYGYGS
22	Madhyama Varali_Dwija	SRGXDNS	SNDXGRS
22	MadhyaMavathi_Dwija	SRYXNS	SNXYRS
22	MadhyamadiSarang_Dwija	SRYXNS	SNXYRS
22	Madhumat Sarang_Dwija	SRYXNS	SNXYRS
22	Maha Nandi_Dwija	SRGXDS	SDXGRS
22	Mallaru_Dwija	SRYGYXDXS	SDXYRS
22	Malavi Sri_Dwija	SGYXNS	NNDXYXND
22	Manavi_Dwija	SRGXDNS	SNDXGRS
22	Manjari_Dwija	SGRGYXNDNS	SNDXYGRS
22	Mani Manjari_Dwija	SRGYXDNS	SNDXYRGYGS
22	Mani Rangu_Dwija	SRYXNS	SNXYGRS
22	Manohari_Dwija	SGRGYXDS	SDXYGRS
22	Mano Ranjani_Dwija	SRGYXDNS	SNDXDYGRS
22	Mara Herali_Dwija	SGRGYDNS	SNDXYDYR
22	Marga Mohini_Dwija	SRGYGXDNS	SNXYRYGS
22	Marga Pratapa_Dwija	SRYXDS	SNDNXYGR
22	Matti Mavali_Dwija	SRGXDNS	SNDXGRS
22	Maya Pradipam_Dwija	SYGYXDNS	SDXYGRS
22	Nadha Chintamani_Dwija	SGRGYNDNS	SNDYGYXY
22	Nadha Murthi_Dwija	SGYDNS	SNXYRGS
22	Nadha Tarangini_Dwija	SRGYXNS	SNDXYGRS
22	Nadha Varangini_Dwija	SXYNDNS	SXNDXYGRGS
22	Nagajara_Dwija	SYXDNDNS	SNDXYRS
22	Nagari_Dwija	SRYXDNS	SNDXYGS
22	Namanojwala_Dwija	SRGXYDXNS	SNDXGRS
22	Nandanavali_Dwija	SRGYXNDNS	SDXYRS
22	Natikai Mani_Dwija	SRGYXDNS	SNXYGRS
22	Natya Bhushani_Dwija	SRGYDNS	SNDYXYGRS
22	Navaratna Vilas_Dwija	SRYXNS	SNDYGRS
22	Nayaki_Dwija	SRYXDNDXS	SNDXYGRS
22	Nirmala Gaula_Dwija	SRYGYRGY	DNXDNS
22	Nirmalangi_Dwija	NXDNS	SRYXNS
22	Nirmitham_Dwija	SRXDNS	SNDYGRS
22	Pala Manjari_Dwija	SGXDS	SNDXYGRS
22	Phala Ranjani_Dwija	SGYXYDS	SNDXYGYRS
22	Pancha Kottani_Dwija	SRYGYXNS	SNDNDXYDY
22	Pancham_Dwija	SRXDNS	SNDXYGRS
22	Parva Mani_Dwija	SRGYXS	SNDXYGRS
22	Patta Deep_Dwija	NSGYXNS	SNDXYGRSNSGRS
22	Purna Kalanidhi_Dwija	SGYXDNS	SDXYGRS
22	Purva Mukhari_Dwija	SYGYXDNDS	SNXYGRS
22	Pushpa Latika_Dwija	SRGYXNS	SNXYGRS
22	Pushpa Latha_Dwija	SRGYXNS	SNXYGRS
22	Rama Manjari_Dwija	SRYXNS	SDNXYGYRS
22	Rama Priya_Dwija	SRGYXDNS	SNDNXYGY
22	Rama Vilasitha_Dwija	SRYXDNS	SDXYRYGRS
22	Ranga Leela_Dwija	SRGYXDNS	SNDYGRS
22	Ratinvaki_Dwija	SGYDNS	SDXGRS
22	Rathavali_Dwija	SGYXDNS	SNDXYGRS
22	Rathnakarshini_Dwija	SRGYXYDNS	SDXGRS
22	Ravalika Leela_Dwija	SNSRGYXDN	DXGRSNS
22	Rudra Priya_Dwija	SRGYNS	SNXYGRS
22	Rupangi_Dwija	SRYXNS	SDNXYGRS
22	Sadham_Dwija	SGYXDS	SNDXYGYRS
22	Sahana_Dwija	SRGYXYDNS	NDXYGRGRS
22	Saindavi_Dwija	NDNSRGYXN	DXYGRS
22	Salaga Bairavi_Dwija	SRYXDS	SNDXYGRS
22	Samanthini_Dwija	SRYXDNS	SNDXYRGRS
22	Sama Mukhari_Dwija	SRGYXDNS	SDNDYXYGS
22	Samanojwala_Dwija	SRGXDYDXNS	SNDXGRS
22	Sankara Priya_Dwija	SRYXNDXS	SNDYGRS
22	Sanjeeva Karani_Dwija	SRYXNS	SDXGS
22	Sangrama_Dwija	SRYDNXS	SNDGRS
22	Sarmila_Dwija	SRGYRYXND	SNDNDYGYRG
22	Saura Vahini_Dwija	SRGRYXNS	SDXGRS
22	Sindhu Dhanyasi_Dwija	SGYXNS	SNDXYGRS
22	Sitta Sena_Dwija	SGRGYXDS	SNDYXYRGRS
22	Siva Kambhoji_Dwija	SRYXDS	SNDXYGRS
22	Sivapriya_Dwija	SRGXDS	SDXGRS
22	Siva Ranjani_Dwija	SRGXDS	SDXGRS
22	Sonavati_Dwija	SRGYDNXDNS	SNYGRS
22	Sri_Dwija	SRYXNS	SNXDNXYRG
22	Sri Manohari_Dwija	SGRGYXDS	SDXYGRS
22	Srungara Vardhini_Dwija	SRGYXDNS	SDNXYRGYRS
22	Subhangi_Dwija	SYRGYXDN	DXYGRSNS
22	Suddha Desi_Dwija	SRYXDNDS	SNDXDYGRS
22	Suddha Dhanyasi_Dwija	SGYXNS	SNDYGS
22	Suddha Sena_Dwija	SGRGYXDS	SNDYXYRGRS
22	Suddha Sulini_Dwija	SRGRYDYX	DNS
22	Suddha Velavali_Dwija	SRYXNS	SNDNXYGRS
22	Sunadha_Dwija	SGYXNDNS	SNDXYGS
22	Supravahini_Dwija	SRGYXNDYXN	DNSSNDXYGYS
22	Swara Bhushani_Dwija	SGYXDNS	SNDXYRS
22	Swara Kalanidhi_Dwija	SYGYXDNS	SNDNXYRGS
22	Swarna Bhodamani_Dwija	SRYGYXDNS	SNXDNDXY
22	Swarna Choodamani_Dwija	SRGXDNS	SNDXYGRS
22	Thava Mukhari_Dwija	SRGXDS	SNDXYGRS
22	Upendra Mathi_Dwija	SGYXDNS	SNDYRGRS
22	Upendra Vajra_Dwija	SRGYXDNS	SNXYXGRS
22	Uragamani_Dwija	SRGYXDNS	SNDNXYGYRS
22	Vajra Gandhi_Dwija	SGYXNS	SNDXYGRS
22	Vasi Manjari_Dwija	SRGYXDNS	SNDXYXDXY
22	Vimala Mohan_Dwija	SGYXDS	SNDXYGRS
22	Vipra Dhanyasi_Dwija	SGYXNS	SNDXYGRS
22	Suddha Manohari_Dwija	SRGYXDS	SNXYRGS
58	Anagan_Dwija	SRGXNS	SNDYXGRS
58	Atthan_Dwija	SRGXYS	SNDYXGRS
58	Bhramara Puttari_Dwija	SRGXYDNS	SDYXRS
58	Chakora Dhwani_Dwija	SRGXYDNS	SNXGRS
58	Deenar Neya_Dwija	SRGYNS	SDYXGRS
58	Desi Simharam_Dwija	SRGXYDNS	SNDYXGRS
58	Deva Kantha_Dwija	SGXYDYNS	SDYXRS
58	Divya Sena_Dwija	SRGXYDNS	SNDXGRXGS
58	Gnana Lola_Dwija	SRGYDS	SNYXGRS
58	Hamsa Bhramari_Dwija	SRGXYDS	SNDYXGRS
58	Hemandini_Dwija	SRGXDS	SNDYXGRS
58	Hemambari_Dwija	SRGXYDNS	SYXGRS
58	Hema Vahini_Dwija	SRYXYDNS	SDYXGRS
58	Kaivasi_Dwija	SRGXYDNS	SNYXGRS
58	Kanaka Bhushavali_Dwija	SGXYDNS	SNYXGRS
58	Madhu Vanthi_Dwija	NSGXYNS	SNDYXGRS
58	Lakshmi_Dwija	SRGXYNS	SNDYXGRS
58	Mandini_Dwija	SXGXYDNS	SNYXYGRS
58	Nalina Bhramari_Dwija	SRXYDNS	XRGRS
58	Sankarava_Dwija	SGRGXYDNS	SNYXGRS
58	Serasena_Dwija	SGRXYNS	SNDYXGRS
58	Simharavam_Dwija	SRXYNS	SNYXRGRS
58	Souryavardhini_Dwija	SRYDNS	SNDYXGRS
58	Sri Bramara Uttari_Dwija	SRGXYDNS	SDYXRS
58	Sundara Hemavathi_Dwija	SRGXYDNS	SNDXGRS
58	Thillai Nayaki_Dwija	SRYDNS	SNDYXGRS
58	Vijaya Samantham_Dwija	SGXYDS	SNDXGRS
58	Vijaya Saranga_Dwija	SRGXYNS	SNDYXGS
58	Yasomani_Dwija	SRGXYNDNS	SYXGRS
58	Yava Priya_Dwija	SRXYNS	SNDYXGRS
58	Yaksha Priya_Dwija	SRXYNS	SNDYXGRS
23	Bhanudeepam_Dwija	SRGRYXDNS	SNXYGRS
23	Chandhanachalam_Dwija	SRGYXDS	SNXYGRS
23	Chitra Malika_Dwija	SRGYXDNS	SDXYRS
23	Dharbha Koola_Dwija	SRGYGXDNS	SNDYGRS
23	Desakya_Dwija	SRGYXDNS	SNXYRS
23	Gamakyam_Dwija	SRYXDNS	SNDXYGXYGRS
23	Gama Bharani_Dwija	SRYGXDNDS	SNDXYGRS
23	Gambhirini_Dwija	SRGYXDNDS	SNDXYGRS
23	Gauri Shankar_Dwija	SRGYXNS	SNDXYGRS
23	Gauri Velavali_Dwija	SRGSRYXDS	SNDXYGRS
23	Hamsa Deepika_Dwija	SRGYDS	SNDXYGRS
23	Hasya Deepam_Dwija	SRGYDS	SNDXYGRS
23	Hrudha Kamali_Dwija	SRYDNS	SNDXRS
23	Karavani_Dwija	SRGXDNS	SNDXGRS
23	Lavantika_Dwija	SRYXNS	SNXYRS
23	Malhar_Dwija	SNSGRXYN	SNDXYGRS
23	Nacharam_Dwija	SGRGYNDNS	SNDYXYGRS
23	Pallava_Dwija	SRYGYXDNS	SDYXYGRS
23	Sadhananda Priya_Dwija	SRGYDNS	SNDXYGRS
23	Salavi Bangala_Dwija	SRYXDS	SNDXYRS
23	Sama Salavi_Dwija	SRGYXS	SNDXYGRS
23	Sambari Priya_Dwija	SRGYXDNS	SNXGS
23	Sangraha Priya_Dwija	SRGYDS	SNXGS
23	Santhana Deepika_Dwija	SGYXDNS	SDXGRS
23	Sarasa Nayaki_Dwija	SRGYXNS	SDYGS
23	Sarva Mathi_Dwija	SYGDNS	SNDXYGRS
23	Satya Nayaki_Dwija	SRGXDS	SNDXYGRS
23	Sindhothama_Dwija	SRGYXDNS	SXYGRGS
23	Simhala Bhairavi_Dwija	SGYXDS	SNDYGRS
23	Swara Mathi_Dwija	SGYDNS	SNDXYGRS
23	Varudha_Dwija	SGXDNS	SNDXGS
23	Vedavalli_Dwija	SRGYXNS	SNDXYGRS
23	Velavali_Dwija	SRGSRYXDS	SNDXYGRS
23	Veeravasantham_Dwija	SRYXDS	SRYXS
23	Vijaya Narayani_Dwija	SRGYXDNS	SDXYGRS
23	Bhanu Pratapam_Dwija	SRGYXDS	SDXYGRS
23	Bringa Kuraga_Dwija	SRYXNDS	SNDXYGRS
23	Bruthulika_Dwija	SRGRYXDNS	SNXYRS
23	Dheena Vasantha_Dwija	SRYXDNXS	SNDXYGRS
23	Gaula Panchamam_Dwija	SRYXNS	SNXYGRS
23	Godavari_Dwija	SGXDNS	SNDXGRS
23	Hamsa Bhoopalam_Dwija	SRGYXS	SNDNXYGS
23	Hamsa Bhashani_Dwija	SRGYXS	SGYDNS
23	Hinkari_Dwija	SRGYXDS	SDXYGRS
23	Hamsa Priya_Dwija	SRGYXDNS	SNDYGRS
23	Kamalasana Priya_Dwija	SRGXDNS	SNDXGRS
23	Karuvali_Dwija	SGXDNS	SNDXGS
59	Ambika_Dwija	NSGXYNS	SNDYXGRS
59	Annal_Dwija	SRXYS	SNDYXGRS
59	Arunajwalitha_Dwija	SRGXDNS	SNDYXGRS
59	Balagambeerya_Dwija	SGRGXDYDNS	SNDYXGRS
59	Bhudhan_Dwija	SRXYDS	SNDYXGRS
59	Bhushavali_Dwija	SRGRXYNS	SNDYXGRS
59	Chera Kurinji_Dwija	SRGXYDS	SNYGS
59	Chola Kurinji_Dwija	SRGXYNS	SDYGS
59	Dhamavathi_Dwija	SRGXYDNS	SNDYXGRS
59	Dhayalan_Dwija	SRXYS	SNDXGS
59	Dheerakari_Dwija	SRGXYDNS	SDNYXGRS
59	Dheerankari_Dwija	SRGXYDNS	SDNYXGRS
59	Dheera Kunthali_Dwija	SXYDNS	SNDYXGRS
59	Garuda Varali_Dwija	SRXYDS	SRGYNS
59	Garva Manjari_Dwija	SGXYDS	SNDXGRS
59	Gouri Kriya_Dwija	SGXYDNS	SNDNYXGS
59	Hamsanadam_Dwija	SRXYDNS	SNDNYXRS
59	Kannan_Dwija	SRGXDS	SNYXGRS
59	Lalitha Simharavam_Dwija	SRGXYS	SNYXGRS
59	Madhuvanthi_Dwija	NSGXYNS	SNDYXGRS
59	Mohana Kurinji_Dwija	SRGYDNYNS	SNDYXGRS
59	Muktavali_Dwija	SRGRXYDNS	SNDNYDXY
59	Madhumalathi_Dwija	NSGXYNS	XRGRS
59	Nabhava Madhya_Dwija	SRXYNS	SNDYXGRS
59	Naga Priyan_Dwija	SRXYS	SNDYXGS
59	Nalikam_Dwija	SRGYDS	SNDYXGRS
59	Ravisatya_Dwija	SRGXYDNS	SDYXRGRS
59	Rudramani_Dwija	SRXYDNS	SNDXGRS
59	Sailapadi_Dwija	SRXYNDNS	SDYXGRS
59	Sailavathi_Dwija	SRXYNDNS	SDYXGRS
59	Sarangaleela_Dwija	SRGXYDNS	SDYNDXGS
59	Seshaadri_Dwija	SGXYNS	SNDYXGS
59	Sri Kannan_Dwija	SRGXDS	SNYXGRS
59	Surati Nayaki_Dwija	SRXNS	SDYXGS
59	Suvarna Mukhari_Dwija	SGXYDNS	SNDXGRS
59	Vasantha Keervani_Dwija	SRGXYNDS	SDNYXGRS
59	Varata_Dwija	SRXYNS	SNYXRS
59	Vijaya Nagari_Dwija	SRGXYDS	SDYXGRS
59	Vijaya Srikanti_Dwija	SGXYS	SNDXGRS
24	Sannihitha_Dwija	SRGYXDNS	SDYXDYGRS
24	Sevadhi_Dwija	SRGXDS	SDXGRS
24	Simhala Kapi_Dwija	SRYXDNS	SNDNXYGS
24	Soma Deepakam_Dwija	SGXDNS	SNXYGS
24	Sri Hamsa Bhushani_Dwija	SGYDNS	SNXGRS
24	Sri Kunjari_Dwija	SYGYXDNS	SNDXYGRS
24	Sri Veera Vasantham_Dwija	SGRYXS	SNDXYGRS
24	Varunanidhi_Dwija	SYGYXDNS	SNDXYGRS
24	Varuna Sindhu_Dwija	SYGYXDNS	SNDXYGRS
24	Yathi karshan_Dwija	SRGYXS	SGRGXNDNS
24	Yauchana_Dwija	SGYXNDXS	SNDXYGRS
60	Amarasena Priya_Dwija	SRXYNS	SNYXRGS
60	Bala Charithra_Dwija	SRGRXYDNDS	SNDNYXGS
60	Desya Ganavaridhi_Dwija	SRGXYDNYS	SNSYXGRS
60	Deva Kusumavali_Dwija	SXGXYS	SNYXGRS
60	Hamsa Nadam_Dwija	SRXYDNS	SNDNYXS
60	Kampadhwaja_Dwija	SRGXYNDS	SDYXGRS
60	Kanaka Srikanti_Dwija	SRGXYS	SNDNYXRS
60	Kanthimathi_Dwija	SRGXYDS	SDYXGRS
60	Kedara Manjari_Dwija	SGXYNS	SNDYXGRS
60	Kunthala Ranjani_Dwija	SXGXYDNS	SNYDNYXGS
60	Madhava Chandrika_Dwija	SRGXYDNS	SNYDNYXGS
60	Moocha Dhwani_Dwija	SRGYDNS	SNYXRS
60	Needhi Manjari_Dwija	SGRXYNS	SNDXYNY
60	Nuthana Chandrika_Dwija	SRGXYDNS	SNYDNYXGS
60	Sri Kaivasi_Dwija	SRGXYDNS	SNYXGRS
60	Sri Kaikavasi_Dwija	SRXYDNS	SNYXGRS
60	Suddha Gowri Priya_Dwija	SGXYNDNS	SNDYXGS
60	Surika_Dwija	SRXYNS	SNDYXGRS
60	Vijaya Ratnakari_Dwija	SRXYDNS	SNDYXGS
25	Bhanu Prathpam_Dwija	SYGYXDS	SDXYGRS
25	Bhanu Gandhi_Dwija	SRYXDNS	SNDXYRS
25	Charavathi_Dwija	SYGYXDNDS	SNDXYGRS
25	Desya Mukhari_Dwija	SRGYXDNDS	SDNDXYGRS
25	Devakoti_Dwija	SRGYXDNS	SDXYRGRS
25	Deva Salakam_Dwija	SGXDNS	SNDXYGRS
25	Gayaka Mandani_Dwija	SRGYXDS	SDXYGRS
25	Hamsa Gandhari_Dwija	SRGYXS	SNDXDYGRS
25	Jalajavathi_Dwija	SGYDS	SNXGRS
25	Janasammodini_Dwija	SRGXDS	SDXGRS
25	Kallola Saveri_Dwija	SRYXDS	SNDXYGRS
25	Kanchanambari_Dwija	SRGYXNS	SNXYGRS
25	Karadwathi_Dwija	SYGYXDNDS	SNDXYGRS
25	Kusuma Dharini_Dwija	SRGXDNS	SNDXGRS
25	Mahuri_Dwija	SRGRYXN	DXYGRS
25	Margadesika_Dwija	SRGXDS	SDYXGRS
25	Mithra Ranjani_Dwija	SRGYXDXS	SNDXYGRS
25	Moksha Dayini_Dwija	SRGXNS	SNXGRS
25	Nandalaya_Dwija	SRGXNDS	SNDXYGRS
25	Paranam_Dwija	SRYXDNS	SNDXYGXYRS
25	Rajathilakam_Dwija	SRGYXS	SXYGRS
25	Sathvidhi_Dwija	SRGYXDNDS	SNDXYGS
25	Virujina Hirani_Dwija	SGYXNS	SNXYGS
61	Brurayasi_Dwija	SGYDNS	SNDYXGS
61	Champolini_Dwija	SRXGXDNYS	SNDGRS
61	Dhivyam Dorini_Dwija	SRGYDS	SNDXGRS
61	Dweepavathi_Dwija	SRXYDNS	SNDYXRS
61	Gantavali_Dwija	SGRGXYDNS	SDYXGRS
61	Garudadhwani_Dwija	SRGXNDX	YDNS
61	Jyothi Ranjani_Dwija	SRGXYDNS	SNDYXGXRS
61	Kandavali_Dwija	SGRGXYDNS	SDYXGRS
61	Kaiveni_Dwija	SRXYDS	SDNDXYDYX
61	Kanaka Kusumavali_Dwija	SRGXYDS	SDYXGRS
61	Kanaka Simharavam_Dwija	SGXYNS	SNDYXRS
61	Kanthamathi_Dwija	SRGXYDS	SNDYXGXS
61	Kantha Rathna_Dwija	SRXYNDS	SNDYXGRS
61	Keerthi Vijaya_Dwija	SRGXYNDS	SNDYXGRS
61	Kuchiramani_Dwija	SGXYDNDS	SNDYXRS
61	Omkara Swarupini_Dwija	SRGXYDNDS	SRGXYDS
61	Preyasi_Dwija	SGXYDNS	SNDYXGS
61	Sarasam_Dwija	SGXYNDYNS	SGXYNS
61	Sputalapani_Dwija	SXGYNS	SNYXGS
61	Sruthi Ranjani_Dwija	SRGXYDN	NDYXGSRS
61	Suddha Jyotishmathi_Dwija	SRGXYDN	SGXYS
61	Tharanga Leela_Dwija	SRGRXYDN	SNXGRS
61	Yuddha Pravarthini_Dwija	SRGYDNS	SNDYGRS
26	Amari_Dwija	SRGYXDS	SDXYGRS
26	Antharavahini_Dwija	SRGYXNDNS	SNDXYGRS
26	Arabhi_Dwija	SRYXDS	SDXYGRS
26	Badri_Dwija	SRGXDS	SDXNXYGRS
26	Chidambujavathi_Dwija	SGYXDNS	SDYRS
26	Chitswarupi_Dwija	SRGYXDNS	SNDXYGYRS
26	Chitrini_Dwija	SRGXDS	SNXGS
26	Gandharva Manohari_Dwija	SRYXS	SNDYGRS
26	Kannada Panchamam_Dwija	SRGYXNS	SNDNXYGS
26	Kokila Pratapam_Dwija	SGYXYDNS	SNXYGS
26	Komalangi_Dwija	SRGYXNS	SNXYGRS
26	Madhulika_Dwija	SRYXDNS	SNDXYRS
26	Maravi_Dwija	SGYXNS	SNDXYGRS
26	Marupi_Dwija	SGYXNS	SNDXYGRS
26	Raga Chudamani_Dwija	SRGYXS	SNDYGRS
26	Raga Kesari_Dwija	SGYDNS	SNXYGRS
26	Saman_Dwija	SRGYXNS	SNDYGRS
26	Sarva Bhauma_Dwija	SGYXDS	SNDXYGRS
26	Sathi Resam_Dwija	SRYXDNS	SNDXYGRS
26	Simhelavarali_Dwija	SRGYXYDNS	SDXYGYRS
26	Soma Pratapa_Dwija	SXYDNS	SNDXYGRS
26	Sukra Jyothi_Dwija	SRGYXDNS	SNXDYGRS
26	Survakam_Dwija	SRGYGRYX	NDNXS
26	Thunga Naga_Dwija	SRGYXDNS	SNDXYRGYRS
26	Wariar_Dwija	SRYXNS	SNDXYRS
62	Abra Kethi_Dwija	SGXYDNDS	SGXYDNDS
62	Angayarkanni_Dwija	SRXYS	SDYXGRS
62	Aramba Desi_Dwija	SGXYDNDS	SDNYXGS
62	Brindavana Desakshi_Dwija	SRGXYXDS	SDYXGRS
62	Bringa Dwani_Dwija	SGXYDNS	SNDYXGS
62	Gangai Priyan_Dwija	SRGXYDS	SNYXRS
62	Gokula Murthi_Dwija	SRGYDS	SNDYXGRS
62	Jothispathi_Dwija	SRGXYS	SNDYXGRS
62	Jouda Gandhari_Dwija	SRGXYDS	SNDYXGRS
62	Kanaka Nasamani_Dwija	SRGRXYDNS	SNDYXGRS
62	Manimanda_Dwija	SRGXYDNS	SNYDXGRS
62	Mega Bandhu_Dwija	SRXYNS	SNDYXDXGRS
62	Mukthamani_Dwija	SRGRGXYDNS	SNDYXGRS
62	Muktha Vali_Dwija	SRGXYNDS	SNDYXGRS
62	Nediyone_Dwija	SRGXYDS	SDYXGRS
62	Om Suddha Ragam_Dwija	SGXYNS	SDYXGRS
62	Padmakanthi_Dwija	SRGXYDNS	SNYXGRS
62	Parvatham_Dwija	SRXYNS	SDYXGS
62	Purna Supura_Dwija	SRGXYNS	SNYDYXRS
62	Rathi Priya_Dwija	SRGXYDNS	SNDYXGRS
62	Rathna Bhanu_Dwija	SRGXGRXY	NDNS
62	Rushabha_Dwija	SGRGXYDNS	SNDYXGRS
62	Ruchi Ramani_Dwija	SGXYDNDS	SDYXGRS
62	Sivanayaki_Dwija	SRXYDNS	SDYXGRS
62	Soma Manjari_Dwija	SRXYDNDS	SNYXRGRS
62	Sri [ouda Gandhari_Dwija	SRGXYDS	SNDYXGRS
62	Suddha Uttari_Dwija	SRGXYD	DYXGRSN
62	Sureswari_Dwija	SRGYDNS	SNDYXYGRS
62	Thejovathi_Dwija	SRXYDNS	SNDYXRS
62	Varadhan_Dwija	SRXYDNS	SNDYXGS
62	Vijaya Kosala_Dwija	SRGXYS	SNYXGS
62	Vijaya Gothrari_Dwija	SRGXYDNS	SNDYXGRS
27	Arga Yoga_Dwija	SRGYXDNS	SDXYGRS
27	Bhanukirani_Dwija	SGYDNS	SNDXYGRS
27	Bhoga Leela_Dwija	SYGYXDNS	SNDXGRS
27	Binna Gandhari_Dwija	SRGYXDN	DXYGYRS
27	Deva Kurinji_Dwija	SRGYXDNS	SNDYGRS
27	Deva Ranjini_Dwija	SRGYXDNS	SXNDYGRS
27	Dlnakara Ganthi_Dwija	SYGYXS	SNDXYGS
27	Dhivya Ganthi_Dwija	SRYDNGXS	SNDXYGRS
27	Dhivya Panchamam_Dwija	SRGYXNS	SNDXYGRS
27	Dhwajathi Kriya_Dwija	SRGYXS	SNXYGYRGRS
27	Hari Priya_Dwija	SRGYXS	SNDXYGS
27	Jalaja Vasini_Dwija	SGYXNS	SNDXYRS
27	Kadana_Dwija	SYXDNS	SNDXYS
27	Kacha Raga_Dwija	SRGXDNS	SDXYRS
27	Kedara Chaya_Dwija	SRGYXDNS	SNDXYRS
27	Kedara Nata_Dwija	SRGYXNXS	SNXYGRS
27	Kesara Nata_Dwija	SRGYXNS	SNXYGRS
27	Kurinji Chaya_Dwija	SRGYXDNS	SNDXYGRS
27	Kusuma Priya_Dwija	SRGYXDNS	SNXYGRS
27	Kushya_Dwija	SRGYXNS	SNXYGRS
27	Madhu Kari_Dwija	SYGYXDN	XYGRSNS
27	Madhurya_Dwija	XNSRGYX	YGSNDX
27	Manabharanam_Dwija	SRGXYDNS	SNDXYGRS
27	Manimaya_Dwija	SNSRGYXD	XYGRSNS
27	Manjula_Dwija	XSNSRGYX	YGRSNDX
27	Marga Badra_Dwija	SGYXNS	SDXGRS
27	Nadha Priya_Dwija	SYGYXDNS	SNXYGS
27	Nadha Swarupi_Dwija	SGYXYDNS	SNDXYGRS
27	Nadha Vinodini_Dwija	SRGYXDNS	SNSDXYGRS
27	Nagha Bharani_Dwija	SRGXYRYXS	SDXYGRS
27	Nalina Kanthi_Dwija	SGRYXNS	SNXYGRS
27	Nalina Shanthi_Dwija	SRGXNS	SDXYGRS
27	Nayana Ranjani_Dwija	SRGYXDXNS	SNXNDYGRS
27	Neela Mani_Dwija	SRYXDNS	SNDXYRS
27	Padma_Dwija	SRGYXDNS	SNDXYGS
27	Pannavardhani_Dwija	SRGYXDNS	SNDXYXGYRS
27	Rama Chudamani_Dwija	SGYXNS	SNXYGRS
27	Ramya Bhashini_Dwija	SGYRGY	XDNS
27	Ranga Manohari_Dwija	SGYXDNS	SNDXYGRGS
27	Ratna Bharani_Dwija	SRXDNS	SNDXGS
27	Ratna Jwalitha_Dwija	SRXDNS	SNXGS
27	Ratna Mani_Dwija	SYGYRGY	XDNS
27	Samantha_Dwija	SRGYXDNS	SNDNXYGRS
27	Samaraga_Dwija	SRYXYDS	SDXYGRS
27	Sama Varali_Dwija	SRYXDNS	SNDXYGRS
27	Saranga_Dwija	SRGYXDNS	SNDXYRS
27	Saranga Kapi_Dwija	SRXYRX	RYXNS
27	Saranga Nata_Dwija	SRYXDS	SNSDXYGRS
27	Sarasa Priya_Dwija	SRYGYXDNS	SNXDYGRS
27	Saraswathi_Dwija	SRYXDS	SDNXYGRS
27	Saraswathi Manohari_Dwija	SRGYDS	SNDXYRS
27	Sayana Ranjani_Dwija	SGYXDXNS	SNXNDYGRS
27	Simhavahini_Dwija	SGYXDNS	SNDXYGRS
27	Sruthi Priya_Dwija	SRGXDNS	SNDXYGRS
27	Suru Sena_Dwija	SRYXDS	SNDYGRS
27	Suthra Dhari_Dwija	SRYXDS	SDXYRS
27	Suthakara Priya_Dwija	SGYDS	SNXYRS
27	Tharalam_Dwija	SRGXDNS	SNDXGRS
63	Adhipathi_Dwija	SRGYNS	SDYXGRS
63	Badari Vasantham_Dwija	SRGXNS	SNDYDNDX
63	Badra Vazhai_Dwija	SXGXYNDS	GRGXGS
63	Bhoop Kalyani_Dwija	SRGYDS	SNDYXGRS
63	Bhinna Nishadam_Dwija	SNSRGXYDN	YXGRSNS
63	Chandradhari_Dwija	SGXYXRYS	SNDYGS
63	Chatradhari_Dwija	SGXYXRYS	SNDYXGRS
63	Chitra Chandrika_Dwija	SGRXYNDS	SNDXGRS
63	Daana Ranjani_Dwija	SRGXYDYS	SDYSNSD
63	Dhathu Priya_Dwija	SRYXYDS	SNDYXGXRS
63	Dhatthiri_Dwija	SRXYDNS	SNDYXRS
63	Gananayaki_Dwija	SGXNDYDNS	SNDYXGRS
63	Ganana Priya_Dwija	SRGXYXGRS	SDNYXGRS
63	Gothrari_Dwija	SRXYDS	SNDYXGRS
63	Govinda Dhanyasi_Dwija	SRGXYDS	SDYXGRS
63	Guru Dasan_Dwija	SRXYNS	SDYXGS
63	Hamsa Latha_Dwija	SRGYNS	SNDYXGRS
63	Janakari_Dwija	SRGXYNDS	SDYXRGRS
63	Jana Ranjani_Dwija	SGRXYDNS	SNDYXRS
63	Kaddalam_Dwija	SXYDNS	SNDYXS
63	Kala Nirnika_Dwija	SGXYNDS	SYXGRS
63	Karunakari_Dwija	SXYDNDS	SNDYXS
63	Komali_Dwija	SRGXYNDXYS	SDNXGRS
63	Kuberan_Dwija	SRXYS	SDYXRS
63	Kuber Priya_Dwija	SRGYNS	SDYXGS
63	Lathamani_Dwija	SRGXYDNS	SNDXGRS
63	Leelavinodhini_Dwija	SRGXYDNDS	SNDYXGRS
63	Mangala Nayaki_Dwija	SRXYNS	SNYXGRS
63	Mayura Giri_Dwija	SRGXYDNS	SDYGRS
63	Mukunda Kalyani_Dwija	SRGXYDNS	SDYXGRS
63	Mukurangi_Dwija	SGXNDNS	SNDYXGXRS
63	Padmavathi_Dwija	SRGXYDS	SRXYDNS
63	Peruran_Dwija	SRGYNS	SNDYXGRS
63	Purna Kousikam_Dwija	SRXYXNDS	SNYXGRSN
63	Purna Nishadam_Dwija	YDNDSRGX	YXGSRSNDY
63	Ramani_Dwija	SGXYNS	SNDYXGS
63	Ratna Kanthi_Dwija	SRGXYNS	SNYXGRS
63	Ravi Swarupi_Dwija	SGXYDNS	SNDYXGS
63	Sajjana Nanda_Dwija	SRGXYDNS	SNDYXGRS
63	Sarangapani_Dwija	SRGXYDNS	SDYXRGXRS
63	Sara Bindhu_Dwija	SGRYDNDS	SNDNYXGS
63	Sarasa Mandini_Dwija	SRGXYDNS	SYXGRS
63	Satputri_Dwija	SGXYXRYS	SNDYXGRS
63	Shadvidha Swarupini_Dwija	SGRGXNS	SNDYXGRS
63	Skanda Manorama_Dwija	SRXYNS	SNYXRS
63	Slokavarali_Dwija	SRGXDNS	SDNYXGRS
63	Sri Padmavathi_Dwija	SRGXYS	SNDYXGRS
63	Sri Ramani_Dwija	SGXYNS	SDYXGRS
63	Sri Vedagiri_Dwija	SRGXYNS	SDYXGRS
63	Srungara Murthi_Dwija	SRGXYNS	SNDYXGRS
63	Subra Vahini_Dwija	SRGXNS	SNYXGRS
63	Suddha Kalanidhi_Dwija	SGYDND	YXGRSNS
63	Sujana Ranjani_Dwija	SGRXYDNS	SNDYXRS
63	Vedagiri_Dwija	SGYXDNS	SGXYDNS
63	Vegamalini_Dwija	SRXGXYDS	SNDYXDXR
63	Veeran_Dwija	SRGXYDS	SNYXRS
28	Alakavali_Dwija	SRYXDS	SNDXYGRS
28	Amaravali_Dwija	SRGYDS	SNDXYGRS
28	Amrutha Lakshmi_Dwija	SRGXYXNS	SNDXYGS
28	Andhali_Dwija	SRYXNS	SNXYRGYRS
28	Andhali Kurinji_Dwija	SRYXDS	SDXYGRS
28	Angalatha_Dwija	SGRGYXDNS	SNDYRS
28	Arga Vardhani_Dwija	SRGYXS	SNDXYGS
28	Aruna Kantha_Dwija	SRYXYDNS	SNDXYDYGRS
28	Atana_Dwija	SRGXDNS	SNDXYXGRS
28	Balahamsa_Dwija	SRYXDS	SNDXYRYGS
28	Bahurupi_Dwija	SGYDXDNS	SNXYGS
28	Bangala_Dwija	SRGYXS	SNXYRGRS
28	Bavasindhu_Dwija	SRGXDNS	SNXYGYRS
28	Bavya Leela_Dwija	SGYDNS	SNDXYGS
28	Behag_Dwija	SRGYSGYXN	SNXDNDXYGR
28	Bilahari_Dwija	SRGXDS	SNDXDNXDXY
28	Bilaval_Dwija	SGYXDNS	SNDXYGS
28	Bhinna Vikriyam_Dwija	SRGYXDS	SXYRS
28	Bhogi Bhairavi_Dwija	SRGYXNDNS	SDXYRGRS
28	Bhushani_Dwija	SGRGYXDNS	SNDXYGRS
28	Chandra Kala_Dwija	SRGYXYDNS	SDXYGS
28	Chakari_Dwija	SRGXNDS	SNDXYGRS
28	Champak_Dwija	SRYXDS	SNDXYRYGS
28	Champaka Vidhari S M G M P N D M_Dwija	SNDNYDYG	XDNS
28	Chandra Sri_Dwija	SRGYXDNS	SNDXYGRS
28	Chandrikya_Dwija	SGYXDNS	SNDYRGRS
28	Chaya Kambhoji_Dwija	SGXDNDS	SNDXGS
28	Chaya Tarangini_Dwija	SRYGYXNS	SNDXYGRS
28	Chenchudhatani_Dwija	SYGRSXYDNS	SDXNYGRS
28	Chenchu Kamboji_Dwija	SGRGYXY	DNXNDNS
28	Dankamani_Dwija	SRGYDNS	SXYGYRS
28	Darardhari_Dwija	SRGXDNS	SNDXGRS
28	Daya Ranjani_Dwija	SRYXDS	SNDYGS
28	Dayasyani_Dwija	SRYXNDNS	SNDYGRS
28	Desi_Dwija	SRYXNS	SNDXYGRS
28	Dhanu Pratapa_Dwija	SGYXDNS	SNXYRS
28	Dhasarathi Priya_Dwija	SYGYXDNDS	SNDXYGYRS
28	Dhasu Mukhi_Dwija	SRYGYXDNS	SDXYGRS
28	Dhatu Manjari_Dwija	SRGYXDS	SNXYRS
28	Dhesakshi_Dwija	SRGXDS	SNDXYGRS
28	Dhesya Kamas_Dwija	SYGYXDNS	SNDXYGS
28	Dheva Gupta_Dwija	SRGYXDNS	SDXYGS
28	Dheva Ghosha Priya_Dwija	DNSRGYXD	DXYGRSND
28	Dheva Ranjani_Dwija	SRGXDS	SDXYGRS
28	Dhinakaran_Dwija	SYXDNS	SDXGRS
28	D hivyamavathi_Dwija	SGYXDNS	SNDXYGS
28	Dhombi_Dwija	SRGYXDS	SDXYGRS
28	Dhuritha Nivarini_Dwija	SGRGYXYDS	SNDXYGRGS
28	Dhurth Kyaya_Dwija	SRYXDS	SNXYRGYRS
28	Dwaitha Paripurni_Dwija	SRGYXDN	XYRYGSNS
28	Daivata Chandrika_Dwija	SRGYXDS	SDXYGRS
28	Dwandhothpala_Dwija	SGYXNS	SNXDXYGRS
28	Dwithanandi_Dwija	SRGYXS	SNDNXYRS
28	Ekagrani_Dwija	SRGXDNS	SNDNXYGYRS
28	Esa Manohari_Dwija	SRGYXDNS	SNDXYRYGRS
28	Ganandholika_Dwija	SGYDNS	SNDXYGRGS
28	Gana varidhi_Dwija	SGYXNS	SNXYRS
28	Gandhara Thola_Dwija	SRYXDS	SNDXYGYGRS
28	Gandhara Panchamam_Dwija	SRYXNS	SNDXYGRS
28	Gangaradhwani_Dwija	SRGYXNS	SNDXYRS
28	Gavathi_Dwija	SYXNS	SDYXGYRNS
28	Giridhara_Dwija	SRGYXNS	SNDXYRGYRS
28	Gomandala_Dwija	SRGRYXNDXS	SNDXYGRS
28	Guha Ranjani_Dwija	SRSYXDNS	SNDNXYGS
28	Gurunatha Priya_Dwija	SRYXDS	SNDYGRS
28	Hamsa Sreni_Dwija	SRGXDS	SNXYGS
28	Hamsa Rupini_Dwija	SRGXDS	SNXYRS
28	Haridhasa Priya_Dwija	SXYGYXNS	SNDNXYGRS
28	Haridharba_Dwija	SRGYXDNS	SDXYRS
28	Harikedar_Dwija	SRGYXNSNS	SNSDNDXY
28	Harini_Dwija	SGYXDNDS	SNSNDXY
28	Hataka Varali_Dwija	SRYXDS	SNDXYGRS
28	Hema Mandara_Dwija	NDNSRYGY	DXYGYRS
28	Hema Saranga_Dwija	SRGYXDNXDXS	SXYGRS
28	Hitha Priya_Dwija	SRGYDNS	SNDNXYRYGS
28	Hrungara Dhwani_Dwija	SRGYXNS	SNDYGRS
28	Indhu Kannada_Dwija	SRGYXS	SNDXYGRS
28	Indhu Kausika_Dwija	SRGYXDNS	SDNXDYGR
28	Jajalika_Dwija	SGYXNS	SNXYGSRS
28	Janasammodhini_Dwija	SRGXDS	SDXGRS
28	Janjuti_Dwija	DSRGYXDN	DXYGRSND
28	Janudwaya_Dwija	SRGYNS	SDXYGRS
28	Jaya Rama_Dwija	SRGYXDNS	SNDXYGS
28	Jaya Sekara_Dwija	SRGYXDNS	SNDXYNDYGR
28	Jogi Bairavi_Dwija	SRGYXNDNS	SDXYRGRS
28	Jujavanthi_Dwija	SRYGYXDNS	SNDXYGRGS
28	Jujahuli_Dwija	SYGYXDNS	SNDXYGS
28	Jushan Gada_Dwija	SRGYXNDS	SDYGS
28	Kalabharana_Dwija	SRGYXDNS	SDXGRS
28	Kamaji_Dwija	SRGYXDNS	SYGYXDNS
28	Kamala Mohana_Dwija	SRYXNDS	SDXYGRS
28	Kampavathi_Dwija	SRGYXDS	SRYGXDNDS
28	Kanaka Chandrika_Dwija	SRGYXDNS	SNDXYGRS
28	Kannada_Dwija	SRGYXDNS	SNDXYGRS
28	Karanjakam_Dwija	SRYXNS	SYXDNS
28	Karanjini_Dwija	SRGYXDSNS	SNDXYGSN
28	Karnataka-_Dwija	SRGYXDNS	SNDNXYGRGS
28	Karnataka Gaula_Dwija	SRYXNS	SNDXYGRS
28	Kedara Gaula_Dwija	SRYXNS	SNDXYGRS
28	Kokila Dhwani_Dwija	SRGYDNDS	SNDNXYGRS
28	Kokila Varali_Dwija	SRYXDS	SNDYXYGRGS
28	KulaPavithri_Dwija	SGYDXNS	SNXYRS
28	Kumara Dhyuthi_Dwija	SGYNDNS	SNDXRS
28	Kurinji_Dwija	SRGYXDNS	SNDXYGRS
28	Kuthuhalam_Dwija	SDXRYNS	SNDXYGRS
28	Lavanya_Dwija	SGYXDNS	SDYXGYRS
28	Lolamba_Dwija	SYXDNS	SNXGRS
28	Madanambari_Dwija	SGYNDNXDNS	SDXYXGRS
28	Madhya Kokila_Dwija	SRXDN	DXRS
28	Malar_Dwija	SRYXNS	SNDXYGRS
28	Mahati_Dwija	SGXNS	SNXGS
28	Malavi_Dwija	SRGYXNYDNS	SNDNXYGYRS
28	Malkali_Dwija	SGYDNS	SNDYXYGS
28	Manoharan_Dwija	SRYXS	SNDXYGS
28	Mannankari_Dwija	SGYNDNXDNS	SDXYXGRS
28	Marga Jayanthi_Dwija	SRYGXDNS	SDXYGYRGYS
28	Marla_Dwija	SRYDNS	SNDXYGRS
28	Mattha Bhavali_Dwija	SRYGRXDNS	SNDYGRS
28	Mattha Kokila_Dwija	SRXDNDS	SDNDXRS
28	Mayura Saveri_Dwija	SGYXDNDXS	SNDXYGRS
28	Mohanam_Dwija	SRGXDS	SDXGRS
28	Mudhumagan_Dwija	SRGXDNS	SNDYRS
28	Nagakurinji_Dwija	SGYXDNS	SNDNXYGS
28	Nagaswarali_Dwija	SGYXDS	SDXYGS
28	Nandhini_Dwija	SRGYXNS	SNDYGS
28	Narthaki_Dwija	SRGXDNS	SNDXGRS
28	Natana Mohanam_Dwija	SGXDNS	SDXGRS
28	Natanarayani_Dwija	SRGSRYXDS	SDXYGRS
28	Natanavathi_Dwija	SRYXDS	SRYXS
28	Nattakurinji_Dwija	SRGYDNXDNS	SNDYGS
28	Natta Mallaru_Dwija	SGRYXDS	SNDXYRGRS
28	Navarasa Kannada_Dwija	SGYXS	SNDYGRS
28	Neelambari_Dwija	SRGYXDNXS	SNDXYGRGS
28	Neela Prabha_Dwija	SRGYXDNS	SNDYXYRGR
28	Nirvika Modha_Dwija	SGYXNDNS	YGRS
28	Nruthya Kausika_Dwija	SRGYXNS	SNDXYDYGRS
28	Padmini_Dwija	SRYXDNS	SNDXYRS
28	Pasupathi Priya_Dwija	SRYXYDS	SDXYRYS
28	Pavana Vasantha_Dwija	SYGYXDNS	SNXDNXYRY
28	Palaranjani_Dwija	SGXDS	SNDXYGYRS
28	Prabhoda Kada_Dwija	SRGYXDNS	SNYGRGS
28	Pratapa Natta_Dwija	SRGYDXDNS	SNDXYGS
28	Pratapa Rudri_Dwija	SYGYXDNS	SNXYGYRS
28	Pravala Jyothi_Dwija	SRYXDNS	SNDNXYGS
28	Punnaga Lalitha_Dwija	SYGYXDNS	SNXYGYGRS
28	Purna Kambhoji_Dwija	SRGYXDS	SDXYGRS
28	Raga_Dwija	SGYXNS	SNDXYGRS
28	Ragamanjari_Dwija	SRYXNDS	SNDYRS
28	Raga Pancharam_Dwija	SRYXDNDS	SNDYRS
28	Raga Pratapa_Dwija	SRGXDNS	SNDXGRS
28	Ranga Kausthuba_Dwija	SRYGYXDXS	SNDXYGRS
28	Rasalini_Dwija	SRGYXYDNS	SDXNYGRS
28	Ratnakari_Dwija	SGYXNDNS	SNDXYRS
28	Ratnajyothi_Dwija	SGYXNS	SNDGRS
28	Rolamba Dhwani_Dwija	SRXDNS	SNDXRS
28	Rolamba_Dwija	SYXDNS	SNYGRS
28	Ruhakam_Dwija	SRYXDS	SNDXYGRS
28	Sakunthalavarali_Dwija	SYXDNS	SNDXYGS
28	Sallalasa_Dwija	SRGYXDNS	SNDYRGYGS
28	Sala Keeka_Dwija	SRGYXN	DXYGSND
28	Sama_Dwija	SRYDXDS	SDXYGRS
28	Sampurna Natakurinji_Dwija	SRGYXDNS	SNDYGRS
28	Sanchalitha_Dwija	SRGYGXNDN	SNDNXDYX
28	Sanjeevini_Dwija	SGYXDNS	SNDXYRS
28	Sarasa Chintamani_Dwija	SRGXYDNS	SNDXYDYGRS
28	Saraswati_Dwija	SRGYDS	SGYXDS
28	Saravilambi_Dwija	SGYXNS	SNDXYGRS
28	Sardhula Manjari_Dwija	SRYXNS	SNXYGRS
28	Sathvamanjari_Dwija	SRYXDS	SNDXYNDYRS
28	Saurashtram_Dwija	SRXGYXDNS	SDXYGRS
28	Selvamani_Dwija	SGYXDS	SDXYRS
28	Sevvazhi (Yadu-_Dwija	SRYXDS	SNDXYGRS
28	Shatju Kambhoji_Dwija	SYRSXYDNS	SNXNYGRS
28	Shobavati_Dwija	SRYXNS	SDXYGRS
28	Simha Vikrama_Dwija	SRGRYXDXNS	SNDXYGRS
28	Sindhukannada_Dwija	SYGYRGYX	DXS
28	Sivachudamani_Dwija	SRYXDNS	SDXGS
28	Sochikabaranam_Dwija	SGXNS	SNDXYGRS
28	Srikala_Dwija	SRGRYXNS	SNDXDYGRGS
28	Sri Savithri_Dwija	SGYXNS	SNDYGRS
28	Sri Surati_Dwija	SRYXNS	SNXYGYRS
28	Sri Uzhaimarutham_Dwija	SRGXDNS	SNXYRS
28	Srungi_Dwija	SRYXDNS	SXYGRS
28	Subhoshini_Dwija	SRSYXNDS	SDNXYRYS
28	Sudha_Dwija	SRYXDS	SNDXYRS
28	Suddha Ganta_Dwija	SRYXNS	SDXGRS
28	Suddha Varali_Dwija	SRGYDNS	SNDNXYGS
28	Suddha Sanchari_Dwija	SRGYXDXNS	SNDXYGYRS
28	Sugandamarutha_Dwija	SRGYNDY	XDNS
28	Sumana Priya_Dwija	SRGYGXDXS	SDXXGYRS
28	Sura Bairavi_Dwija	SRXYXDNS	SNDXYS
28	Surabi Priya_Dwija	SRGXNS	SNDXYGRS
28	Surati_Dwija	SRYXNSNDNS	SNDXYGXYRS
28	Suvarna Deepika_Dwija	NSRYXNS	SGYXDNS
28	Suvarna Kriya_Dwija	SRGXNDS	SNXGRS
28	Swara Vali_Dwija	SRGYXNDNXS	SRGYXNXS
28	Swara Vedi_Dwija	SYGYXNDNS	SYGYXNDNS
28	Syamandholana_Dwija	SRYDNXNS	SNXDXYGRS
28	Thayala Kamas_Dwija	SYGYXDNSNS	SNDXYGRGS
28	Thillang_Dwija	SGYXNS	SNXYGS
28	Thiru Kandan_Dwija	SGXDNS	SNDXGS
28	Thrana Sobhi_Dwija	SRYXDNS	SNDNXYGS
28	Thyagan_Dwija	SGYNS	SDXYGRS
28	Umabaranam_Dwija	SRGYXDNS	SNXYRGYRS
28	Uzhai Marutham_Dwija	SRGXDNS	SNXYRS
28	Vallabhi_Dwija	SRGYXDNS	SNDNDXY
28	Vagvilasitha_Dwija	SGRGYXDNS	SNDXYGYRS
28	Valaji_Dwija	SGXDNS	SNDXGS
28	Varnakurinji_Dwija	SRGRXDNS	SNDXYGRS
28	Varna Deepika_Dwija	SGYXDNS	SNDNXYRGYRSX
28	Vidasandhohini_Dwija	SRGYXNDS	SNDXYRS
28	Vijaya Vardhini_Dwija	SRGYXDNS	SNDYGYS
28	Viji Kalitha_Dwija	SGRYGRXDNS	SNDXYGSRS
28	Vivardhini_Dwija	SRYXS	SNDXYGRS
28	Vedaghosha Priya_Dwija	DNSRGY	XYGRSNDNX
28	Veena Vadhini_Dwija	SRGXNS	SNXGRS
28	Yadhukula Kamboji_Dwija	SRYXDNDXDS	SNDXYGRS
28	Yuvaratna_Dwija	SRGYXYDN	SNDXYRGYRS
64	Baladhayaki_Dwija	SGYXDNS	SDNYGXGRS
64	Bhagavatha Ranjana_Dwija	SRXYDNS	SNDYXGRS
64	Bhogeswari_Dwija	SRGYDNDS	SNDYXGRS
64	Damayanthi_Dwija	SGXYS	SNDYXGRS
64	Dakshayani_Dwija	SRGXYDNS	SNDXGRS
64	Devamritha Vahini_Dwija	SGXYNDNS	SNDNYXGRS
64	Devakunjari_Dwija	SRGYDS	SNDYXGRS
64	Gagana Mohini_Dwija	SGYDNS	SNYXGS
64	Hiradhini_Dwija	SGXYNS	SNYXGS
64	Hira Dharini_Dwija	SGXYDS	SDYXGS
64	Jaga Bharanam_Dwija	SRXGXYDNS	SNDYXGXRS
64	Jaganmohini_Dwija	SGYNS	SNDYXGRS
64	Jalodharam_Dwija	SRGXYDNS	SNDNYGXGRS
64	Kalyani_Dwija	SRGXYDNS	SNDYXYGRS
64	Kamala Vurdhi_Dwija	SXYDNS	SNDYXS
64	Kethaka Priya_Dwija	SGXYNS	SNDYXGRS
64	Kiradharini_Dwija	SGXYDS	SDYXGS
64	Kubja Viratha_Dwija	SRGXYDNS	SNDYXRS
64	Kutumbini_Dwija	SGXDYDNS	SNYXGRS
64	Lathi Kanthi_Dwija	SGXDNS	SNDYXYXGRS
64	Mangala Kari_Dwija	SRYXYDNS	SNDYXSRS
64	Mukti Dayini_Dwija	SRYXYDNS	SGXYDNS
64	Pancha Murthi_Dwija	SYXYDNS	SYXYDNS
64	Parimalanandi_Dwija	SRGYXDNS	SNYXGS
64	Pasa Narayani_Dwija	SGXYNDNS	SNDYXGRS
64	Ramavathi_Dwija	YNDNSRGX	SNDNSRGX
64	Ratnambari_Dwija	SGXDNS	SNDYXRS
64	Samantha Sikamani_Dwija	SGXYXDNS	SNDYGS
64	Saradindhu Mukha_Dwija	SGXYNDNYS	SNDYXGRS
64	Sarasuvathi_Dwija	SRXYDS	SNDXGRS
64	Simhaswarupi_Dwija	SGXDNS	SNYXGS
64	Sri Brindavana Saranga_Dwija	SRXYNS	SNYXRS
64	Sri Ketaka Priya_Dwija	SGXYNS	SNDYXGRS
64	Sri Ratnambari_Dwija	SGXYS	SNDYXRS
64	Suryaka Madhyamam_Dwija	SRXYNDS	SNDYXGRS
64	Thandholika_Dwija	SRXYNDS	SNDYXGRS
64	Tharuni Priya_Dwija	SGRGXYNDS	SNYXRS
64	Triveni_Dwija	SRXYDNS	SNDYXRS
64	Uttari_Dwija	SGXYDNS	SNDXGS
64	Vatsam_Dwija	GXYDNS	SNDYXS
64	Venkatachalan_Dwija	SGXYDS	SNDYXGRS
64	Vidhya Mali_Dwija	SGRGXYNDNS	SYXGRS
64	Vijaya Bharani_Dwija	SRGXYDNDS	SNDYXGRS
64	Vijrumbini_Dwija	SGYNDNS	SNDNYXGRS
29	Amritha Lahari_Dwija	SGRYXNS	SNDXYGRS
29	Ananda Lahari_Dwija	SRGYXDNXS	SNXYGRS
29	Ananda Mukhi_Dwija	SYGYXDNXS	SNDXYGRS
29	Ananda Rupa_Dwija	SRGXDNS	SNDXGRS
29	Asampada_Dwija	SRSYXDNDS	SNDXYGSRS
29	Badragandhari_Dwija	SRYXNS	SNDYGRS
29	Bala Manjari_Dwija	SGYDS	SNDYXYGRS
29	Bandhu_Dwija	SRGRYXS	SNDXNDYGRS
29	Baava Bharanam_Dwija	SRXDNS	SNDYGRS
29	Begada_Dwija	SGRGYXD	NDXS
29	Bhanutha_Dwija	SYGYXDNS	SDXYGRS
29	Bidal_Dwija	SGRGRYXY	DRDXNS
29	Binavikriarn_Dwija	SRGYXDS	SNDXRS
29	Biyandai Gandharam_Dwija	XDNSRGYX	XYGRSNDX
29	Boap Kalyan_Dwija	SRGXDS	SNDXYGRS
29	Bhudha Manohari_Dwija	SRGYSYS	SXYGRS
29	Bhudha Ranjani_Dwija	SRGYXS	SNXYGYRS
29	Byag_Dwija	SRGYSGYXNSSNXDNDX	YGRS
29	Chandra Kauns_Dwija	SGYXDNS	SGYXDNS
29	Chandra Kausika_Dwija	SRGYXYDNS	SDXYGS
29	Chara Vibhashini_Dwija	SRYXYNDNS	SNXGRS
29	Chaya-_Dwija	SRYXYDNS	SRYXYDNS
29	Chevvalli_Dwija	XNDNS	SRGXNS
29	Chengalvarayan_Dwija	SGYXNS	SNDXYGRS
29	Chitta Mohini_Dwija	SRGYXDNS	SNXYRS
29	Choodamani_Dwija	SRGYXDNS	SXNDYGS
29	Dhadhyomathi_Dwija	SRGRYGY	SNXYGRS
29	Dhandapani_Dwija	SRYXNS	SNDYRS
29	Dharbakoleela_Dwija	SRYXDNS	SDXGYRS
29	Dharani Manohari_Dwija	SRGYXNXS	SNDNXYGYRS
29	Dharmalaki_Dwija	SYXDNS	SNDXS
29	Dhamalaki_Dwija	SYXDNS	SNDXYS
29	Dhruta Vardana_Dwija	SGYXDS	SNDXYRGRS
29	Devasraya_Dwija	SRYXDS	SDXYRS
29	Dheva Saveri_Dwija	SRYXNDS	SNDXYGRS
29	Dheva Nayaki_Dwija	SRYXDS	SNXYGS
29	Dhurvangi_Dwija	SRYXDS	SNXDXYGRS
29	Durga_Dwija	SRYXDS	SDXYRS
29	Dwajonnatha_Dwija	SRGYDNS	SXYGRS
29	Dwijakriya_Dwija	SRGYXS	SXYGYRGRS
29	Ekamban_Dwija	SGXDS	SDXGS
29	Elaprabhavam_Dwija	SRGYXDNDS	SNDXYRGRS
29	Gajavardhana_Dwija	SGYDNS	SDXYGRS
29	Gamana Bhaskara_Dwija	SRGYXDXNS	SDXYGS
29	Gana Lolam_Dwija	SRGYXNS	SNXDXYGYRS
29	Gana Tarangini_Dwija	SRYXDNXS	SXNDYGS
29	Gandharam_Dwija	XDNSRGYX	XYGRSNDX
29	Garuda Dhwani_Dwija	SRGYXDNS	SDXGRS
29	Gayaka Ranjani_Dwija	SRGYXDS	SDXYGRS
29	Gaja Gowri_Dwija	SRYGYNXDS	SNDYXYGRS
29	Gauda Sarang_Dwija	SGRYGXRS	SDXYGYGRY
29	Gauda Malak_Dwija	SRGYGYXDNS	SNDXYGRS
29	Gauda Mallar_Dwija	SRYXDS	SNDYGRS
29	Grandha Tarangani_Dwija	SRYXDS	SGRGYXDNS
29	Grihanambari_Dwija	SRGYXDNS	SNDXYRS
29	Hamsadwani_Dwija	SRGXNS	SNXGRS
29	Hamsa Nibhogi_Dwija	SRGYXDNS	SNDYGRYGS
29	Hari Prakasa_Dwija	SRGRGXNS	SNDXYGRS
29	Hemant_Dwija	SGYDNS	SDXYGYRS
29	Hindustham Behag_Dwija	SGYXNDNS	SNDXYGRS
29	Huthamathi_Dwija	SRYXDS	SNDXYDYGS
29	Indra Bharanam_Dwija	SRGXDNS	SNDXYGRS
29	Indra Vamsa_Dwija	SGYDNS	SNXDYGRS
29	Indra Vardhana_Dwija	SRGYXDNXS	SDYGRS
29	Jagan Manohari_Dwija	SGYXDNS	SDXYGRGS
29	Jambu Kriya_Dwija	SGRYXNS	SNXNYGRS
29	Jajivasantha_Dwija	SRGYXDNS	SDXYRGS
29	Jalodadi_Dwija	SRYXNS	SDXYRGYRS
29	Janonnadi_Dwija	SRGXDNXS	SNXDXYGRS
29	Jalaprabhava_Dwija	YXDNSRGY	YGRSNDXY
29	Jangla Raga_Dwija	NDNSRGYXDN	DXYGRSNDNS
29	Janasa Ranjani_Dwija	SRGYXNS	SDXYRS
29	Jalavu_Dwija	XNSRGYX	XYGRSNS
29	Julavu_Dwija	XDNSRGYX	YGRSNDXY
29	Jutalaka_Dwija	SRGYXDS	SNDXGRS
29	Kamala_Dwija	SGYDNS	SNXYGYRS
29	Karnataka Kannada_Dwija	SGYDNS	SDXYGYRS
29	Krandha Tarangini_Dwija	SGRGYXDNS	SDNXYRS
29	Kedaram_Dwija	SYGYXNS	SNXYGRS
29	Keervanapriya_Dwija	SRGYDS	SNDXYGRS
29	Kiranda Tharangini_Dwija	SGRGYXDNS	SDNXYGRS
29	Kokila Bhashini_Dwija	SRGYXDNS	SNXYGYRS
29	Kokilam_Dwija	SRGXDNS	SNDXGRS
29	Kolahalam_Dwija	SXYGYXDNS	SNDXYGRS
29	Kolikavichitra_Dwija	SRGRYXDS	SNDXDYND
29	Kolli_Dwija	XDNSRGYX	XYGRSNDX
29	Kolli Kappanam_Dwija	XDNSRGYX	XYGRSNDX
29	Kshepa_Dwija	SRGYXNS	SNYGRS
29	Kumara Vilasitha_Dwija	SYGYDN	SNDXYDYGRS
29	Leelatarangini_Dwija	SGXNS	SNDXGS
29	Madanojwala_Dwija	SRGYXYDNS	SDXYXGRS
29	Madhrudhruma_Dwija	SRYGYXNS	SNDXYGRS
29	Mahurim_Dwija	SYGYRGYX	SDXYRGYS
29	Maahuri_Dwija	SRGRYXN	DXYGRS
29	Mand_Dwija	SGYXDS	SNDXYGRS
29	Mandasena_Dwija	SGRGYXDXNS	SNDYGRS
29	Manadhruva_Dwija	SGRGYDNS	SNXDXYGRS
29	Maravipramana_Dwija	SGRGYXS	SNDYGRS
29	Matta Gandhari_Dwija	SGYXNDS	SNDXGRS
29	Mayuran_Dwija	SRYXNS	SNDYGRS
29	Mayadharini_Dwija	SRGYXDNS	SNXYRGYRS
29	Mayadravila_Dwija	SRGYXDNS	SNXRGYRGRS
29	Megharagakurinji_Dwija	SRGYXDN	SNXYGRS
29	Mohana Dhwani_Dwija	SRGXDS	SNXDXGRS
29	Mowlika Dhruma_Dwija	SRYGYXNS	SNDYGRGS
29	Mukunda Priya_Dwija	SRGSYDNDS	SNDXYGRS
29	Naga Bhushani_Dwija	SRYXDNS	SDXYRS
29	Naga Dhwani_Dwija	SRSYGDYXND	SNDNXYGS
29	Naga Dhawali_Dwija	SRSYGYXN	SNDNXYGS
29	Naga Jayanthi_Dwija	SGRGYDNXS	SNXYGRS
29	Nandana_Dwija	SRYGYXDNDS	SNDNXYGRGS
29	Navroj_Dwija	XDNSRGYX	YGRSNDX
29	Narayani Desakshi_Dwija	SRYGRGYX	SNDXYGRSDS
29	Nalola_Dwija	SRGYXNS	SNXDXYGYRS
29	Neera Pratapa_Dwija	SGYXDS	SNXDYGRS
29	Niranjani_Dwija	SRGXDNS	SNDXGRS
29	Niravadya_Dwija	SRGYDNS	SNDYXYGYRS
29	Nirajamani_Dwija	SGYDYXNDS	SNDXYGRS
29	Parijatha_Dwija	SRGXDS	SNDYGYRS
29	Phala Manjari_Dwija	SGYDS	SNDYXYGRS
29	Pateera Dhwani_Dwija	SYGYXDNS	SNDYGYGRS
29	Pazham Panzaram_Dwija	SRGYXDNS	SNDXYGRS
29	Praharana Kalitha_Dwija	SRGXDNS	SNDXGRS
29	Pramudita Vadana_Dwija	SRGYXDS	SNXYRS
29	Prameya_Dwija	SRGXDS	SNSDYGRS
29	Pramodigathi_Dwija	SRGYXDNS	SNYRGRGS
29	Prasanthi_Dwija	SGYGRSXNDS	SDXRXYGRGR
29	Priyamvada_Dwija	SRGYXNDXS	SNXYGRS
29	Pulomika_Dwija	SRGXDS	SNDXGS
29	Punjavali_Dwija	SYGRYXNDNS	SNDYGRS
29	Purnachandrika_Dwija	SRGYXDXS	SNXDXYGYRS
29	Purno Daya_Dwija	SRYXDS	SNXYRGRS
29	Purna Gowla_Dwija	SRYGRYXDNS	SNDXYGRS
29	Purva Gowla_Dwija	SRYGRYXDN	DNS
29	Raga Mallika_Dwija	SRGYNDYX	SNDXYRYGS
29	Ranjana Gowri_Dwija	SDXNSRGYXN	DXYGRSNDXS
29	Ratna Bhushani_Dwija	SRGYXS	SXYGRS
29	Rithu Vilas_Dwija	SGYXDNS	SNDXYRS
29	Rukma Dwaja_Dwija	SRGYXDNS	SDXYGRS
29	Rukma Sandini_Dwija	SRGRYXDNS	SDXYGRS
29	Sadvika Rekha_Dwija	SRYXNS	SNDXYGRYGS
29	Salilapriya_Dwija	SGYXYDXNDS	SNDXYGRS
29	Sambu kriya_Dwija	SGRYXNS	SNXNYGRS
29	Sankara_Dwija	SGXNDSN	SNDYXGRGSRS
29	Sankari_Dwija	SGXNS	SNXGS
29	Sankarabaranam_Dwija	SRGYXDNS	SNDXYGRS
29	Sankara Mohana_Dwija	SRGXNDSN	SDXGRS
29	Sankari Mukhari_Dwija	SRGYRYXNDS	SNDXYRGYNS
29	Saradwini_Dwija	SRGYGXNDNS	SDNDXYGRS
29	Sarvarathi_Dwija	SRGYXDNS	SNXGRS
29	Saravibhashini_Dwija	SRYXYDNS	SNXYGRS
29	Saraswati Manohari_Dwija	SRGYDDNS	SNDXYGYRS
29	Saranga Mallaru_Dwija	SRYXDNS	SNDXYRSNS
29	Satkavitha_Dwija	SGYXNS	SNDXYGRYGRS
29	Shakari_Dwija	SGXNS	SNXGS
29	Shalirasa_Dwija	SYGRGYNDNS	SNDNXDYGY
29	Shanmatrika_Dwija	SRGYXDNS	SNDNXYRS
29	Sikandi Vrutha_Dwija	SRYXDS	SNDXDYRYGS
29	Sindhu Mandari_Dwija	SRGYXS	SNDXGYDXY
29	Simhonnatha_Dwija	SYGDXNDS	SNDXYGRS
29	Sittavali_Dwija	SRGYXDNS	SNXYRS
29	Sivagangai_Dwija	SYXDNS	SDXGRS
29	Siva Gandhari_Dwija	SGYXDNS	SNDXYGRS
29	Someswara Priya_Dwija	SGYDS	SNXYRS
29	Sri Kanada_Dwija	SRGYXYDNS	SNXDNXYGRS
29	Sri Kedaram_Dwija	SYGYXNS	SNXYGRGS
29	Sri Mahabalagiri_Dwija	SRYXDNS	SNDXYRSNS
29	Srivivardhini_Dwija	SRYXS	SNDXYGRS
29	Suddha Bilawal_Dwija	SRGYXDNS	SNDXYGRS
29	Suddha Nattai_Dwija	SGYXNS	SNXYGS
29	Suddha Saveri_Dwija	SRYXDS	SDXYRS
29	Sukla Karnataka_Dwija	SRGYXDNS	SDXYRXYGS
29	Sujana Priya_Dwija	SRGYXDNS	SDNXYGYR
29	Sunadhala_Dwija	SRYXNDNS	SNDXYRGS
29	Sura Nandhini_Dwija	SRGXDNS	SNDXGRS
29	Thandavam_Dwija	SGXDNS	SNDPGS
29	Tharavali_Dwija	SRYGSSGY	XDNS
29	Thivrika Vasantham_Dwija	SGRGYXDNS	SNDYGRS
29	Thomara Dharini_Dwija	SRYXDNS	SNDXYRS
29	Thulikal Vichitra_Dwija	SRGRYXDS	SNDXDYNDY
29	Vandhya Mukhi_Dwija	SRYXNS	SNDXYGYRS
29	Vana Vasundara_Dwija	SRGYNS	SNDXYGRS
29	Vasantha_Dwija	SRGYXDNS	SNDNXYGRS
29	Vasantha Goshi_Dwija	SRXDNS	SNDXNS
29	Vedanda Gamana_Dwija	SGYXNS	SNXYGS
29	Vedanjani_Dwija	SGYXYDNS	SNDXDYGRS
29	Veera Nayaki_Dwija	SRGYXDNS	SDXYGS
29	Vikasithananda_Dwija	SGYDNXDS	SNDXYGRGS
29	Vilasini_Dwija	SRGYXNS	SNXYGRS
29	Vishna Baranam_Dwija	SRGYXNS	SNDXYGRS
29	Vratha Baranam_Dwija	SRGYXNS	SNDXYGRGS
29	Yoga Sarabhi_Dwija	SGYDNS	SNDXYGS
65	Amrith Behag_Dwija	SXGYNDS	SNDXGS
65	Andhari_Dwija	SGXYDNS	SDYXGRS
65	Aprameya_Dwija	SRXYDS	SNDXGXRS
65	Bhadra Vibhasitha_Dwija	SGXYDNS	SDYXGRS
65	Bhoop_Dwija	SRGYDS	SDYGRS
65	Bhoo Ranjani_Dwija	SRGYDNS	SNDXGRS
65	Brindavana Saranga_Dwija	SRXYNS	SNYXRS
65	Chakkara Kuliya_Dwija	SRXYNS	SNDYXGRS
65	Chandra Kantham_Dwija	SRGXYDNS	SNDYXGRS
65	Chara Vibhasitha_Dwija	SGXYDNS	SDYXGRS
65	Chitta Dhyuthi_Dwija	SRXYDNS	SNDYXGRS
65	Chethulavali_Dwija	SRGRGXY	SNDNYXRGRS
65	Chankarantakam_Dwija	SGXYDS	SNDYXGRS
65	Damba Kousika_Dwija	SGXYNS	SNYXRGXGS
65	Desa_Dwija	SRGYXDN	SNDYXGXRGS
65	Desa Kalyani_Dwija	SRGXYDYNS	SDYXRS
65	Dhara Pallavam_Dwija	SRXGXYNS	SNDYXGXRGRS
65	Dheepika Vijayam_Dwija	SRGXDNS	SDYGRS
65	Dheerga Dharsini_Dwija	SRXYNDS	SNDYXGXS
65	Dhruthi_Dwija	SRGYXDN	YDYS
65	Dwimukha Priya_Dwija	SGRXYNS	SNDXGRS
65	Gana Nayaki_Dwija	SGXNDYDNS	SNDYXGRS
65	Hamir Kalyani_Dwija	SRGXYDNY	DYS
65	Hamveeru_Dwija	SRGXYDNS	SNDYXGRS
65	Hamsa Kalyani_Dwija	SRGYNS	SNDYXGRS
65	Hara Manohari_Dwija	SRGRXYNDN	YDNS
65	Hothrari_Dwija	SRGXYDNS	SNYXGXGRS
65	Huttari_Dwija	SRGXYDNS	SNXGRGXRGS
65	Jaya Chudamani_Dwija	SRGYDS	SNYXGS
65	Kanaka Kanti_Dwija	SGRGXYNDS	SNYXRGXRS
65	Kamalotharam_Dwija	SXYDNS	SNDYXS
65	Karalari_Dwija	SRGXDNS	SNDYGRS
65	Kargeswari_Dwija	SRYDNS	SNDXDXYGRS
65	Karnamanjari_Dwija	SRGXNS	SDNDYXRXGRS
65	Kodai Bhoopalam_Dwija	SGXYNS	SNDYXGRS
65	Koumoda_Dwija	SRGXNS	SNYXGS
65	Kshararnava_Dwija	SRGXYDS	SNDYXGS
65	Kuchamargini_Dwija	SGRGXND	YDNS
65	Kunthala Kusumavali_Dwija	SRGXYXYS	SNDNYXGS
65	Kunthala Srikanti_Dwija	SGXYDNS	SNYXGRS
65	Kuresha_Dwija	SRGXYNS	SNDYXRS
65	Kuvalaya Priya_Dwija	SRXYNS	SDYXGS
65	Madhava Kalyani_Dwija	SRGXYDS	SNDYXGRS
65	Magha Tarangini_Dwija	SRGXYDS	SNDYXRGRS
65	Maithra Pavini_Dwija	SRGXYDNS	SDYXGRS
65	Malava Sindhu_Dwija	SRGXYDNS	SNYXGS
65	Malayala Kurinji_Dwija	SGXYDS	SNYXGRS
65	Mamangala Desikam_Dwija	SRGYNS	SNDYXGRS
65	Mayarupini_Dwija	SRGYXDNS	SNYXGRS
65	Mecha Putri_Dwija	SGXYDNS	SNDXGS
65	Mohana Kalyani_Dwija	SRGYDS	SNDYXGRS
65	Nagavasini_Dwija	SRGXYS	SNDYXGRS
65	Nigraha Mani_Dwija	SRGXYNDNS	SNDYXDXGRS
65	Nirmalan_Dwija	SXYDNS	SNDYXS
65	Nirja Ravana_Dwija	SGXGYDNS	SNDNDYXG
65	Nirvani_Dwija	SRXYDNS	SNDXGRS
65	Nishadi_Dwija	SRXYDNS	SNDYXRS
65	Paingala_Dwija	SRGXYNDNS	SDXGRS
65	Pramodhini_Dwija	SGXYDS	SDYXGS
65	Rama Sadani_Dwija	SRXYDNS	SNDYXRS
65	Rasika Kalyan_Dwija	SGXYDNS	SNDYXGRS
65	Sara Vibhasitham_Dwija	SGXYDNS	SDYXGRS
65	Sakatahastini_Dwija	SXGXYND	XYDNS
65	Sambrandaka_Dwija	SGXYDS	SNDYXGRS
65	Sandanavali_Dwija	SRGXNDNS	SNYXGRS
65	Santha Kalyani_Dwija	SRGXYDNS	SNDYXGRS
65	Sarasa Kalyani_Dwija	SRGXYDNS	SDYXGRS
65	Sasi Dharidri_Dwija	SRGXYDNS	SDYGRS
65	Saranga Tharangini_Dwija	SRXYDNS	SNDYXRS
65	Samara Ranjani_Dwija	SGXYNS	SNYXGS
65	Sarada Mathi_Dwija	SRXYDNS	SNYXGRS
65	Sarangada Ranjani_Dwija	SRXYDNS	SNDYXRS
65	Seelangi_Dwija	SGXYNS	SNYXGS
65	Sudha Kalyani_Dwija	SRGYDNS	SNDYGRS
65	Suddha Kalyan_Dwija	SRGYDS	SNDYXGRS
65	Suddha Kosala_Dwija	SGXYS	SNDXGRS
65	Suddha Ratnabhanu_Dwija	SRGXYS	SNDYXGS
65	Sundaravana_Dwija	SRGXYNS	SNDYXRS
65	Suprasvini_Dwija	SRGXYDNS	SNDNYDXGRGSR
65	Sura Vikrama_Dwija	SRGXYXDNS	SNDXGS
65	Swayambhuswararaga_Dwija	SGYS	SYGS
65	Syama Kalyan_Dwija	SRGXYNS	SNYDYXGRS
65	Tharapallaava_Dwija	SRXGXYNS	SNDYXGXRGRSR
65	Vandhana Dharini_Dwija	SRXYDS	SDYXRS
65	Vidamba_Dwija	SXYDNS	SNDYXGXRS
65	Villagakoli_Dwija	SRGYDNS	SNDYXGRS
65	Vrishamani_Dwija	SRXYDS	SDYXRXGS
65	Yaga Jyothi_Dwija	SRXYNDS	SDYXGRS
65	Yamuna Kalyani_Dwija	SRGYXYDS	SDYXYGRS
30	Gambiravani_Dwija	SGXYXDNS	SDXYGRGRS
30	Gayaka Lapini_Dwija	SRGYXDS	SDXYGRS
30	Hamsa Gandarvam_Dwija	SRGYXS	SNDNXYRS
30	Jaganmatha_Dwija	SGXDNS	SNDXGS
30	Kolapani_Dwija	SRGYDXNS	SDYGRS
30	Lalitha Gandharvam_Dwija	SRGYXDNS	SNXGRS
30	Naga Bhashini_Dwija	SGRGYDNS	SNXYGRS
30	Naga Bharanarn_Dwija	SGRGYXDNS	SGRGYDNS
30	Naga Sisuritha_Dwija	SRYXDS	SNDNXYDYR
30	Nandavasutha_Dwija	SYGYXDNS	SYGYXDNS
30	Pratapa Kokilam_Dwija	SXYXDNS	SNXYGS
30	Samantham_Dwija	SGYXDNS	SNDNXYGRS
30	Simhela Saveri_Dwija	SYGYXDNS	SNDNXYGS
30	Soma Bhoopalam_Dwija	SRYXYDS	SDNXYGRS
30	Sri Lochana Priya_Dwija	SRGXDNS	SNDXGRS
30	Suka Latha_Dwija	SGYNXDS	SNDXYGRS
30	Trilochana Priya_Dwija	SRGXDNS	SNDXGRS
30	Vahini_Dwija	SRGXDS	SDXGRS
30	Vilas Vathi_Dwija	SRYXDS	SDXYRS
66	Chittha Ranjillini_Dwija	SRGXYDS	SNYXRGXRS
66	Churnika Vinodhini_Dwija	SRGXYDNS	SNDNYXGRS
66	Deva Keervani_Dwija	SGRXYS	SYXGRS
66	Dwirata Kamini_Dwija	SRXYDNS	SNDYXRS
66	Dwikirani_Dwija	SRGXYXDNS	SDYXGRS
66	Esa Priya_Dwija	SRGXYDS	SDYXGRS
66	Jagan Mohana_Dwija	SGXYNS	SNYXGRS
66	Kanaka Bhavani_Dwija	SXGXYDNS	SNYXRS
66	Kanaka Giri_Dwija	SRGXYSNS	SNDNYXGS
66	Kanaka Ranjani_Dwija	SGXYS	SDNYXGRS
66	Gagana Ranjani_Dwija	SGXYS	SDNYXGRS
66	Gagana Bhavani_Dwija	SXGXYDNS	SNYXRS
66	Mucha Sudhani_Dwija	SXYNDNS	SNYXGRS
66	Mukuratha Kapola_Dwija	SGXYDNS	SNDYXGS
66	Naga Kunthali_Dwija	SRGXYNS	SNYDNYXGRS
66	Saikatha Srona_Dwija	SRXYDS	SDYXRS
66	Sama Kriya_Dwija	SRGXGYDS	SNDYXGRS
66	Sarathi_Dwija	SRGRXYDS	SNYDYXGRS
66	Sarva Manavathi_Dwija	SXGXYNDN	SNDNYGX
66	Sri Nandana_Dwija	SRGXYDNS	SNDYXDXGRS
66	Suddha Nirmada_Dwija	SRGXYDNYS	SNYXGS
66	Swabhu_Dwija	SRXGYDNS	SNYXYXGRS
66	Trivikrini_Dwija	SRGXYXDNS	SDYXGRS
31	Damaruga Priya_Dwija	SRGXDNS	SNDXGRS
31	Desa Ranjani_Dwija	SRYXDNS	SNDXYRS
31	Gandharva Kannada_Dwija	SRGXDS	SNDXYGYRS
31	Hindola Kannada_Dwija	SGYDNS	SNXDYGS
31	Kalahamsa_Dwija	SRYXDNDS	SNDXYRS
31	Kallola Bangala_Dwija	SRYXNDS	SNXDYGRS
31	Kanchani_Dwija	SRGYXNS	SNXYGRS
31	Kanyavidhana_Dwija	SGYXDNS	SDXYGRGRS
31	Kokila Gandaruva_Dwija	SGYDS	SDXYGRGS
31	Naga Gandharvam_Dwija	SRYXDNS	SDNXYRS
31	Panava Narasa_Dwija	SGYDNXDXS	SNDXYGRS
31	Pratapa Hamsa_Dwija	SGYXNDNS	SNDXYGYRS
31	Pratapa Gamana_Dwija	SGYXNDNS	SNDXYGRS
31	Sahavasini_Dwija	SRGXNS	SNXGRS
31	Sikirini_Dwija	SRYXNS	SNXYRS
31	Soma Kriya_Dwija	SXYRGYDNS	SDXYGYRS
31	Sukha Dayini_Dwija	SRXDNS	SNDXRS
31	Vimanasathi_Dwija	SRGYXDNXS	SXYGRS
31	Vinaya Mrughi_Dwija	SRYXDNS	SNDYGRS
31	Yauvani_Dwija	SRGYXNDNS	SDXYRYGS
31	Yoga Gandhari_Dwija	SRGYDNS	SNDXYDYGRS
67	Asritha Ranjani_Dwija	SRGXYNS	SNDYXGRS
67	Bhanu Jyotishmati_Dwija	SRGXYDNDS	SNDYXGXRS
67	Gopika Manoranjani_Dwija	SRGXYNS	SNYXGRS
67	Kanaka Keervani_Dwija	SRXYXDNS	SDYXRS
67	Kanaka Nirmada_Dwija	SRGXYXDS	SNDYXGRS
67	Keerthi Bhanu_Dwija	SRGXYDYS	SNDYXGRS
67	Kethanavali_Dwija	SRGXNYDS	SNDXYXGS
67	Kumudini_Dwija	SRGXYDS	SDYXGRS
67	Kuntala Bhavani_Dwija	SRGXYXYS	SNDNYXRS
67	Parva Paavathi_Dwija	SRXYDNDS	SNDYXGRS
67	Pingavathi_Dwija	SGXGYDNS	SNDYXGRS
67	Rama Kunthali_Dwija	SRGXYDN	DYXGRSNS
67	Rangavambari_Dwija	SRXYNS	SNYXRS
67	Samrakshini_Dwija	SRGXYDNS	SNDYXGRGS
67	Santana Manjari_Dwija	SRGXYDS	SNDYXRS
67	Satyavati_Dwija	SRXYDNDS	SNDYXGXRS
67	Sena Jayanthi_Dwija	SRGXYDNS	SDYXGR
67	Suddha Kaivasi_Dwija	SRGXYDNS	SNDNYXGRGS
67	Suddha Simharavam_Dwija	SRXGXYDNS	SDNDYXRS
67	Syamala Varni_Dwija	SRGXYS	SYXGRS
32	Chitra Vaditha_Dwija	SGRGYDY	SDXYRGRS
32	Chudamani_Dwija	SRGYXS	SNDYRGS
32	Daumya_Dwija	SRGYXDNXS	SNDXYGRS
32	Ghoshkari_Dwija	SRGYXDS	SDXYGRS
32	Hamsa Nisari_Dwija	SRYXDS	SNDXYGRS
32	Hatikangi_Dwija	SRGXDNS	SNXGRS
32	Hindola Durbar_Dwija	SGYXS	SNDXYRS
32	Hindola Saranga_Dwija	SRGYXSNS	SNDXNDY
32	Jingla Bairavi_Dwija	SGYXYDS	SNDXYGYRS
32	Kadyutha Ganthi_Dwija	SRGYXNS	SNXYGRS
32	Kusuma Chandrika_Dwija	SRYGYXDNS	SDXYRS
32	Madana Bhuthi_Dwija	SYGRXDNS	SNDXYGRS
32	Mayura Mauli_Dwija	SRGYXDNS	SNXYRS
32	Mohana Chandrika_Dwija	SGRGYXDNS	SNDYGRS
32	Patolika_Dwija	SRYXDNS	SNDXYRS
32	Praguni_Dwija	SRGYXYNDNS	SDXGRS
32	Prathi Bimba_Dwija	SRYDXNDS	SDXGRS
32	Raga Vasantha_Dwija	SRYXNDS	SNDYXYGRS
32	Ramya_Dwija	SGRGYXDNXS	SNXYGRS
32	Rinkari_Dwija	SRYGYXNS	SNXYRS
32	Samantha Jingla_Dwija	SRGYXDNS	SNXDNXY
32	Thamomani_Dwija	SRGXDNS	SNDXGRS
32	Varini_Dwija	SRXDNS	SNDXRS
32	Vipula_Dwija	SRGXDS	SDXGRS
32	Vishnu Priya_Dwija	SGYXDNS	SNDXYRS
68	Bhadra Vahini_Dwija	SRXYDNS	SYXGRS
68	Buddha Vahini_Dwija	SRXYDNS	SYXGRS
68	Bhuvana Kuntala_Dwija	SRGXYDS	SDYXGS
68	Hindola Desakshi_Dwija	SNSRGXYD	NDYXGRS
68	[alaja Mukhi_Dwija	SRGXYDS	SNDNYXRGS
68	[auda Gandhari_Dwija	SRGXYDS	SNDYXGRS
68	Gaula Gandhari_Dwija	SRGXYDS	SNDYXGRS
68	[yotish Mathi_Dwija	SRGXYS	SNDXYXGRS
68	[yothi Raga_Dwija	SRGXYDNS	SNDYXGS
68	Kancha Bava Priya_Dwija	SRGXYNS	SNYXGRS
68	Kunthala Sriranjini_Dwija	SRXYNDNS	SNDYXGRS
68	Kunthala Keervani_Dwija	SRGXYDNS	SDXYXGRS
68	Kusuma Bhavani_Dwija	SRXYDS	SNDXYXRS
68	Ketha Kangkusha_Dwija	SRXYXDNS	SDXGRS
68	Ramagiri_Dwija	SRXGXYDNS	SDNDYXGRS
68	Seetala Keervani_Dwija	SRGXYDNS	SDNDYXGRS
68	Thomrapani_Dwija	SRXYDNS	SNDYXRS
68	Vanajarini_Dwija	SRGYDNDS	SNYXGRS
68	Veera Rani_Dwija	SRGXYDNS	SNDYXRGRS
33	Ananda Leela_Dwija	SRGYXNS	SNDXYGRS
33	Badrakara_Dwija	SRGRYXDNS	SNDNXYRGS
33	Bhupala Ranjani_Dwija	SRYXDNS	SNDXYRS
33	Dautapanchamam_Dwija	SRGYXNXS	SNDXYRGYRS
33	Devamani_Dwija	SRGXDNS	SNDXGRS
33	Gambirya Nattai_Dwija	SGYXNS	SNXYRS
33	Ganga Tarangini_Dwija	SRGYXDNS	SNXDYGYRS
33	Ganavathi_Dwija	SRGYXNS	SNDXYGS
33	Geetha Murthi_Dwija	SRGYXDNS	SNDXYGS
33	Hala Mukhi_Dwija	SRYXDNS	SNDYGRS
33	Hindola Malavi_Dwija	SYXDNDS	SNDXYRS
33	Hindola Saveri_Dwija	SGYXYDNS	SNXDYRS
33	Kannada Durbar_Dwija	SRGYXDXS	SNDXYRS
33	Needhi Murthi_Dwija	SRGYXDNS	SNDXYGS
33	Paksuka Mana_Dwija	SYGRGY	SNDXYGRS
33	Saila Desakshi_Dwija	SRGYXYDNS	SNXYGYRS
33	Subha Kari_Dwija	SRYXDS	SDXYRS
33	Suddha Jingla_Dwija	SGXYDNS	SNXYGS
33	Vadhithya-_Dwija	SRXDNS	SNDXRS
33	Vidhana Sanki_Dwija	SRGYXDNS	SDXYXGRS
69	Brindavana Kannada_Dwija	SGXYDS	SDYXGRS
69	Chandana Ganthi_Dwija	SRGXYNS	SNYXGRS
69	Dhanta Panchamam_Dwija	SRGXYDNS	SNDYXRGS
69	Dhanu Priya_Dwija	SRGXNS	SNYDXGRS
69	Dhatu Panchamam_Dwija	SRGXYNYS	SNDYXRGXRS
69	Dheera Saveri_Dwija	SRGXYDNS	SDYXGRS
69	Dheva Rashtra_Dwija	SRGXYNS	SNDYXGRS
69	Dwitheeya Panchamam_Dwija	SRGXYNYS	SRGXYNYS
69	Gagana Kusumavali_Dwija	SRGXYXYS	SNDNYXRS
69	Himavilasini_Dwija	SRXYDS	SDYXRS
69	Kala Bhogi_Dwija	SRGXYDYS	SDXYXGRS
69	Kuntala Simharam_Dwija	SRXYXDNS	SDYXGRS
69	Kusuma Jyotishmati_Dwija	SRXYXDNS	SRXGXYDNS
69	Lalitha Kosala_Dwija	SRGXYDNDS	SNDYXGXRS
69	Nalina Kusumavali_Dwija	SRGXYS	SNDNYXRS
69	Padma Bhavani_Dwija	SRGXYXYS	SRGXYXDS
69	Saindava Kriya_Dwija	SRGXYDNS	SNYXRS
69	Sambhu Dhyuthi_Dwija	SGXDNS	SNDYXGRS
34	Bhanu Deeparam_Dwija	SYRGYXS	SDXYGYRS
34	Bhanu Manjari_Dwija	SRGYXNS	SNXYRGRS
34	Chaya Nattai_Dwija	SRGYXYXS	SNDNXYRS
34	Dhrutha Rupa_Dwija	SRGYXDS	SXYGYRGS
34	Ganga_Dwija	SRGYXDNS	SNXYGRS
34	Ganavarithi_Dwija	SYRGYXDNS	SDNXYRS
34	Ghosha Vinodhini_Dwija	SRGYXDS	SDXYGRS
34	Kusuma Bramari_Dwija	SRGYXYDNS	SNDXYRS
34	Magathi_Dwija	SRYXDNS	SNDXYRS
34	Mecha Gandhari_Dwija	SRGYXDNS	SNDNXYGYRS
34	Mecha Nilambari_Dwija	SGYXDNS	SNXYRS
34	Mohanangi_Dwija	SRGXDS	SDXGXDXGRS
34	Murthika Darpanam_Dwija	SRGDYSDNDS	SNDXYGRS
34	Nalina Mukhi_Dwija	SYGYXDNDS	SNDXYGYRS
34	Nalina Sukhi_Dwija	SYGYXDNDS	SNDXYGYRS
34	Neelakanta Priya_Dwija	SRGXDNS	SNDXGRS
34	Prithivya Padmaka_Dwija	SRYXDNS	SNDXYGRS
34	Sapthaswarakirani_Dwija	SRXDNS	SNDXRS
34	Sarada Baranam_Dwija	SYGYXYDNS	SNDYXYRS
34	Sarasiruha Priya_Dwija	SRYXDS	SNXYRS
34	Sruthi Natta_Dwija	SRYXDNS	SNDXYRS
34	Suddha Gantanam_Dwija	SGYXDS	SNDXYRS
34	Suddha Gottamani_Dwija	SGYXDS	SNDXYRS
34	Suddha Kampitham_Dwija	SGYXDS	SNDXYRS
34	Suddha Panchalika_Dwija	SGYXDNDS	SNDXYGS
34	Vagvimathi_Dwija	SRGYXDS	SNDXYGRS
34	Vani Panchamam_Dwija	SRGYRYXDNS	SNDYGXYRS
34	Vihangika_Dwija	SRYXNS	SNXYRS
34	Vikavati_Dwija	SRGXDS	SDXGRS
34	Vruddha Sumuki_Dwija	SRYGYXDNS	SDNXYGRS
70	Hamsa Kosali_Dwija	SRGXYDNS	SRGXYDNS
70	Kala Vahula_Dwija	SRGXNDNS	SNYXGRS
70	Kamalapani_Dwija	SRGXYDS	SDYXGRS
70	Kannada Bhomani_Dwija	SRGXYDNS	SNDXGRXGS
70	Kunthala Gantana_Dwija	SRGXYXYS	SNYXRS
70	Karna Bhushani_Dwija	SRGXYXS	SRGXDNS
70	Nasamani_Dwija	SGRGXYNDS	SGRGXYNDS
70	Neethi Kunthali_Dwija	SRGXYDNS	SXGXYDNS
70	Nigama Sanchari_Dwija	SGXYDNS	SNDNYXRS
70	Pakasana Priya_Dwija	SRXYDNS	SNDYXRS
70	Pancha Rupi_Dwija	SRXYDS	SNDYXGRS
70	Ranga Rohini_Dwija	SRXYNS	SNYXRS
70	Reva Nattai_Dwija	SRXYNDS	SDYGRXGS
70	Shadwadwani_Dwija	SRXYDS	SDYXRS
70	Veera Megham_Dwija	SRGXYDNDNS	SDYGRXGS
35	Bala Sadasa_Dwija	SNSGYXDXNS	SDXYGRS
35	Bhushana Dharini_Dwija	SRYXDNS	SNDXYRS
35	Chalani_Dwija	SRGYXDNDS	SNDYGRS
35	Ganavaridhi_Dwija	SYRGYXDNS	SDNXYRS
35	Hamsa Gantana_Dwija	SRGYXDNS	SNXYGYRS
35	Hamsa Gotmana_Dwija	SRGYXDNS	SNXYGYRS
35	Hara Nandana_Dwija	SRGRYXNDNS	SNDNYGRGS
35	Hara Vardana_Dwija	SRGRYXNDNS	SNDNYGRGS
35	Malini Makarandam_Dwija	SRYXNS	SNXYRS
35	Mecha Narayani_Dwija	SRGYXDS	SDNXYRS
35	Naga Varidhi_Dwija	SRGXDS	SNDXYGYRS
35	Nalina Hamsi_Dwija	SRGYXDNS	SNDXYRS
35	Nalina Panchamam_Dwija	SRGYXDNS	SNDYGRS
35	Sarojini_Dwija	SRXDNS	SNDXRS
35	Sekari_Dwija	SRGYXDNS	SDNXYRGS
35	Seshanada_Dwija	SRGYXDS	SNDYGRS
35	Sramahara_Dwija	SRGYXDNS	SDYXDXGRS
35	Soka Varali_Dwija	SGYN	DXYGRS
35	Sri Ganavaridhi_Dwija	SYRGYXDNS	SDNXYGRS
35	Sula Rekha_Dwija	SRGYDNS	SNDXYRGS
35	Trisuli_Dwija	SGYXNS	SNDXYRS
71	Gowri Nishada_Dwija	SGXYNDS	SNDNYXGS
71	[aya Sukha_Dwija	SRGXYDNS	SDYXGXRS
71	Kosala_Dwija	SRXYDS	SNDYXGRS
71	Kousthuba Priya_Dwija	SRGXYDNS	SDYXGXRS
71	Kusumakara_Dwija	SRGXYDNS	SNDYXRGS
71	Mahalikam_Dwija	SRGXYDNS	SNDYXRS
71	Nagagiri_Dwija	SRGXYDYS	SDYXGS
71	Pala Nandhini_Dwija	SXGXYDNS	SNDYXGRS
71	Pahlika_Dwija	SRGXYDNS	SNDXRGXRS
71	Preethi Varuni_Dwija	SRGRXYDNDS	SNDXYXGRS
71	Rama Varali_Dwija	SRXYNDS	SNDXGRS
71	Sathya Bhushani_Dwija	SGXYDNS	SNDYXGS
71	Varadhari_Dwija	SRGXYDYNS	SNYXRGRS
36	Ashta Murthi_Dwija	SGRYXNDS	SNDYNYGRS
36	Bhaskara Priva_Dwija	SRYXDNS	SNDXYRS
36	Gana Ranjani_Dwija	SGYXNS	SRGYXDNS
36	Godharshini_Dwija	SRGYXDS	XYRS
36	Hindola Mohanam_Dwija	SRYXDS	SNXYRS
36	Kokila Nata_Dwija	SRGYXDNS	SNXYGRS
36	Leechi Salaka_Dwija	SRYGYDNXS	SNDXYGRS
36	Lolakshi_Dwija	SRGXDS	SDXGRS
36	Mangaladwani_Dwija	SRGYXNDNS	SNDXYGRS
36	Maruva Simantha_Dwija	SYGYXDXS	SNDXYGRS
36	Nattai_Dwija	SYGYXDNS	SYGYXDNS
36	Nattapadai_Dwija	SRGYXDNS	SNXYRS
36	Nepali_Dwija	SRGXDNS	SNDXGRS
36	Purna Nattai_Dwija	SRGYXDN	SNDXYGRS
36	Sairandhiri_Dwija	SRXDNS	SNDXRS
36	Sayujya Dharini_Dwija	SGYXDS	SDXYGS
36	Srimangala_Dwija	SRGYXDNS	SNDNXYGRS
36	Sri Manjula_Dwija	SRGYXDNS	SNDYGRS
36	Suddha Madhyamam_Dwija	SRGYXDNS	SNDXYGRS
36	Suru Ranjani_Dwija	SGYXNS	SRGXNS
36	Varna Karina_Dwija	SRYXNS	SNXYRS
36	Bhogavarali_Dwija	SRGYXNDNS	SNXDYGRS
72	Anjanaadri_Dwija	SGXYDNS	SNYXGRS
72	Amaravathi_Dwija	RGYNSRGX	SYGSNDYXG
72	Amritha Swarupini_Dwija	SRGXYDS	SDYXGRS
72	Balachandra_Dwija	SGXYS	SNDYXGRS
72	Giri Kunthali_Dwija	SRGXYXGXYS	SNDNYXGS
72	Geervana Pada_Dwija	SRGXYDS	SNDYXGRS
72	Hamsa Giri_Dwija	SRGXYDNS	SNYDNYXGS
72	Innisai Diwakaran_Dwija	SRGYNS	SNYXGRS
72	Kanaka Jyotishmati_Dwija	SXYDNS	SNDYXS
72	Mangala Chandrika_Dwija	SRGXYDNS	SNDYXDXGRS
72	Mara Tharangini_Dwija	SGXDNYNS	SYXGRS
72	Neethi Mallaru_Dwija	SRGXYS	SNYDNYXGS
72	Rasamanjari_Dwija	SRGXYDNS	SNYXRS
72	Sobhambika_Dwija	SRXYNS	SNDYXRGS
72	Sivamanohari_Dwija	SRXYNS	SDYXRXGS
72	Sudarangini_Dwija	SRGYDS	SNDYXYGRS
72	Sputalapini_Dwija	SGXYDS	SDYXGS
72	Varitha Ranjani_Dwija	SRXYNS	SNYXRS
72	Yazhisai Arasu_Dwija	SGXYNS	SNYXGRS
